family	n_members	top_domain	n_with_domain	pct_of_members	second_domain	n_second
UHM572.40998__k141_8222_1	3	adh_short	1	33.33	IMS	1
UHM632.41027__k141_11584_1	3	Fumerase	1	33.33	CxxCxxCC	1
UHM648.41909__k141_115115_4	3	Methyltransf_11	2	66.67	AAA	1
UHM598.41016__k141_38996_5	3	none	0	0.00		0
UHM125.35769__k141_18854_3	3	Acetyltransf_10	1	33.33		0
UHM41.35756__k141_55903_7	4	MFS_1	3	75.00	Kdo	2
UHM45.35758__k141_198627_5	5	none	0	0.00		0
UHM72.35764__k141_170227_2	3	DoxX	3	100.00	cNMP_binding	2
UHM644.41031__k141_192708_4	5	Cytochrome_CBB3	1	20.00	GSDH	1
UHM626.41025__k141_91022_1	3	none	0	0.00		0
UHM582.41006__k141_75400_7	4	DUF4880	3	75.00		0
UHM56.35761__k141_33660_2	8	none	0	0.00		0
UHM626.41025__k141_208532_1	5	none	0	0.00		0
UHM616.41022__k141_36055_1	4	none	0	0.00		0
UHM636.41030__k141_204840_33	3	BAAT_C	1	33.33	DUF3606	1
UHM632.41027__k141_26528_2	4	DnaB	4	100.00	HTH_7	1
UHM633.41028__k141_86680_2	4	AAA_18	1	25.00	AAA_33	1
UHM125.35770__k141_242298_3	4	FlgM	4	100.00	SLT	3
UHM591.41013__k141_174008_2	4	HATPase_c	3	75.00	4HB_MCP_1	2
UHM18.10827__k141_36022_2	3	AAA_26	3	100.00		0
UHM644.41031__k141_286938_1	4	DUF72	1	25.00	MCPsignal	1
UHM564.40995__k141_47859_2	3	DDE_Tnp_IS66	1	33.33	DDE_Tnp_1	1
UHM624.41024__k141_363282_2	6	none	0	0.00		0
UHM31.35749__k141_195426_1	3	none	0	0.00		0
UHM633.41028__k141_465585_14	5	none	0	0.00		0
UHM636.41030__k141_128404_1	9	none	0	0.00		0
UHM17.10826__k141_216438_23	3	Esterase	3	100.00		0
UHM624.41024__k141_321118_107	3	MFS_1	3	100.00	CBM9_1	3
UHM20.35743__k141_16971_2	4	DUF3368	2	50.00	DUF3648	1
UHM666.41034__k141_222804_45	4	none	0	0.00		0
UHM102.35767__k141_38623_3	3	Radical_SAM	1	33.33		0
UHM633.41028__k141_521648_10	3	none	0	0.00		0
UHM648.41909__k141_305373_8	5	Diphthami_syn_2_C	2	40.00	DUF1697	2
UHM649.41032__k141_317988_4	3	GatB_N	1	33.33		0
UHM596.41015__k141_4653_1	4	none	0	0.00		0
UHM648.41909__k141_73004_1	3	none	0	0.00		0
UHM591.41013__k141_86411_1	4	none	0	0.00		0
UHM633.41028__k141_381489_2	3	Lectin_C	1	33.33		0
UHM598.41016__k141_217113_5	3	none	0	0.00		0
UHM636.41030__k141_286338_8	3	DUF1283	1	33.33		0
UHM633.41028__k141_334755_1	4	none	0	0.00		0
UHM20.35743__k141_83430_267	7	6PGD	5	71.43	DUF2242	5
UHM554.40991__k141_206370_13	7	HTH_19	7	100.00	Pirin	6
UHM125.35770__k141_322976_1	8	PRE_C2HC	1	12.50		0
UHM40.10834__k141_106038_1	3	none	0	0.00		0
UHM564.40995__k141_37146_103	4	ArsB	2	50.00	Flg_new	1
UHM145.35772__k141_131260_2	3	SusD-like_3	2	66.67	SusD_RagB	1
UHM145.35773__k141_98709_12	3	RdgC	3	100.00		0
UHM617.41023__k141_84339_1	7	none	0	0.00		0
UHM31.35748__k141_23483_4	7	DciA	4	57.14	FKBP_C	3
UHM56.35760__k141_67031_1	12	none	0	0.00		0
UHM626.41025__k141_322135_1	4	RT_RNaseH	1	25.00		0
UHM572.40998__k141_78703_41	3	Phage_tube_2	1	33.33		0
UHM72.35762__k141_116008_30	3	DnaJ	3	100.00	OsmC	3
UHM22.35745__k141_112315_39	4	Autoind_bind	3	75.00	p450	1
UHM145.35773__k141_206937_1	3	none	0	0.00		0
UHM562.40993__k141_175918_1	4	FlbT	1	25.00		0
UHM596.41015__k141_174003_1	14	Trypsin	1	7.14	Peptidase_M13_N	1
UHM45.35758__k141_50861_36	6	AP_endonuc_2	4	66.67	HTH_26	4
UHM18.35742__k141_134093_1	3	none	0	0.00		0
UHM145.35772__k141_17841_46	6	Arabinose_bd	4	66.67	SnoaL_2	3
UHM40.35754__k141_89076_3	3	HGLS	2	66.67	HAD_2	2
UHM617.41023__k141_57542_2	4	Response_reg	2	50.00	Glyco_hydro_108	1
UHM632.41027__k141_119230_1	3	none	0	0.00		0
UHM572.40998__k141_126941_1	5	DUF8775	1	20.00		0
UHM626.41025__k141_173073_59	3	LON_substr_bdg	1	33.33		0
UHM31.35749__k141_180910_281	4	DUF6531	4	100.00	Aldo_ket_red	1
UHM17.35740__k141_104461_1	4	DUF4780	1	25.00		0
UHM572.40998__k141_44417_2	4	Rcc01698_C	1	25.00	GTA_TIM	1
UHM31.35749__k141_54152_32	3	Nmad5	1	33.33	MethyltransfD12	1
UHM590.41012__k141_168781_1	3	none	0	0.00		0
UHM644.41031__k141_287175_2	3	Sigma70_ECF	2	66.67	EndIII_4Fe-2S	1
UHM22.35745__k141_118302_2	4	Ppnp	1	25.00		0
UHM649.41032__k141_251479_2	7	Aminotran_3	3	42.86	PMT_2	2
UHM636.41030__k141_92115_1	11	none	0	0.00		0
UHM633.41028__k141_362895_1	4	PTEN_C2	1	25.00		0
UHM573.40999__k141_97688_42	3	AAA	3	100.00		0
UHM598.41016__k141_44564_2	4	Sigma70_r1_2	2	50.00	Phenol_MetA_deg	2
UHM577.41002__k141_28429_97	6	GreA_GreB	2	33.33	NAD_synthase	1
UHM648.41909__k141_61529_3	3	Acetyltransf_CG	1	33.33	HTH_1	1
UHM31.35749__k141_185861_4	3	none	0	0.00		0
UHM125.35770__k141_164640_2	3	HTH_1	3	100.00		0
UHM583.41007__k141_72287_5	3	CobT	3	100.00	Abhydrolase_1	3
UHM648.41909__k141_323639_1	3	none	0	0.00		0
UHM610.41019__k141_148247_6	3	AA_permease_2	1	33.33	adh_short	1
UHM594.41014__k141_73285_1	3	none	0	0.00		0
UHM636.41030__k141_112580_14	3	none	0	0.00		0
UHM649.41032__k141_21831_13	3	Flagellin_N	3	100.00		0
UHM18.35742__k141_27025_26	3	SSB	1	33.33		0
UHM45.35758__k141_47464_23	4	LGT	4	100.00	Radical_SAM	4
UHM40.35754__k141_34944_2	5	AsnC_trans_reg	3	60.00	PdxA	2
UHM649.41032__k141_273794_3	3	PK	2	66.67	HATPase_c	1
UHM633.41028__k141_126020_3	3	none	0	0.00		0
UHM22.35745__k141_97347_7	5	Deam_C	1	20.00	Abhydrolase_3	1
UHM633.41028__k141_441477_3	3	none	0	0.00		0
UHM125.35769__k141_113555_5	3	CMAS	2	66.67		0
UHM632.41027__k141_209414_1	4	RVT_1	1	25.00		0
UHM38.35752__k141_205012_2	3	none	0	0.00		0
UHM633.41028__k141_149388_1	4	Flavodoxin_1	1	25.00		0
UHM610.41019__k141_146256_6	6	DAO	4	66.67	Lumazine_bd_2	4
UHM636.41030__k141_164080_2	5	Phage_lysozyme	5	100.00	Laminin_G_3	1
UHM38.35753__k141_61788_19	4	Lumazine_bd_2	4	100.00	DUF3024	1
UHM616.41022__k141_48638_2	3	none	0	0.00		0
UHM31.35749__k141_194741_1	3	none	0	0.00		0
UHM577.41002__k141_170443_2	4	zf-ANAPC11	3	75.00	Integrase_H2C2	1
UHM648.41909__k141_419510_5	4	MannoseP_isomer	4	100.00	Response_reg	2
UHM72.35762__k141_25617_7	5	Phage_lysozyme	2	40.00	Arm	1
UHM656.41033__k141_168158_107	7	ABC_membrane	6	85.71	2-Hacid_dh	6
UHM41.35757__k141_111227_16	4	TetR_N	2	50.00	ParB_N	1
UHM633.41028__k141_479236_5	4	DinB_2	1	25.00	Abhydrolase_1	1
UHM590.41012__k141_209007_1	3	none	0	0.00		0
UHM36.10832__k141_123252_2	5	none	0	0.00		0
UHM22.35745__k141_64385_1	3	none	0	0.00		0
UHM587.41011__k141_190106_2	3	none	0	0.00		0
UHM573.40999__k141_61225_108	4	Trns_repr_metal	3	75.00	DUF8730	3
UHM145.35771__k141_5679_2	4	Methyltransf_31	2	50.00		0
UHM38.10833__k141_63177_44	3	none	0	0.00		0
UHM598.41016__k141_217973_71	4	DnaT_2	1	25.00	Gp13-like	1
UHM56.35761__k141_8772_5	4	none	0	0.00		0
UHM72.35762__k141_78879_2	6	PNTB	3	50.00	PNTB_4TM	1
UHM31.35749__k141_101719_29	3	Exonuc_VII_L	1	33.33	HATPase_c	1
UHM628.41026__k141_270686_51	6	CHB_HEX_C_1	2	33.33	PEP_exosort_dom	2
UHM18.35742__k141_142210_120	5	Endolysin	5	100.00		0
UHM666.41034__k141_329342_14	3	none	0	0.00		0
UHM38.35752__k141_143131_2	3	DUF222	3	100.00	adh_short	1
UHM591.41013__k141_222692_1	4	none	0	0.00		0
UHM617.41023__k141_40981_2	4	HTH_26	4	100.00	HAMP	3
UHM563.40994__k141_41212_12	4	SBP_bac_5	1	25.00	DUF930	1
UHM584.41008__k141_155921_1	3	none	0	0.00		0
UHM598.41016__k141_162459_3	3	DUF1804	1	33.33		0
UHM633.41028__k141_494551_2	3	none	0	0.00		0
UHM581.41005__k141_133438_2	3	PhyR_sigma2	3	100.00	UDG	1
UHM565.40996__k141_159627_12	3	Peptidase_M19	3	100.00		0
UHM577.41002__k141_58963_1	3	PseudoU_synth_2	2	66.67	HAD	1
UHM145.35771__k141_96739_2	3	GAF	3	100.00	PPK2	3
UHM648.41909__k141_327145_1	7	none	0	0.00		0
UHM558.40992__k141_73601_11	8	DUF6596	4	50.00	Acetyltransf_1	2
UHM22.35747__k141_102287_99	4	Molybdopterin	2	50.00	Alginate_lyase	2
UHM632.41027__k141_109583_1	3	Peptidase_M15_4	3	100.00	Transgly	2
UHM591.41013__k141_77491_2	3	none	0	0.00		0
UHM634.41029__k141_109477_202	5	HTH_1	2	40.00	Aminotran_3	1
UHM626.41025__k141_97020_1	4	none	0	0.00		0
UHM38.35753__k141_53917_1	3	RVT_1	1	33.33		0
UHM648.41909__k141_340653_1	3	none	0	0.00		0
UHM20.10828__k141_74460_6	3	MCRA	1	33.33	HTH_Tnp_1	1
UHM644.41031__k141_298450_1165	3	HSP70	3	100.00	HNH	1
UHM18.10827__k141_16166_1	3	none	0	0.00		0
UHM596.41015__k141_53373_1	5	none	0	0.00		0
UHM624.41024__k141_156756_10	3	none	0	0.00		0
UHM40.10834__k141_3103_4	6	Peptidase_S41	4	66.67	SseB	3
UHM564.40995__k141_46634_3	3	LacI	2	66.67	PDZ_6	1
UHM18.35741__k141_61210_3	3	HTH_7	1	33.33	VIT1	1
UHM626.41025__k141_58215_3	3	GlpR	2	66.67		0
UHM598.41016__k141_115593_2	3	none	0	0.00		0
UHM41.35756__k141_11079_42	4	ICL	3	75.00	4HBT	2
UHM594.41014__k141_80101_3	3	DUF3944	2	66.67	YagK_YfjJ_C	1
UHM666.41034__k141_377614_1	151	MSSP	2	1.32	Exo_endo_phos	1
UHM562.40993__k141_68311_53	3	DUF7660	2	66.67		0
UHM634.41029__k141_104172_1	3	MarC	1	33.33	PIN	1
UHM598.41016__k141_216021_1	3	none	0	0.00		0
UHM594.41014__k141_63037_12	3	Porin_3	1	33.33		0
UHM610.41019__k141_320608_1	9	CbiG_N	7	77.78	Hydrolase_4	5
UHM20.10828__k141_132906_4	3	none	0	0.00		0
UHM633.41028__k141_323412_4	3	none	0	0.00		0
UHM649.41032__k141_126082_1	9	VanZ-LLP1	6	66.67	MerR	5
UHM45.10838__k141_33509_53	3	DUF5710	2	66.67	T4BSS_DotI_IcmL	2
UHM582.41006__k141_53876_280	6	FumaraseC_C	5	83.33	MFS_1	2
UHM38.35752__k141_155880_13	3	Abhydrolase_1	3	100.00	PadR	1
UHM591.41013__k141_35865_2	4	none	0	0.00		0
UHM18.35741__k141_96999_4	4	DUF1731	2	50.00	AAA_21	1
UHM626.41025__k141_253558_17	4	ORF6N	1	25.00	Sigma70_ECF	1
UHM610.41019__k141_266380_480	3	DACNV	3	100.00	PadR	3
UHM17.10826__k141_26279_51	6	EarP	6	100.00	GreA_GreB	3
UHM17.35740__k141_55962_1	5	none	0	0.00		0
UHM22.35745__k141_30565_3	3	Response_reg	3	100.00	GFA	3
UHM628.41026__k141_41669_1	3	none	0	0.00		0
UHM45.35758__k141_41274_19	4	RuvC	3	75.00	Phage_integrase	1
UHM628.41026__k141_225414_1	4	none	0	0.00		0
UHM596.41015__k141_22147_127	4	CutC	3	75.00	CHB_HEX_C_1	3
UHM617.41023__k141_310137_2	8	GSHPx	7	87.50	MFS_1	4
UHM56.35761__k141_146805_214	7	Aldedh	1	14.29	Glyco_hydro_28	1
UHM554.40991__k141_3375_1	3	none	0	0.00		0
UHM38.35752__k141_113364_1	4	Iron_permease	1	25.00	DUF2513	1
UHM17.35740__k141_115958_1	3	none	0	0.00		0
UHM624.41024__k141_289246_1	4	MFS_1	3	75.00	Molybdopterin	2
UHM38.35752__k141_74895_1	3	none	0	0.00		0
UHM587.41011__k141_149710_1	3	PDZ_6	1	33.33	PfkB	1
UHM56.35761__k141_23410_1	4	none	0	0.00		0
UHM45.35759__k141_40552_3	3	PfkB	2	66.67	DeoC	1
UHM632.41027__k141_310493_37	3	PF1765-like	2	66.67	FAD_binding_2	2
UHM598.41016__k141_166291_1	4	DHFR_1	1	25.00		0
UHM45.35758__k141_40442_92	3	Cys_Met_Meta_PP	3	100.00	Ribonuc_L-PSP	3
UHM18.35742__k141_142210_121	5	Endolysin	1	20.00		0
UHM125.35769__k141_156277_31	3	HAD	1	33.33	Hexapep	1
UHM41.35756__k141_65411_2	5	LysR_substrate	1	20.00	Methyltransf_11	1
UHM633.41028__k141_274906_1	3	Beta-Casp	1	33.33		0
UHM632.41027__k141_299699_4	4	DUF1192	1	25.00	Radical_SAM	1
UHM583.41007__k141_99387_29	6	cNMP_binding	6	100.00	OEP	5
UHM608.41018__k141_54426_2	3	YfhO	2	66.67	Glyco_transf_4	2
UHM598.41016__k141_148111_5	3	2-Hacid_dh_C	3	100.00	Sdh_cyt	2
UHM102.35767__k141_143674_1	5	none	0	0.00		0
UHM586.41010__k141_79928_1	4	3HCDH	4	100.00	TIR	1
UHM45.35758__k141_190788_1	3	Peptidase_S24	1	33.33		0
UHM17.35740__k141_124616_6	3	none	0	0.00		0
UHM18.35741__k141_9710_1	3	CSD	1	33.33	Aldedh	1
UHM31.10830__k141_35169_1	3	none	0	0.00		0
UHM102.35766__k141_86350_2	4	CBS	3	75.00	DAO	2
UHM18.35741__k141_42962_90	5	DNA_methylase	1	20.00	BLUF	1
UHM36.35751__k141_66301_74	4	Peptidase_S8	2	50.00	EndIII_4Fe-2S	1
UHM554.40991__k141_59227_15	3	none	0	0.00		0
UHM649.41032__k141_410666_2	3	Bac_DNA_binding	3	100.00	TPR_14	1
UHM22.35745__k141_110792_30	3	SprT-like	3	100.00		0
UHM617.41023__k141_18727_1	4	none	0	0.00		0
UHM125.35769__k141_271612_386	3	HATPase_c_4	1	33.33		0
UHM17.10826__k141_208344_250	3	Dam	2	66.67	MT-A70	1
UHM644.41031__k141_111621_71	3	SpoIIE	3	100.00		0
UHM610.41019__k141_317793_446	4	DUF6624	2	50.00	Beta-lactamase	1
UHM563.40994__k141_1553_46	3	HTH_36	3	100.00	Phage_CP76	1
UHM610.41019__k141_179535_1	3	EndIII_4Fe-2S	3	100.00	Sigma70_r2	2
UHM648.41909__k141_192065_5	3	FMO-like	2	66.67		0
UHM17.35740__k141_172870_1	5	RT_RNaseH	2	40.00		0
UHM624.41024__k141_416489_50	4	HTH_ParB	2	50.00	Methyltransf_11	1
UHM22.35745__k141_78462_175	6	Epimerase	4	66.67	DUF3667	1
UHM633.41028__k141_277727_21	5	Endonuclease_5	3	60.00	Na_H_antiport_1	2
UHM594.41014__k141_126741_19	5	Pkinase	1	20.00		0
UHM17.35740__k141_103561_16	3	PilM_2	3	100.00	A24_N_bact	3
UHM624.41024__k141_85359_6	3	PIH1	2	66.67		0
UHM38.35753__k141_233117_2	3	DUF2840	3	100.00	AAA_31	2
UHM17.35740__k141_189263_1	3	GnsAB_toxin	1	33.33	DUF2560	1
UHM145.35773__k141_197904_6	5	Sel1	1	20.00	DUF6531	1
UHM624.41024__k141_417399_1	6	none	0	0.00		0
UHM666.41034__k141_32951_3	3	Ribosomal_S20p	1	33.33	SufE	1
UHM40.35755__k141_58969_1	5	GerE	1	20.00	HATPase_c	1
UHM666.41034__k141_344756_1	3	zf-C3HC4	1	33.33		0
UHM636.41030__k141_53996_173	3	Oxidored_q4	3	100.00	Asp_decarbox	1
UHM648.41909__k141_82092_2	3	none	0	0.00		0
UHM36.35750__k141_25122_1	3	Beta_helix	2	66.67		0
UHM585.41009__k141_102410_188	7	Ferritin_2	6	85.71	Nramp	6
UHM590.41012__k141_197411_1	4	none	0	0.00		0
UHM22.35747__k141_358_164	3	Rod-binding	3	100.00		0
UHM40.35755__k141_49138_86	4	Lipase_GDSL_2	1	25.00		0
UHM41.35757__k141_124442_4	4	Plug	1	25.00	DUF1176	1
UHM17.10826__k141_281181_2	4	IU_nuc_hydro	4	100.00	adh_short	1
UHM17.10826__k141_17025_4	6	Topoisom_bac	3	50.00	TadE	2
UHM656.41033__k141_43979_11	3	DUF3310	2	66.67		0
UHM574.41000__k141_90847_1	6	DUF1489	3	50.00		0
UHM632.41027__k141_292453_1	3	none	0	0.00		0
UHM644.41031__k141_331866_31	4	CsbD	4	100.00		0
UHM582.41006__k141_51427_309	4	cNMP_binding	4	100.00	CarbopepD_reg_2	1
UHM577.41002__k141_9494_4	3	none	0	0.00		0
UHM626.41025__k141_239679_1	3	Dimer_Tnp_hAT	1	33.33		0
UHM633.41028__k141_236324_1	4	none	0	0.00		0
UHM563.40994__k141_83175_2	10	TPM_phosphatase	2	20.00	DUF3592	1
UHM616.41022__k141_74084_1	3	none	0	0.00		0
UHM20.35744__k141_68056_6	3	MGS	3	100.00	DUF2214	1
UHM72.35764__k141_58750_59	6	Coprogen_oxidas	1	16.67		0
UHM633.41028__k141_418867_2	9	none	0	0.00		0
UHM633.41028__k141_142171_2	3	none	0	0.00		0
UHM587.41011__k141_172166_22	3	NHL	1	33.33	Cation_efflux	1
UHM634.41029__k141_136403_37	3	Trypsin_2	1	33.33	Phage_pRha	1
UHM20.35743__k141_25581_2	4	Alliinase_C	1	25.00	Lipoprotein_9	1
UHM22.35747__k141_120137_54	3	none	0	0.00		0
UHM628.41026__k141_273994_1	3	none	0	0.00		0
UHM617.41023__k141_273663_4	3	1TM_TonB_rel	2	66.67	Asn_synthase	1
UHM594.41014__k141_47501_3	3	GerE	3	100.00	LPG_synthase_C	1
UHM564.40995__k141_150073_1	4	RraA-like	1	25.00	GATase_2	1
UHM626.41025__k141_219552_2	3	AAA_10	3	100.00	TrbI	3
UHM666.41034__k141_98990_1	3	MauE	2	66.67	SusD-like_3	1
UHM594.41014__k141_90725_1	5	none	0	0.00		0
UHM125.35769__k141_119966_2	4	FAD_binding_2	1	25.00	EamA	1
UHM634.41029__k141_185697_1	3	none	0	0.00		0
UHM633.41028__k141_11341_6	4	none	0	0.00		0
UHM56.35761__k141_126934_1	3	none	0	0.00		0
UHM20.10828__k141_88796_1	3	none	0	0.00		0
UHM634.41029__k141_119549_1	5	ADH_Fe_C	4	80.00	HTH_1	2
UHM570.40997__k141_91812_15	4	AAA	3	75.00	Abhydrolase_1	3
UHM587.41011__k141_59032_46	3	DUF2459	2	66.67	HTH_26	2
UHM18.10827__k141_118370_15	5	DNMK	3	60.00	Mor	2
UHM145.35771__k141_143872_3	3	AAA_31	2	66.67	DUF2840	2
UHM626.41025__k141_79926_1	8	none	0	0.00		0
UHM591.41013__k141_75316_3	4	CarbopepD_reg_2	4	100.00	AraC_binding	1
UHM31.35749__k141_31883_11	3	Arm-DNA-bind_2	3	100.00		0
UHM648.41909__k141_209047_4	4	none	0	0.00		0
UHM596.41015__k141_106448_1	3	Ndr	1	33.33		0
UHM38.35752__k141_197025_2	3	RVP	1	33.33		0
UHM36.35751__k141_23445_7	3	Glyco_hydro_19	1	33.33	DUF1133	1
UHM125.35770__k141_286570_2	3	BCCT	3	100.00		0
UHM628.41026__k141_122163_9	5	Fer4_17	4	80.00	BLUF	1
UHM644.41031__k141_286288_1	3	none	0	0.00		0
UHM633.41028__k141_34422_1	4	Amidohydro_3	2	50.00	Wzy_C	2
UHM22.35745__k141_47949_16	3	Acetyltransf_1	1	33.33	Sigma70_r2	1
UHM582.41006__k141_112490_1	4	none	0	0.00		0
UHM598.41016__k141_182851_1	3	none	0	0.00		0
UHM666.41034__k141_350665_41	3	OMP_b-brl	1	33.33	GSDH	1
UHM626.41025__k141_241051_7	4	SnoaL_2	4	100.00		0
UHM17.10826__k141_114838_2	3	HTH_26	3	100.00		0
UHM648.41909__k141_122400_2	4	none	0	0.00		0
UHM648.41909__k141_246990_7	3	none	0	0.00		0
UHM611.41020__k141_7250_2	4	SYY_C-terminal	4	100.00	LuxE	3
UHM633.41028__k141_341188_4	3	none	0	0.00		0
UHM102.35767__k141_157466_1	4	none	0	0.00		0
UHM558.40992__k141_49510_2	3	none	0	0.00		0
UHM31.10830__k141_72787_136	3	Methyltransf_11	3	100.00	NUDIX	2
UHM594.41014__k141_20935_9	3	none	0	0.00		0
UHM591.41013__k141_343917_1	4	none	0	0.00		0
UHM626.41025__k141_48091_1	3	none	0	0.00		0
UHM125.35770__k141_111806_1	12	S1_2	1	8.33		0
UHM563.40994__k141_55072_1	3	none	0	0.00		0
UHM633.41028__k141_122538_1	3	none	0	0.00		0
UHM644.41031__k141_78994_1	3	none	0	0.00		0
UHM591.41013__k141_112339_3	3	Flavin_Reduct	1	33.33	Lip_A_acyltrans	1
UHM617.41023__k141_320266_2	4	5_3_exonuc	3	75.00	CDP-OH_P_transf	1
UHM644.41031__k141_198294_56	3	DUF4224	1	33.33	Cas10-Cmr2_palm2	1
UHM22.35747__k141_126731_31	3	none	0	0.00		0
UHM558.40992__k141_94963_1	3	none	0	0.00		0
UHM649.41032__k141_229618_3	5	M20_dimer	3	60.00		0
UHM558.40992__k141_44832_2	3	Phage_lysozyme	3	100.00		0
UHM624.41024__k141_57530_1	3	none	0	0.00		0
UHM607.41017__k141_95392_2	3	DUF736	2	66.67		0
UHM554.40991__k141_220282_101	3	DUF7218	3	100.00		0
UHM617.41023__k141_263612_2	3	GapR_DNA-bd	3	100.00	Phage_CP76	2
UHM72.35762__k141_40141_68	3	DUF7305	1	33.33	LMWPc	1
UHM610.41019__k141_111061_3	3	ArgJ	2	66.67		0
UHM590.41012__k141_87110_1	3	none	0	0.00		0
UHM145.35773__k141_172489_91	5	none	0	0.00		0
UHM38.35753__k141_114006_1	3	Kinesin	1	33.33		0
UHM102.35767__k141_24068_2	4	YbeY	3	75.00		0
UHM41.35757__k141_49366_10	10	Glycos_transf_1	6	60.00	DUF202	3
UHM598.41016__k141_108960_1	4	p450	1	25.00	RNase_H	1
UHM633.41028__k141_401149_3	4	HGTP_anticodon	3	75.00	RibD_C	1
UHM648.41909__k141_290880_5	4	none	0	0.00		0
UHM145.35772__k141_118988_45	3	adh_short	1	33.33		0
UHM17.10826__k141_31290_2	7	Rce1-like	4	57.14	MFS_1	2
UHM17.35739__k141_8792_1	4	GerE	1	25.00		0
UHM634.41029__k141_196918_86	5	ArdcN	5	100.00	Peptidase_M23	3
UHM634.41029__k141_270421_6	3	none	0	0.00		0
UHM125.35769__k141_278194_63	3	FAD-oxidase_C	3	100.00	FAD_binding_4	3
UHM628.41026__k141_265056_2	20	ASL_C	7	35.00	Sigma70_r2	6
UHM611.41020__k141_52932_1	5	Glyco_hydro_108	1	20.00		0
UHM584.41008__k141_144976_3	3	MFS_1	1	33.33	AAA_5	1
UHM40.35755__k141_112527_1	3	DUF6708	3	100.00		0
UHM125.35769__k141_256912_7	6	DUF924	5	83.33	QueF	5
UHM38.35753__k141_27279_1	3	none	0	0.00		0
UHM565.40996__k141_25656_215	5	none	0	0.00		0
UHM558.40992__k141_12717_1	3	DHH	1	33.33		0
UHM636.41030__k141_15115_15	3	PALP	3	100.00	BA14K	1
UHM598.41016__k141_102312_22	3	none	0	0.00		0
UHM125.35769__k141_259070_1	4	Pterin_4a	4	100.00	DUF1232	1
UHM598.41016__k141_200686_1	4	none	0	0.00		0
UHM598.41016__k141_3304_7	3	CN_hydrolase	2	66.67		0
UHM20.35744__k141_120800_127	8	MS_channel_1st_1	8	100.00	CorA	6
UHM558.40992__k141_102731_1	3	none	0	0.00		0
UHM38.35752__k141_7814_59	3	Potass_KdpF	3	100.00	KdpA	3
UHM562.40993__k141_83154_69	3	Peripla_BP_1	1	33.33	MFS_1	1
UHM586.41010__k141_76681_2	3	TPM_phosphatase	1	33.33		0
UHM20.35744__k141_110163_4	4	Phage_lysozyme	3	75.00	DUF2514	2
UHM575.41001__k141_131439_2	4	DUF72	3	75.00	Sigma70_r2	1
UHM38.10833__k141_33175_2	4	Peptidase_M10	3	75.00	PG_binding_1	2
UHM36.10832__k141_33553_1	4	none	0	0.00		0
UHM608.41018__k141_199900_1	4	Big_6	2	50.00	Big_13	1
UHM145.35772__k141_123593_120	5	FAD_binding_2	5	100.00	PALP	5
UHM564.40995__k141_102142_18	4	N_methyl	4	100.00		0
UHM45.35758__k141_60413_26	3	PapD_C	3	100.00	RVT_1	2
UHM564.40995__k141_66320_18	3	Prim-Pol	1	33.33	DUF3987	1
UHM31.10830__k141_50151_1	3	DUF4113	1	33.33	Phage_integrase	1
UHM598.41016__k141_100915_1	3	none	0	0.00		0
UHM17.10826__k141_233137_2	3	RadC	2	66.67	SIR2	1
UHM596.41015__k141_132966_28	4	DUF2931	4	100.00	Abhydrolase_2	1
UHM624.41024__k141_274455_1	4	Recombinase	1	25.00	ArdA	1
UHM36.35750__k141_8712_1	3	RcnB	1	33.33	LpxC	1
UHM102.35766__k141_103818_14	7	EF-G_D2	4	57.14	HTH_1	2
UHM102.35767__k141_135158_1	3	Exo_endo_phos_2	1	33.33		0
UHM598.41016__k141_198584_1	4	none	0	0.00		0
UHM125.35769__k141_79428_1	3	none	0	0.00		0
UHM38.35753__k141_75555_1	7	none	0	0.00		0
UHM615.41021__k141_110882_114	4	Bax1-I	4	100.00	Trigger_C	3
UHM125.35769__k141_277963_1	5	none	0	0.00		0
UHM581.41005__k141_139803_114	4	Fil_haemagg	2	50.00		0
UHM633.41028__k141_152607_3	7	TPR_14	2	28.57		0
UHM17.10826__k141_178571_4	3	Cupin_3	2	66.67	STN	2
UHM572.40998__k141_139844_291	3	Abhydrolase_1	1	33.33	RteC	1
UHM72.35762__k141_41480_14	3	Fn3-like	3	100.00	Glyco_hydro_3	2
UHM56.35760__k141_65126_1	5	FliL	1	20.00	FlhE	1
UHM644.41031__k141_86614_4	3	SnoaL_2	2	66.67	GAF	2
UHM598.41016__k141_118635_1	6	none	0	0.00		0
UHM17.35740__k141_13499_1	5	none	0	0.00		0
UHM634.41029__k141_295754_1	3	none	0	0.00		0
UHM648.41909__k141_189342_10	5	none	0	0.00		0
UHM648.41909__k141_426202_1	3	F-box	1	33.33		0
UHM17.35739__k141_80583_2	7	Phage_CP76	7	100.00	Phage_CI_C	6
UHM636.41030__k141_277381_5	3	none	0	0.00		0
UHM145.35773__k141_37348_94	4	GIIM	1	25.00	GBS_Bsp-like	1
UHM598.41016__k141_173771_1	5	none	0	0.00		0
UHM145.35772__k141_5987_2	3	His_kinase	1	33.33	NYN	1
UHM649.41032__k141_354054_2	3	HNH	1	33.33		0
UHM624.41024__k141_305586_7	3	Peptidase_A8	1	33.33	GyrI-like	1
UHM31.35748__k141_46766_25	3	Y_phosphatase3	3	100.00	Malate_DH	3
UHM145.35772__k141_62455_169	4	GDPD	3	75.00	Fn3-like	2
UHM633.41028__k141_154782_4	5	none	0	0.00		0
UHM633.41028__k141_300014_42	3	Methyltransf_11	3	100.00		0
UHM656.41033__k141_116387_3	5	YtxH	4	80.00	Sigma54_AID	1
UHM648.41909__k141_405204_4	4	none	0	0.00		0
UHM41.10835__k141_41747_1	3	Aldose_epim	1	33.33		0
UHM554.40991__k141_28772_1	3	Pirin	1	33.33		0
UHM31.35749__k141_52411_2	3	Exo_endo_phos	1	33.33		0
UHM648.41909__k141_245491_4	3	none	0	0.00		0
UHM145.35771__k141_116165_10	4	Cytochrome_CBB3	4	100.00	EVE	3
UHM633.41028__k141_84937_2	7	none	0	0.00		0
UHM72.35763__k141_30118_1	3	DAO	1	33.33		0
UHM565.40996__k141_135143_125	5	DUF4440	2	40.00	DUF2262	1
UHM608.41018__k141_41506_3	3	none	0	0.00		0
UHM648.41909__k141_266511_76	4	DinB_2	2	50.00	Peptidase_M19	1
UHM591.41013__k141_200828_5	6	DUF72	2	33.33	His_Phos_1	1
UHM649.41032__k141_284589_35	4	DUF2188	2	50.00	DUF1737	1
UHM624.41024__k141_238574_3	3	META	2	66.67	AraC_binding	1
UHM22.35745__k141_93899_10	3	PhdYeFM_antitox	2	66.67	DUF4288	1
UHM573.40999__k141_38174_14	3	DUF669	2	66.67	AAA_24	1
UHM17.35740__k141_86421_1	22	none	0	0.00		0
UHM617.41023__k141_275721_10	3	FolB	3	100.00	Acetyltransf_1	1
UHM145.35771__k141_126811_23	6	Usp	5	83.33	PLA1	3
UHM145.35773__k141_98261_1	4	none	0	0.00		0
UHM36.35750__k141_85530_2	4	DUF2809	1	25.00		0
UHM591.41013__k141_346578_1	4	none	0	0.00		0
UHM633.41028__k141_68428_10	3	BTB	2	66.67	Abhydrolase_1	1
UHM20.10828__k141_90485_5	4	AICARFT_IMPCHas	1	25.00	HAD_2	1
UHM648.41909__k141_47595_1	4	Metallophos_C	1	25.00		0
UHM38.35752__k141_194666_2	3	4HBT	2	66.67	GST_C	2
UHM45.35759__k141_17800_4	3	PK	3	100.00	YadA_anchor	1
UHM125.35769__k141_228966_1	7	Exo_endo_phos	1	14.29		0
UHM40.35755__k141_44015_170	3	none	0	0.00		0
UHM634.41029__k141_253215_2	3	DNA_ligase_A_C	2	66.67		0
UHM22.35746__k141_114744_59	10	Lactamase_B	8	80.00	MORN_2	4
UHM590.41012__k141_49736_19	4	HTH_19	2	50.00	Aconitase	1
UHM41.35756__k141_107743_38	8	Peptidase_M78	6	75.00		0
UHM590.41012__k141_51609_1	3	DUF3077	3	100.00		0
UHM594.41014__k141_12499_7	4	PseudoU_synth_2	4	100.00	AAA_21	4
UHM17.35739__k141_70500_125	3	Anticodon_1	3	100.00	Anti-Pycsar_Apyc1	3
UHM634.41029__k141_20878_4	4	Ni_hydr_CYTB	2	50.00		0
UHM608.41018__k141_171373_387	7	Phage_holin_3_6	6	85.71	Chlor_dismutase	4
UHM572.40998__k141_155452_1	4	none	0	0.00		0
UHM584.41008__k141_31687_1	3	none	0	0.00		0
UHM125.35769__k141_259233_53	5	CsrA	5	100.00	HATPase_c	5
UHM572.40998__k141_109877_1	3	none	0	0.00		0
UHM41.10835__k141_75491_1	4	none	0	0.00		0
UHM125.35769__k141_157142_2	7	Exo_endo_phos	1	14.29		0
UHM591.41013__k141_177727_2	4	Acyltransferase	4	100.00	DSPc	3
UHM610.41019__k141_220030_400	5	Sigma70_r2	5	100.00		0
UHM626.41025__k141_15484_23	4	none	0	0.00		0
UHM587.41011__k141_46288_1	3	T2SSE	2	66.67	ABC_trans_aux	1
UHM145.35771__k141_146367_7	4	TSPO_2	4	100.00	Chlor_dismutase	4
UHM624.41024__k141_272001_1	4	none	0	0.00		0
UHM648.41909__k141_176942_4	8	adh_short	3	37.50	MoaE	2
UHM56.35761__k141_160818_1	3	none	0	0.00		0
UHM656.41033__k141_114728_2	3	SSF	3	100.00	Bac_rhamnosid6H	2
UHM582.41006__k141_69920_8	7	CDH	7	100.00	Plug	4
UHM644.41031__k141_211423_90	3	Plug	2	66.67	Rv2179c-like	2
UHM615.41021__k141_117560_2	3	Lactamase_B	2	66.67		0
UHM125.35769__k141_52759_2	3	DUF2586	2	66.67		0
UHM616.41022__k141_143282_4	3	GerE	1	33.33	Peptidase_S24	1
UHM624.41024__k141_25379_2	3	GerE	2	66.67	Cache_3-Cache_2	1
UHM634.41029__k141_55984_1	3	none	0	0.00		0
UHM617.41023__k141_86696_2	7	LysR_substrate	1	14.29	M20_dimer	1
UHM598.41016__k141_118177_1	3	none	0	0.00		0
UHM17.35740__k141_159606_1	3	none	0	0.00		0
UHM626.41025__k141_325816_8	3	Lipase_3	1	33.33	DUF4123	1
UHM56.35761__k141_131430_168	3	Autotransporter	1	33.33	Tail_completion_gp17	1
UHM584.41008__k141_22162_1	3	none	0	0.00		0
UHM564.40995__k141_110355_20	3	adh_short	1	33.33		0
UHM125.35770__k141_6026_57	3	HTH_20	1	33.33	HTH_1	1
UHM31.35749__k141_118679_1	3	none	0	0.00		0
UHM45.35758__k141_22862_51	3	none	0	0.00		0
UHM38.35752__k141_14769_8	3	TetR_C_33	2	66.67	THF_DHG_CYH	2
UHM564.40995__k141_34414_4	4	FlgH	4	100.00		0
UHM633.41028__k141_448619_15	3	none	0	0.00		0
UHM554.40991__k141_216205_1	3	none	0	0.00		0
UHM72.35763__k141_37863_7	5	adh_short	3	60.00	OMP_b-brl_3	2
UHM634.41029__k141_207174_50	3	none	0	0.00		0
UHM72.35763__k141_40499_82	3	Glyco_hydro_108	1	33.33	Gp10_C	1
UHM36.10832__k141_37443_3	3	Aminotran_1_2	3	100.00	PseudoU_synth_2	2
UHM648.41909__k141_40943_2	3	none	0	0.00		0
UHM656.41033__k141_235328_15	4	YccF	3	75.00	DUF1501	3
UHM72.35763__k141_40425_6	5	DUF6266	4	80.00		0
UHM563.40994__k141_46231_20	5	TauE	4	80.00	2-Hacid_dh	3
UHM649.41032__k141_33729_2	3	Anticodon_2	2	66.67	AIM24	2
UHM38.35753__k141_103460_1	3	none	0	0.00		0
UHM624.41024__k141_143546_2	3	tRNA-synt_2	3	100.00	Aminotran_1_2	2
UHM31.10830__k141_90260_2	5	Exo_endo_phos	1	20.00		0
UHM45.35759__k141_91430_245	3	MPAB_Lcp_cat	3	100.00		0
UHM56.35760__k141_66445_1	4	none	0	0.00		0
UHM572.40998__k141_27298_1	3	none	0	0.00		0
UHM624.41024__k141_232922_1	3	none	0	0.00		0
UHM17.35740__k141_145949_1	4	Integrase_H2C2	3	75.00		0
UHM644.41031__k141_165467_6	3	SRAP	1	33.33	adh_short	1
UHM598.41016__k141_193538_7	3	TspO_MBR	3	100.00	Methyltransf_31	1
UHM596.41015__k141_79067_1	3	none	0	0.00		0
UHM648.41909__k141_239332_1	3	Phosphodiest	1	33.33		0
UHM617.41023__k141_6721_2	3	Lipase_GDSL	2	66.67		0
UHM41.10835__k141_62149_2	3	none	0	0.00		0
UHM636.41030__k141_104286_12	9	none	0	0.00		0
UHM649.41032__k141_83796_1	4	none	0	0.00		0
UHM628.41026__k141_164649_276	3	PNGase_F-II_N	2	66.67	SprT-like	1
UHM598.41016__k141_238075_4	4	none	0	0.00		0
UHM624.41024__k141_176839_3	3	Phage_holin_3_6	3	100.00	UbiD	2
UHM554.40991__k141_165618_5	3	DUF6922	1	33.33	HTH_17	1
UHM616.41022__k141_43796_38	3	LIAS_N	2	66.67	Peptidase_M66	1
UHM102.35767__k141_79826_23	7	Bac_luciferase	6	85.71	DeoRC	1
UHM125.35770__k141_261656_292	3	Iso_dh	2	66.67	AMP-binding	2
UHM125.35769__k141_39715_1	3	Gly-zipper_Omp	2	66.67	3D	1
UHM56.35760__k141_116909_1	5	Ku	2	40.00	DEAD_2	1
UHM626.41025__k141_285931_1	5	none	0	0.00		0
UHM648.41909__k141_82714_2	4	Glyco_transf_20	3	75.00	Aminotran_1_2	3
UHM38.35752__k141_163012_3	4	none	0	0.00		0
UHM598.41016__k141_53872_2	16	none	0	0.00		0
UHM41.35756__k141_88404_37	4	MFS_1	2	50.00	FCD	1
UHM633.41028__k141_190352_2	3	none	0	0.00		0
UHM586.41010__k141_14438_62	3	BcrAD_BadFG	1	33.33	PTS_EIIC	1
UHM563.40994__k141_104634_33	5	MethyTransf_Reg	3	60.00	Methyltransf_11	1
UHM636.41030__k141_88349_3	5	Gly_transporter	5	100.00		0
UHM611.41020__k141_59673_1	3	Pribosyltran	2	66.67		0
UHM17.35739__k141_90867_2	4	LytTR	3	75.00	GerE	1
UHM36.35751__k141_40260_1077	3	DJ-1_PfpI	2	66.67	PAS_2	1
UHM22.35745__k141_5894_2	3	Pep_deformylase	2	66.67	Abhydrolase_1	2
UHM626.41025__k141_294213_11	5	Sigma70_ECF	4	80.00	DUF2383	2
UHM598.41016__k141_201502_5	5	none	0	0.00		0
UHM102.35766__k141_148383_7	4	RcnB	1	25.00	RE_AlwI	1
UHM633.41028__k141_71895_2	11	MATH_2	1	9.09		0
UHM648.41909__k141_150550_7	3	none	0	0.00		0
UHM594.41014__k141_120257_12	3	none	0	0.00		0
UHM72.35762__k141_22009_1	3	Amidase_3	1	33.33	AA_permease_2	1
UHM611.41020__k141_152183_2	7	PseudoU_synth_2	7	100.00	DUF4286	3
UHM578.41003__k141_19369_4	3	DUF3164	1	33.33		0
UHM22.35746__k141_61946_3	4	DinI	4	100.00	CBAH	1
UHM632.41027__k141_129776_3	4	SPW	2	50.00	Flavoprotein	1
UHM125.35770__k141_151949_12	3	none	0	0.00		0
UHM624.41024__k141_146025_1	3	5_3_exonuc	1	33.33		0
UHM125.35770__k141_14116_8	3	Exo_endo_phos_2	1	33.33		0
UHM45.35759__k141_43844_1	3	Abhydrolase_8	2	66.67		0
UHM570.40997__k141_49213_55	4	MbnP	4	100.00		0
UHM554.40991__k141_48313_1	3	none	0	0.00		0
UHM22.35745__k141_76180_2	4	RadC	3	75.00	DUF3244	1
UHM17.35740__k141_180294_1	13	PRE_C2HC	1	7.69		0
UHM626.41025__k141_349666_4	6	DUF488	3	50.00	Bac_DNA_binding	1
UHM22.35747__k141_56704_181	3	HATPase_c	2	66.67	PTL_trimer	1
UHM125.35770__k141_43811_2	3	SIR2	1	33.33		0
UHM633.41028__k141_64096_2	3	Fil_haemagg_2	1	33.33		0
UHM633.41028__k141_469394_2	3	Glyco_hydro_1	2	66.67	Kazal_1	1
UHM598.41016__k141_37714_815	3	PKD	1	33.33	HATPase_c	1
UHM22.35745__k141_78462_17	3	Beta_helix_4	2	66.67	Ig_2	1
UHM648.41909__k141_355441_9	3	LETM1_RBD	2	66.67		0
UHM20.10828__k141_174552_52	3	DUF3325	3	100.00	PepSY_TM	3
UHM577.41002__k141_82338_1	3	none	0	0.00		0
UHM610.41019__k141_235214_79	4	AbiJ_NTD4	1	25.00	HAD	1
UHM558.40992__k141_88932_16	3	Cation_efflux	3	100.00		0
UHM636.41030__k141_339421_2	3	GST_C_2	1	33.33		0
UHM102.35767__k141_193389_1	5	none	0	0.00		0
UHM17.35739__k141_74353_70	3	Rep3_C	2	66.67	AAA_31	2
UHM626.41025__k141_78984_1	3	none	0	0.00		0
UHM624.41024__k141_231133_51	3	YceI	3	100.00	TPR_1	1
UHM598.41016__k141_98364_3	3	none	0	0.00		0
UHM41.35757__k141_86738_1	6	none	0	0.00		0
UHM587.41011__k141_85310_1	4	none	0	0.00		0
UHM648.41909__k141_384182_7	4	none	0	0.00		0
UHM636.41030__k141_170484_12	4	Acetyltransf_1	1	25.00	7TMR-DISM_7TM	1
UHM648.41909__k141_302738_4	14	none	0	0.00		0
UHM125.35770__k141_303778_1	3	none	0	0.00		0
UHM633.41028__k141_407461_3	7	Trypsin	1	14.29	PAM2	1
UHM565.40996__k141_128745_29	3	bPH_2	3	100.00	HTH_IclR	1
UHM18.35742__k141_214790_1	5	DUF480	3	60.00	YdjC	1
UHM648.41909__k141_102953_19	7	Leuk-A4-hydro_C	1	14.29	Trypsin	1
UHM17.10826__k141_233252_32	3	SnoaL	3	100.00	Ank	3
UHM633.41028__k141_162436_3	3	none	0	0.00		0
UHM598.41016__k141_105716_2	3	CSD	2	66.67	DUF4982	1
UHM125.35769__k141_260309_1	3	none	0	0.00		0
UHM554.40991__k141_16462_2	3	DUF6531	1	33.33	RHS	1
UHM577.41002__k141_162685_6	3	Adhesin_E	2	66.67	FCD	2
UHM585.41009__k141_65286_3	3	none	0	0.00		0
UHM582.41006__k141_60726_419	11	AhpC-TSA	4	36.36	Methyltransf_11	1
UHM656.41033__k141_105705_1	3	Form_Nir_trans	1	33.33	S4	1
UHM648.41909__k141_329426_5	3	none	0	0.00		0
UHM590.41012__k141_104335_48	3	Secretin	3	100.00		0
UHM145.35772__k141_16463_3	4	Gp49	1	25.00	CarbopepD_reg_2	1
UHM56.35761__k141_63610_1	3	ACR_tran	2	66.67		0
UHM598.41016__k141_38883_4	4	none	0	0.00		0
UHM564.40995__k141_15499_13	4	DUF3772	3	75.00	MS_channel_2nd	1
UHM649.41032__k141_27684_21	4	Glycos_transf_1	3	75.00		0
UHM41.35757__k141_153033_1	9	none	0	0.00		0
UHM598.41016__k141_212196_1	4	none	0	0.00		0
UHM633.41028__k141_435945_1	3	Glyco_hydro_47	1	33.33		0
UHM20.35744__k141_84823_1	3	dCMP_cyt_deam_1	1	33.33	GspH	1
UHM565.40996__k141_109399_1	6	none	0	0.00		0
UHM632.41027__k141_282850_1	3	SBP_bac_3	1	33.33	Relaxase	1
UHM632.41027__k141_37776_210	3	TIG	1	33.33	OMP_b-brl_2	1
UHM577.41002__k141_116817_5	3	Flavodoxin_2	3	100.00	Sigma70_ECF	3
UHM628.41026__k141_52073_1	3	none	0	0.00		0
UHM633.41028__k141_205050_5	3	RNase_H	2	66.67	Lectin_C	1
UHM648.41909__k141_229008_8	3	DAGK_cat	3	100.00	DUF883_C	1
UHM581.41005__k141_110326_1	6	MFS_1	1	16.67	CLP_protease	1
UHM634.41029__k141_155992_2	4	rve	1	25.00		0
UHM617.41023__k141_11817_20	3	none	0	0.00		0
UHM17.10826__k141_261913_3	4	DUF1367	2	50.00	Phage_GPA	1
UHM40.10834__k141_58065_1	3	none	0	0.00		0
UHM38.35753__k141_195109_13	3	Vps62	1	33.33		0
UHM17.10826__k141_132837_54	4	AAA_21	2	50.00	Amidohydro_1	1
UHM125.35769__k141_68912_3	8	UPF0114	3	37.50	DUF533	2
UHM17.10826__k141_172339_3	5	Sigma70_r2	4	80.00	HTH_23	2
UHM564.40995__k141_127796_1	4	GyrI-like	1	25.00	TetR_N	1
UHM145.35773__k141_215470_1	3	none	0	0.00		0
UHM624.41024__k141_493486_1	3	none	0	0.00		0
UHM125.35770__k141_280419_67	6	HTH_18	2	33.33	DUF6705	1
UHM598.41016__k141_31848_1	3	none	0	0.00		0
UHM586.41010__k141_53247_2	5	none	0	0.00		0
UHM608.41018__k141_47806_3	5	Bestrophin_2	3	60.00		0
UHM633.41028__k141_248138_9	4	ALAD	4	100.00	E1-E2_ATPase	1
UHM40.35755__k141_120665_2	3	RNase_H	3	100.00		0
UHM610.41019__k141_190343_1	4	AsnC_trans_reg	1	25.00	Rrf2	1
UHM125.35768__k141_94822_2	5	Phage_integrase	4	80.00	SKI	3
UHM611.41020__k141_150788_2	5	Methyltransf_11	2	40.00	YoqU	1
UHM633.41028__k141_519973_4	3	none	0	0.00		0
UHM617.41023__k141_73053_2	4	Adenine_deam_C	2	50.00	ADH_N	2
UHM633.41028__k141_324467_2	4	none	0	0.00		0
UHM102.35767__k141_83883_68	3	HTH_3	2	66.67	Peptidase_M78	1
UHM41.35757__k141_10078_3	4	BCCT	2	50.00		0
UHM22.35747__k141_111408_45	3	Cas3-like_C_2	1	33.33	DUF502	1
UHM573.40999__k141_27508_3	3	Beta-barrel_AprE	1	33.33		0
UHM38.35753__k141_215224_42	4	GerE	2	50.00	Beta-lactamase	1
UHM598.41016__k141_276426_2	3	F-box	1	33.33		0
UHM617.41023__k141_252662_3	4	none	0	0.00		0
UHM125.35768__k141_125230_1	3	none	0	0.00		0
UHM40.10834__k141_37097_6	5	2-Hacid_dh	2	40.00		0
UHM554.40991__k141_169292_27	3	SHOCT	3	100.00	Phage_integrase	3
UHM102.35767__k141_127021_2	3	Glyco_transf_8	2	66.67	Glyoxalase	1
UHM17.35740__k141_1527_2	5	Chlorophyllase	2	40.00	DUF885	1
UHM572.40998__k141_31853_1	3	Chorismate_bind	3	100.00	GATase	1
UHM648.41909__k141_361055_3	6	SCP2	4	66.67	Rotamase	4
UHM583.41007__k141_97025_1	3	DUF6683	1	33.33	T2SSG	1
UHM102.35767__k141_138000_43	3	none	0	0.00		0
UHM72.35764__k141_25888_3	4	none	0	0.00		0
UHM649.41032__k141_62631_2	3	DCTN5	3	100.00	HTH_3	1
UHM22.35745__k141_97003_2	10	Ribonuc_L-PSP	4	40.00		0
UHM634.41029__k141_69066_1	3	none	0	0.00		0
UHM666.41034__k141_30320_22	3	Fervidolysin_NPro-like	2	66.67	T6SS_Tle1-like_cat	1
UHM575.41001__k141_52803_30	9	SelR	9	100.00		0
UHM577.41002__k141_92577_20	5	Gly-zipper_Omp	5	100.00		0
UHM565.40996__k141_42004_7	4	Glyoxalase	2	50.00	NLPC_P60	1
UHM633.41028__k141_259524_1	9	PTP-NADK	4	44.44	Dabb	2
UHM56.35761__k141_10168_2	4	none	0	0.00		0
UHM626.41025__k141_330788_1	3	Fn3_assoc	2	66.67	DAGK_prokar	2
UHM145.35773__k141_99325_66	5	CheW	4	80.00	HATPase_c	4
UHM573.40999__k141_41518_19	3	YdaU_C	2	66.67	YbcO	2
UHM20.35744__k141_28425_3	3	GspH	3	100.00	Ribosomal_S15	2
UHM56.35760__k141_113356_1	3	none	0	0.00		0
UHM17.35739__k141_99040_7	4	AAA_15	2	50.00		0
UHM649.41032__k141_274467_1	3	MaoC_dehydratas	2	66.67	SpoU_methylase	1
UHM633.41028__k141_63453_1	3	none	0	0.00		0
UHM598.41016__k141_24581_2	5	none	0	0.00		0
UHM633.41028__k141_184778_30	5	Inh	4	80.00	BPD_transp_1	3
UHM607.41017__k141_19827_2	3	none	0	0.00		0
UHM591.41013__k141_37878_1	3	BTB	1	33.33		0
UHM594.41014__k141_116562_10	3	none	0	0.00		0
UHM628.41026__k141_159829_1	4	ABA4-like	2	50.00	Aminotran_5	2
UHM648.41909__k141_389955_2	7	none	0	0.00		0
UHM125.35769__k141_161827_3	5	HTH_5	1	20.00	AAA_25	1
UHM656.41033__k141_90286_1	3	TMP_3	1	33.33		0
UHM636.41030__k141_316866_44	4	AAA_15	1	25.00	DUF4177	1
UHM598.41016__k141_271548_1	4	Acyl-CoA_dh_1	1	25.00		0
UHM628.41026__k141_274383_351	4	Peptidase_S24	1	25.00		0
UHM578.41003__k141_30714_7	7	NDPSase_N	7	100.00	TPM_phosphatase	6
UHM578.41003__k141_21479_5	4	DUF4123	2	50.00	Lipase_3	1
UHM598.41016__k141_111578_3	5	none	0	0.00		0
UHM617.41023__k141_119567_1	3	Ribosomal_L13	2	66.67	COX15-CtaA	2
UHM20.35744__k141_147118_2	3	CD225	2	66.67	Acyltransferase	1
UHM564.40995__k141_59349_2	3	PHO4	2	66.67	Aldedh	2
UHM573.40999__k141_84750_6	4	Amidase	1	25.00	HATPase_c	1
UHM666.41034__k141_58046_2	5	GHMP_kinases_N	2	40.00	Peptidase_S49	2
UHM125.35770__k141_10386_39	3	GH94_b-supersand	3	100.00	ACR_tran	1
UHM626.41025__k141_12306_2	9	none	0	0.00		0
UHM563.40994__k141_108331_2	3	CHASE2	3	100.00	T2SSM_N	1
UHM590.41012__k141_113358_2	6	Beta-lactamase2	2	33.33	AI-2E_transport	2
UHM563.40994__k141_38131_19	3	HTH_24	1	33.33		0
UHM648.41909__k141_365215_2	3	Exo_endo_phos_2	3	100.00	Lectin_C	1
UHM633.41028__k141_315873_3	3	none	0	0.00		0
UHM145.35773__k141_8354_1	3	none	0	0.00		0
UHM38.35752__k141_203960_1	8	none	0	0.00		0
UHM610.41019__k141_286214_72	10	Abhydrolase_3	6	60.00	HTH_17	2
UHM644.41031__k141_94654_1	5	FBPase	3	60.00	E1-E2_ATPase	3
UHM626.41025__k141_334582_13	3	DUF3560	3	100.00		0
UHM36.35751__k141_34213_1	3	none	0	0.00		0
UHM617.41023__k141_194140_18	4	none	0	0.00		0
UHM624.41024__k141_490076_345	3	none	0	0.00		0
UHM38.35752__k141_170955_4	5	ATP-synt_ab	1	20.00	Peptidase_M90	1
UHM22.35745__k141_101221_377	4	YkuD	2	50.00	Coa1	1
UHM41.35757__k141_89174_2	3	DUF6766	1	33.33	SRAP	1
UHM31.10830__k141_38039_139	3	Exonuc_VII_L	1	33.33		0
UHM18.35741__k141_136158_184	4	DUF3567	4	100.00	AbrB	4
UHM644.41031__k141_165964_20	7	DUF883_C	4	57.14	Abhydrolase_1	2
UHM125.35768__k141_41251_12	6	AsnC_trans_reg	5	83.33	DctM	3
UHM36.35751__k141_72630_383	3	DUF4349	2	66.67	HTH_1	1
UHM648.41909__k141_394147_7	15	zf-C2H2	1	6.67		0
UHM624.41024__k141_495945_138	4	Transgly_assoc	4	100.00	Acetyltransf_6	2
UHM633.41028__k141_402960_2	3	ANTAR	1	33.33	SnoaL_4	1
UHM648.41909__k141_410166_11	5	DNAG_N	4	80.00	Virul_fac_BrkB	2
UHM18.35742__k141_161946_2	3	Arm-DNA-bind_5	2	66.67	DUF4760	1
UHM610.41019__k141_211872_3	4	DUF883_C	3	75.00	3Beta_HSD	2
UHM565.40996__k141_4449_4	7	Glyco_hydro_19	3	42.86	DUF7940	3
UHM596.41015__k141_214347_44	3	DNA_methylase	1	33.33		0
UHM586.41010__k141_15249_1	8	START_2	4	50.00	ACT_3	2
UHM17.35739__k141_93983_13	6	DUF1367	2	33.33	DinI	2
UHM624.41024__k141_401550_3	3	none	0	0.00		0
UHM20.35744__k141_119459_4	3	DUF2336	2	66.67	Acetyltransf_1	2
UHM611.41020__k141_118758_2	3	Wzy_C	3	100.00	Poly_export	2
UHM41.35757__k141_39222_2	3	Adenine_deam_C	1	33.33		0
UHM585.41009__k141_121278_2	3	DUF982	3	100.00	Na_H_antiporter	1
UHM20.10828__k141_126668_1	4	MFS_1	1	25.00	DUF8467	1
UHM607.41017__k141_168729_16	3	ECH_1	3	100.00	S4	2
UHM570.40997__k141_30157_106	3	AAA_31	3	100.00	Wzy_C	2
UHM617.41023__k141_162354_1	3	Transgly	3	100.00	Ribosomal_S6	1
UHM563.40994__k141_11556_4	4	HTH_1	4	100.00	MatE	1
UHM20.35743__k141_54276_468	3	Por_Secre_tail	1	33.33	HTH_3	1
UHM72.35764__k141_6355_2	4	none	0	0.00		0
UHM582.41006__k141_13035_194	3	Glycos_transf_1	2	66.67	Na_H_antiport_1	2
UHM632.41027__k141_8012_1	3	none	0	0.00		0
UHM56.35761__k141_167404_2	3	Methyltransf_11	3	100.00	AAA_19	2
UHM633.41028__k141_115313_3	3	FMO-like	1	33.33		0
UHM648.41909__k141_177889_6	4	3Beta_HSD	1	25.00		0
UHM41.35757__k141_606_3	5	DUF4123	2	40.00	Tai4	2
UHM581.41005__k141_144339_164	4	Glycolytic	2	50.00	HxlR	1
UHM38.35752__k141_39958_15	4	HTH_30	2	50.00		0
UHM102.35767__k141_30722_4	3	none	0	0.00		0
UHM145.35772__k141_70145_1	3	VirB8	2	66.67		0
UHM45.35758__k141_179875_10	4	ADH_N_2	3	75.00	PhyR_sigma-like	3
UHM125.35770__k141_166789_1	8	rve	1	12.50		0
UHM628.41026__k141_192100_46	3	DUF5723	1	33.33	DNA_gyraseB	1
UHM596.41015__k141_38544_1	4	PNP_UDP_1	3	75.00	Glyco_hydro_92	2
UHM102.35766__k141_15488_2	3	Phage_portal_2	3	100.00	GpA_ATPase	2
UHM125.35768__k141_44291_2	4	TatA_B_E	4	100.00	HTH_PafC	4
UHM562.40993__k141_104162_2	4	GSDH	4	100.00	Usp	3
UHM578.41003__k141_69165_5	3	DUF6266	3	100.00		0
UHM38.35753__k141_172707_48	3	Phage_integrase	2	66.67		0
UHM72.35764__k141_28946_2	3	Sigma70_r2	1	33.33	GerE	1
UHM17.10826__k141_140446_2	4	AhpC-TSA	4	100.00	FtsX	2
UHM596.41015__k141_18935_1	3	none	0	0.00		0
UHM633.41028__k141_156895_3	6	p450	1	16.67		0
UHM648.41909__k141_189342_12	4	none	0	0.00		0
UHM624.41024__k141_353262_1	3	none	0	0.00		0
UHM591.41013__k141_342934_40	3	Cytochrome_CBB3	3	100.00	COX1	2
UHM632.41027__k141_153044_2	3	Acetyltransf_1	1	33.33	DEDD_Tnp_IS110	1
UHM611.41020__k141_110529_209	4	Fer4	3	75.00	AhpC-TSA	2
UHM649.41032__k141_267751_174	3	4HBT	3	100.00	EIIA-man	3
UHM45.10838__k141_73700_68	3	DREV	3	100.00		0
UHM648.41909__k141_421743_1	4	Abhydrolase_3	2	50.00	Innexin	1
UHM31.10830__k141_92467_1	3	Asp23	3	100.00		0
UHM633.41028__k141_285463_8	3	Cnd1	1	33.33	TetR_N	1
UHM17.35740__k141_22720_3	3	none	0	0.00		0
UHM125.35768__k141_50011_13	7	Peptidase_M20	7	100.00	CreD	6
UHM586.41010__k141_114073_1	3	LytTR	2	66.67		0
UHM572.40998__k141_119946_1	3	none	0	0.00		0
UHM587.41011__k141_180106_2	3	Sod_Fe_C	1	33.33	Cation_efflux	1
UHM38.35752__k141_13643_2	4	Peptidase_A24	1	25.00		0
UHM594.41014__k141_4162_3	4	Baculo_F	1	25.00		0
UHM41.35756__k141_25215_70	5	Amidohydro_1	2	40.00	HAMP	1
UHM18.35742__k141_152211_47	3	DbpA	2	66.67	HyaE	1
UHM17.10826__k141_2205_2	3	DinB_2	2	66.67		0
UHM574.41000__k141_144109_28	4	DUF480	4	100.00	DJ-1_PfpI	1
UHM586.41010__k141_83120_1	8	HTH_11	6	75.00	adh_short	2
UHM648.41909__k141_125295_1	3	none	0	0.00		0
UHM72.35764__k141_61579_1	4	none	0	0.00		0
UHM644.41031__k141_256856_1	3	Glyoxalase	1	33.33	4HBT	1
UHM20.35744__k141_99066_5	4	cNMP_binding	1	25.00		0
UHM145.35773__k141_149861_114	7	FumaraseC_C	7	100.00	PmbA_TldD_1st	5
UHM38.10833__k141_4153_2	3	none	0	0.00		0
UHM649.41032__k141_317988_3	3	none	0	0.00		0
UHM583.41007__k141_28386_1	4	none	0	0.00		0
UHM624.41024__k141_393966_3	4	HTH_1	2	50.00	adh_short	2
UHM626.41025__k141_240061_1	4	none	0	0.00		0
UHM31.35749__k141_113801_1	3	none	0	0.00		0
UHM38.35753__k141_212693_1	4	Beta-prop_PLL	1	25.00	Acetyltransf_1	1
UHM580.41004__k141_62648_1	3	none	0	0.00		0
UHM633.41028__k141_433833_1	4	none	0	0.00		0
UHM18.35741__k141_41484_1	3	SBP_bac_5	2	66.67	Methyltransf_11	1
UHM648.41909__k141_339261_4	3	none	0	0.00		0
UHM22.35745__k141_92704_61	5	N_methyl	5	100.00		0
UHM608.41018__k141_87465_44	4	CHASE2	4	100.00	Peptidase_M48	4
UHM18.35742__k141_51741_1	3	Flp_Fap	1	33.33	NUDIX	1
UHM40.35754__k141_73866_1	6	DUF6046	5	83.33		0
UHM41.35757__k141_139355_1	3	none	0	0.00		0
UHM31.35748__k141_38941_5	3	A_deaminase	3	100.00		0
UHM590.41012__k141_257263_1	5	none	0	0.00		0
UHM56.35760__k141_75722_1	3	Baculo_F	1	33.33	RT_RNaseH	1
UHM570.40997__k141_76375_2	3	URO-D	3	100.00	Zeta_toxin	2
UHM624.41024__k141_37300_1	4	DUF2306	2	50.00	adh_short	2
UHM636.41030__k141_173149_1	4	none	0	0.00		0
UHM584.41008__k141_114850_1	4	none	0	0.00		0
UHM564.40995__k141_174063_9	4	CSS-motif	2	50.00	Phosphonate-bd	2
UHM636.41030__k141_75603_33	4	PALP	1	25.00	SBP_bac_1	1
UHM574.41000__k141_32702_39	3	Dynamin_N	2	66.67	DUF7373	1
UHM633.41028__k141_363123_2	8	DNA_alkylation	2	25.00	MFS_1	1
UHM125.35770__k141_92887_5	8	APH	4	50.00	MFS_1	2
UHM656.41033__k141_23827_21	3	AAA_33	2	66.67	Fumerase	1
UHM587.41011__k141_72229_15	5	Methyltransf_11	3	60.00	Response_reg	1
UHM648.41909__k141_191449_6	3	SIS	1	33.33		0
UHM125.35769__k141_118443_2	3	Glyco_hydro_19	1	33.33	Fic	1
UHM632.41027__k141_31866_2	4	cNMP_binding	4	100.00	PseudoU_synth_2	3
UHM22.35746__k141_101507_1	3	FA_hydroxylase	3	100.00		0
UHM17.35739__k141_66615_1	3	DnaJ	2	66.67		0
UHM607.41017__k141_148029_5	3	Ldh_1_C	2	66.67	WXG100	1
UHM633.41028__k141_381726_2	3	none	0	0.00		0
UHM18.35742__k141_96355_1	21	none	0	0.00		0
UHM575.41001__k141_209336_1	3	Filament	1	33.33		0
UHM38.35752__k141_223379_20	3	Metallophos	2	66.67	Pyr_redox	1
UHM125.35769__k141_238693_1	3	none	0	0.00		0
UHM145.35773__k141_17963_2	5	Oxidored_molyb	4	80.00	SelR	3
UHM145.35771__k141_86443_210	4	CarbopepD_reg_2	2	50.00		0
UHM573.40999__k141_62377_11	3	tRNA_edit	2	66.67	bPH_1	1
UHM41.35756__k141_93134_3	6	DAO	6	100.00	DUF3817	6
UHM581.41005__k141_112422_29	3	Rce1-like	2	66.67	DUF436	1
UHM617.41023__k141_51244_1	6	ParB_N	3	50.00	Trns_repr_metal	1
UHM563.40994__k141_95992_1	3	Caa3_CtaG	1	33.33		0
UHM102.35767__k141_87327_2	3	DUF1759	1	33.33		0
UHM558.40992__k141_102074_24	3	none	0	0.00		0
UHM38.35753__k141_225346_7	4	DKNYY	2	50.00	Sigma70_ECF	1
UHM31.35748__k141_4847_1	3	VF_A0006	3	100.00		0
UHM656.41033__k141_48502_332	3	MTS	1	33.33	GST_C	1
UHM666.41034__k141_242303_1	3	MADF_DNA_bdg	1	33.33		0
UHM45.35758__k141_47862_1	8	Cation_efflux	2	25.00	Methyltransf_30	1
UHM608.41018__k141_107260_10	4	Fer4_12	3	75.00	NIR_SIR_ferr	2
UHM72.35763__k141_2575_2	3	EVE	3	100.00	PG_binding_1	1
UHM45.10838__k141_105724_72	4	SU10_adaptor	4	100.00		0
UHM574.41000__k141_127895_2	7	EPSP_synthase	3	42.86		0
UHM102.35766__k141_18214_3	5	DUF2383	4	80.00	DAO	2
UHM624.41024__k141_133027_2	5	none	0	0.00		0
UHM564.40995__k141_91518_1	4	PgaA_barrel	3	75.00	PerC	1
UHM633.41028__k141_399543_466	4	Acetyltransf_1	1	25.00		0
UHM554.40991__k141_193348_2	3	FCD	1	33.33	Dak1	1
UHM31.35749__k141_32540_10	3	CsrA	3	100.00	HAD	2
UHM145.35773__k141_131224_2	3	MFS_1	2	66.67		0
UHM577.41002__k141_23089_2	3	AAA_25	2	66.67		0
UHM31.10830__k141_64199_1	3	none	0	0.00		0
UHM41.35756__k141_22247_1	4	none	0	0.00		0
UHM563.40994__k141_130811_27	3	Methyltransf_11	1	33.33		0
UHM617.41023__k141_196340_13	4	BBP2_2	3	75.00	3Beta_HSD	1
UHM17.10826__k141_15141_79	3	Aldo_ket_red	3	100.00	FOL3_C	3
UHM40.10834__k141_56713_2	4	T2SSE	4	100.00	T2SSF	3
UHM31.35749__k141_58375_1	3	none	0	0.00		0
UHM20.35744__k141_64101_1	10	Gypsy	2	20.00		0
UHM577.41002__k141_161830_1	4	Asp_Glu_race	1	25.00	AICARFT_IMPCHas	1
UHM636.41030__k141_161005_1	3	none	0	0.00		0
UHM633.41028__k141_107737_1	7	Lectin_C	1	14.29		0
UHM636.41030__k141_274665_1	3	none	0	0.00		0
UHM649.41032__k141_180177_2	5	AhpC-TSA	1	20.00	DUF1573	1
UHM649.41032__k141_84454_1	3	AAA_22	2	66.67		0
UHM125.35770__k141_54622_2	4	none	0	0.00		0
UHM56.35760__k141_80655_1	3	none	0	0.00		0
UHM125.35770__k141_223855_171	3	none	0	0.00		0
UHM22.35747__k141_80894_2	4	E217_Gp32	3	75.00		0
UHM125.35770__k141_280532_1	3	none	0	0.00		0
UHM590.41012__k141_44276_4	3	tRNA_edit	3	100.00	Asn_synthase	1
UHM634.41029__k141_148086_2	3	none	0	0.00		0
UHM18.35742__k141_25636_1	3	none	0	0.00		0
UHM31.35749__k141_59408_1	167	none	0	0.00		0
UHM22.35747__k141_18554_26	3	none	0	0.00		0
UHM554.40991__k141_41618_1	3	none	0	0.00		0
UHM598.41016__k141_209387_3	3	Peptidase_M14	2	66.67	Pkinase	1
UHM648.41909__k141_257424_3	3	Lig_chan	2	66.67		0
UHM649.41032__k141_162294_6	5	HTH_1	4	80.00	Multi_Drug_Res	1
UHM594.41014__k141_66508_9	3	none	0	0.00		0
UHM624.41024__k141_109964_17	3	GerE	1	33.33	dCMP_cyt_deam_1	1
UHM581.41005__k141_132808_3	3	AAA	3	100.00	AzlC	2
UHM610.41019__k141_225641_322	3	none	0	0.00		0
UHM17.35739__k141_51970_1	4	none	0	0.00		0
UHM102.35766__k141_36134_7	4	AhpC-TSA	4	100.00	HTH_3	2
UHM656.41033__k141_302916_1	5	SMC_ScpB	3	60.00	HTH_19	2
UHM573.40999__k141_49065_3	3	NHL	1	33.33	Peptidase_M15_2	1
UHM617.41023__k141_32683_2	3	AAA_21	2	66.67	ABC_tran	1
UHM22.35746__k141_38195_30	6	RmuC	5	83.33	FBPase_glpX	2
UHM125.35770__k141_96906_1	3	none	0	0.00		0
UHM562.40993__k141_78889_17	3	DNA_pol_B_exo2	3	100.00	Gcw_chp	1
UHM596.41015__k141_161096_1	3	none	0	0.00		0
UHM31.35749__k141_70682_5	3	HTH_18	3	100.00	Mfa2	1
UHM649.41032__k141_2278_2	3	Abhydrolase_1	1	33.33		0
UHM72.35763__k141_45053_25	7	DUF8486	5	71.43	4TM_phosphoesterase	5
UHM563.40994__k141_147818_2	3	SU10_portal	3	100.00		0
UHM585.41009__k141_78927_1	3	none	0	0.00		0
UHM577.41002__k141_129250_171	7	DUF2891	2	28.57	Abhydrolase_1	1
UHM644.41031__k141_160201_1	4	none	0	0.00		0
UHM610.41019__k141_208179_1	6	CSD	2	33.33		0
UHM633.41028__k141_355772_15	4	Abhydrolase_1	4	100.00	Cu-oxidase_4	4
UHM125.35769__k141_100972_1	3	none	0	0.00		0
UHM666.41034__k141_80822_1	3	none	0	0.00		0
UHM17.35740__k141_123676_2	3	AAA_22	2	66.67	Resolvase	2
UHM40.10834__k141_70469_2	4	CoxE_N	4	100.00	RNHCP	4
UHM125.35769__k141_98528_1	5	none	0	0.00		0
UHM31.35749__k141_84572_1	4	none	0	0.00		0
UHM636.41030__k141_191074_2	4	none	0	0.00		0
UHM41.10835__k141_77814_1	10	none	0	0.00		0
UHM565.40996__k141_170915_21	3	dCMP_cyt_deam_1	3	100.00	ACR_tran	3
UHM626.41025__k141_225805_1	5	none	0	0.00		0
UHM648.41909__k141_238986_1	3	none	0	0.00		0
UHM628.41026__k141_173981_60	10	PHO4	6	60.00	HTH_IclR	5
UHM585.41009__k141_127554_5	3	none	0	0.00		0
UHM564.40995__k141_24709_6	4	GerE	2	50.00	AhpC-TSA	2
UHM633.41028__k141_415813_2	3	TMEM175	1	33.33		0
UHM574.41000__k141_108761_28	5	Imm49	2	40.00	WG_beta_rep	1
UHM554.40991__k141_20879_1	3	Rap1a	2	66.67	Mur_ligase_C	1
UHM125.35769__k141_165755_1	3	none	0	0.00		0
UHM18.35742__k141_103181_1	3	none	0	0.00		0
UHM38.35753__k141_8393_1	11	none	0	0.00		0
UHM18.35741__k141_77817_1	3	HbpS-like	2	66.67	OsmC	1
UHM617.41023__k141_99634_5	4	none	0	0.00		0
UHM20.35743__k141_8659_1	3	Pepdidase_M14_N	2	66.67		0
UHM22.35747__k141_42361_303	3	SSF	1	33.33		0
UHM649.41032__k141_395046_140	10	Mfa_like_1	6	60.00	FMN_dh	2
UHM648.41909__k141_315866_1	3	none	0	0.00		0
UHM20.35744__k141_12575_7	4	Acetyltransf_1	1	25.00		0
UHM607.41017__k141_98255_16	3	TadE	2	66.67	T2SSF	2
UHM572.40998__k141_161315_239	5	Phage_CP76	1	20.00		0
UHM40.35754__k141_78864_3	20	HTH_19	3	15.00	EamA	2
UHM634.41029__k141_15772_1	3	none	0	0.00		0
UHM554.40991__k141_216230_2	3	MFS_1	1	33.33	Acetyltransf_1	1
UHM594.41014__k141_118528_13	3	none	0	0.00		0
UHM596.41015__k141_17370_10	3	PhageMetallopep	1	33.33		0
UHM564.40995__k141_166797_4	3	GFA	1	33.33	EAL	1
UHM598.41016__k141_227375_192	3	DEAD	1	33.33	CxxCxxCC	1
UHM17.35740__k141_5372_4	3	none	0	0.00		0
UHM575.41001__k141_171410_156	3	DUF1214	1	33.33	adh_short	1
UHM649.41032__k141_346087_37	4	OTCace	4	100.00		0
UHM31.35748__k141_126654_1	4	none	0	0.00		0
UHM145.35771__k141_20866_57	3	T2SSE	3	100.00	PAP_PilO	3
UHM634.41029__k141_13335_2	3	none	0	0.00		0
UHM594.41014__k141_77570_3	3	none	0	0.00		0
UHM20.35743__k141_114628_3	3	HTTM	3	100.00	DUF8694	3
UHM610.41019__k141_36450_2	3	WHD_AraR	3	100.00	Esterase	2
UHM56.35761__k141_41147_193	5	DUF7882	3	60.00	FG-GAP	2
UHM590.41012__k141_242966_1	3	none	0	0.00		0
UHM591.41013__k141_270167_1	4	none	0	0.00		0
UHM649.41032__k141_178274_8	3	Cupin_2	1	33.33	Cytochrome_CBB3	1
UHM72.35763__k141_90963_3	3	EryCIII-like_C	1	33.33		0
UHM577.41002__k141_124805_2	10	Imm11	2	20.00	FtsX	1
UHM610.41019__k141_104111_2	3	TP_methylase	3	100.00	Methyltransf_37	3
UHM590.41012__k141_283495_13	4	PilZ	3	75.00	PK	3
UHM596.41015__k141_208841_1	5	none	0	0.00		0
UHM31.35749__k141_191739_1	3	none	0	0.00		0
UHM125.35769__k141_12545_1	18	none	0	0.00		0
UHM20.35744__k141_149890_7	3	OSCP	2	66.67	DUF8200	2
UHM20.35743__k141_115072_1	3	none	0	0.00		0
UHM656.41033__k141_137870_4	3	Ppx-GppA	1	33.33		0
UHM554.40991__k141_76483_1	3	ATP-grasp_2	2	66.67	CoA_binding	1
UHM36.35751__k141_69868_4	5	MM_CoA_mutase	1	20.00		0
UHM587.41011__k141_45499_65	3	Dabb	3	100.00	Acyl-CoA_dh_1	3
UHM17.35740__k141_127039_15	3	DUF6153	1	33.33		0
UHM666.41034__k141_422285_3	5	AAA	2	40.00	GerE	1
UHM617.41023__k141_71690_2	3	MBOAT_2	2	66.67	DUF1731	1
UHM596.41015__k141_111126_3	3	none	0	0.00		0
UHM20.10828__k141_157615_18	3	Bact_surface_Ig-like	1	33.33		0
UHM36.35750__k141_86703_302	3	none	0	0.00		0
UHM125.35769__k141_84778_3	4	Peptidase_S66	3	75.00	Amidase	1
UHM636.41030__k141_286721_5	6	none	0	0.00		0
UHM590.41012__k141_236736_1	3	Gag_N	1	33.33	Exo_endo_phos_2	1
UHM36.10832__k141_170019_13	5	QRPTase_C	4	80.00	AmpE	3
UHM648.41909__k141_3573_2	3	Lactamase_B	2	66.67	MCRA	1
UHM17.10826__k141_201801_11	3	Abhydrolase_1	3	100.00	EamA	2
UHM20.35744__k141_176822_1	4	none	0	0.00		0
UHM610.41019__k141_190819_1	4	none	0	0.00		0
UHM634.41029__k141_228081_2	8	Cpn60_TCP1	1	12.50	HlyIII	1
UHM633.41028__k141_175852_1	6	DSBA	4	66.67	PLDc_N	2
UHM558.40992__k141_165945_1	4	none	0	0.00		0
UHM617.41023__k141_238372_1	5	BtgE-BtgC_glyc-hydro	2	40.00	Bestrophin_2	1
UHM634.41029__k141_195759_37	3	DNA_binding_1	2	66.67	PLDc_2	1
UHM584.41008__k141_73702_2	3	VKOR	2	66.67	ABC_membrane	1
UHM591.41013__k141_209025_1	5	F-box	2	40.00	Glyco_hydro_47	1
UHM554.40991__k141_56629_150	12	DNA_processg_A	4	33.33	GidB	4
UHM649.41032__k141_88534_142	3	PhyR_sigma2	3	100.00	PhyR_sigma-like	2
UHM17.10826__k141_277333_2	4	Pyrophosphatase	3	75.00	GerE	2
UHM656.41033__k141_71067_5	4	BCCT	3	75.00	3Beta_HSD	1
UHM125.35769__k141_181951_2	6	Phage_fiber_rpt	1	16.67		0
UHM634.41029__k141_66895_38	4	AAA_25	2	50.00	ChpA-C	2
UHM572.40998__k141_75133_2	4	Ribonuc_L-PSP	2	50.00	Polysacc_deac_1	2
UHM617.41023__k141_275721_1	3	SelO	3	100.00	DUF2334	1
UHM38.35752__k141_136150_1	35	Hemocyanin_C	1	2.86	Cas_Cas4	1
UHM22.35747__k141_47838_29	3	Urease_gamma	3	100.00	Acetyltransf_1	1
UHM145.35771__k141_46260_1	4	Bax1-I	2	50.00	SSB	1
UHM624.41024__k141_417497_1	8	TMP_3	1	12.50	TMP_2	1
UHM563.40994__k141_108040_14	3	Abhydrolase_1	3	100.00	AMP-binding	2
UHM634.41029__k141_188009_1	3	Phosphoesterase	3	100.00	5-nucleotidase	1
UHM22.35747__k141_26403_2	3	GIY-YIG	3	100.00	DAHP_synth_1	2
UHM17.35739__k141_32043_2	5	adh_short	2	40.00	Amino_oxidase	2
UHM615.41021__k141_72542_40	4	SSF	4	100.00	PIG-L	3
UHM125.35769__k141_51370_1	5	none	0	0.00		0
UHM41.35756__k141_102672_214	5	Glt_symporter	1	20.00	AAA_21	1
UHM636.41030__k141_94365_1	4	none	0	0.00		0
UHM666.41034__k141_349290_6	4	3D	3	75.00	Plug	1
UHM45.35759__k141_79375_15	3	Rce1-like	3	100.00		0
UHM633.41028__k141_209875_3	3	none	0	0.00		0
UHM38.35752__k141_164184_1	4	none	0	0.00		0
UHM633.41028__k141_413174_4	3	DUF6999	2	66.67		0
UHM38.35752__k141_113407_10	3	none	0	0.00		0
UHM633.41028__k141_125834_2	3	none	0	0.00		0
UHM572.40998__k141_39693_2	3	TIG	1	33.33		0
UHM632.41027__k141_15778_4	4	Hydrolase_2	1	25.00		0
UHM17.35740__k141_149012_2	3	PilN	3	100.00		0
UHM633.41028__k141_107287_1	4	none	0	0.00		0
UHM586.41010__k141_29311_3	4	Metallophos	2	50.00	RibD_C	2
UHM45.35759__k141_103854_22	3	X-Tfes_XVIPCD	2	66.67		0
UHM573.40999__k141_132569_105	4	Coa1	1	25.00		0
UHM145.35772__k141_76907_2	3	LRR_NXF1-5	1	33.33		0
UHM633.41028__k141_400665_1	6	PI-PLC-Y	1	16.67		0
UHM636.41030__k141_139023_64	6	3keto-disac_hyd	2	33.33	GtrA_DPMS_TM	1
UHM38.35753__k141_48947_249	3	PRC	3	100.00		0
UHM40.35754__k141_96999_17	7	IU_nuc_hydro	7	100.00	FCD	6
UHM18.35742__k141_44139_3	3	none	0	0.00		0
UHM624.41024__k141_239919_2	3	PseudoU_synth_2	2	66.67	Aminotran_1_2	1
UHM577.41002__k141_62026_1	5	Aldedh	3	60.00	ROK	1
UHM608.41018__k141_57115_84	3	CxxCxxCC	3	100.00	DUF4097	3
UHM624.41024__k141_359959_1	3	EGF	1	33.33		0
UHM628.41026__k141_147821_15	3	AAA_17	2	66.67	EPSP_synthase	2
UHM574.41000__k141_110592_2	4	CarbopepD_reg_2	3	75.00	Phosphodiest	2
UHM125.35770__k141_273043_3	5	none	0	0.00		0
UHM45.35758__k141_106216_1	3	GAF	1	33.33	DAO	1
UHM558.40992__k141_101831_2	5	none	0	0.00		0
UHM145.35772__k141_60796_1	3	none	0	0.00		0
UHM56.35760__k141_117269_1	3	DUF3509	3	100.00	SGSH_C	2
UHM587.41011__k141_20847_1	3	none	0	0.00		0
UHM649.41032__k141_326274_3	3	Glyoxalase	2	66.67		0
UHM125.35770__k141_38614_1	5	none	0	0.00		0
UHM22.35747__k141_120288_3	9	Alpha-amylase	7	77.78	AMP-binding	2
UHM607.41017__k141_115044_1	3	none	0	0.00		0
UHM581.41005__k141_144705_1	5	none	0	0.00		0
UHM102.35766__k141_31618_4	3	Bac_transf	3	100.00	SCP2	3
UHM624.41024__k141_458334_2	5	DUF3363	4	80.00	SLT	3
UHM20.35743__k141_61944_96	4	FAD-oxidase_C	3	75.00	Peptidase_M24	2
UHM102.35767__k141_50267_1	5	none	0	0.00		0
UHM72.35762__k141_11074_2	4	AsnC_trans_reg	4	100.00	ParE_toxin	3
UHM18.10827__k141_92416_9	3	TOBE	2	66.67		0
UHM22.35747__k141_112247_3	3	HTH_1	1	33.33	MFS_1	1
UHM17.10826__k141_157421_3	4	Glyoxalase	1	25.00	Abhydrolase_1	1
UHM590.41012__k141_88365_1	4	Beta-lactamase2	2	50.00	Peptidase_M19	2
UHM56.35760__k141_25612_1	3	none	0	0.00		0
UHM38.35752__k141_228205_174	3	CAT_RBD	1	33.33		0
UHM125.35769__k141_70553_1	3	HAGH_C	1	33.33	Acetyltransf_1	1
UHM624.41024__k141_382748_37	3	Flavin_Reduct	3	100.00	HAMP	3
UHM38.35753__k141_80948_1	4	none	0	0.00		0
UHM45.10838__k141_82770_1	3	Glucosaminidase	1	33.33		0
UHM574.41000__k141_178994_5	4	GcvP2_C	1	25.00		0
UHM31.35748__k141_26857_2	4	LytTR	1	25.00		0
UHM624.41024__k141_403994_2	3	Abhydrolase_6	1	33.33		0
UHM626.41025__k141_325726_1	4	ROS_MUCR	1	25.00	Bac_DnaA_C	1
UHM633.41028__k141_368672_3	3	DHHC	1	33.33		0
UHM18.35742__k141_184392_51	3	none	0	0.00		0
UHM611.41020__k141_117656_1	3	OMP_b-brl	3	100.00	ACP_syn_III	1
UHM17.35740__k141_44262_1	4	DUF4192	2	50.00	PLDc_2	2
UHM72.35762__k141_82212_2	4	Catalase	1	25.00		0
UHM598.41016__k141_36272_1	3	none	0	0.00		0
UHM656.41033__k141_191634_1	3	Band_7	3	100.00		0
UHM18.35742__k141_59377_1	3	none	0	0.00		0
UHM564.40995__k141_148787_290	3	DUF2514	1	33.33	ANAPC4_WD40	1
UHM656.41033__k141_95249_3	4	DAO	2	50.00	AAA	2
UHM125.35770__k141_264492_2	3	none	0	0.00		0
UHM624.41024__k141_90673_5	3	none	0	0.00		0
UHM610.41019__k141_233512_4	7	LpqE-like	3	42.86	MFS_1	2
UHM648.41909__k141_513_6	3	Phage_base_V	2	66.67	T6SS_Tle1-like_cat	2
UHM574.41000__k141_58031_1	4	Recombinase	1	25.00	GIY-YIG	1
UHM41.35757__k141_33020_1	3	CBS	1	33.33		0
UHM72.35764__k141_38636_1	9	none	0	0.00		0
UHM22.35747__k141_120419_2	3	Lipocalin_4	2	66.67	LytTR	2
UHM633.41028__k141_54068_233	3	Acetyltransf_1	2	66.67	WG_beta_rep	1
UHM648.41909__k141_152923_4	3	none	0	0.00		0
UHM20.10828__k141_46708_199	3	DUF4148	2	66.67	Asp_protease_2	1
UHM581.41005__k141_105528_104	5	AraC_binding	1	20.00	ANAPC3	1
UHM554.40991__k141_87505_3	5	CBS	2	40.00	TPR_1	1
UHM562.40993__k141_114114_7	3	CelD_N	2	66.67	ThuA	1
UHM17.10826__k141_127189_1	3	Cellulase	1	33.33		0
UHM38.35752__k141_58015_114	3	ArdA	1	33.33		0
UHM72.35764__k141_128575_1	4	Lys_phage	2	50.00	HicB-like_2	1
UHM648.41909__k141_152681_2	4	Ribosomal_S6	3	75.00	PEP-utilizers	3
UHM38.35753__k141_263513_1	3	Glycos_transf_2	3	100.00		0
UHM598.41016__k141_155178_25	3	Response_reg	2	66.67	TTHB210-like	1
UHM648.41909__k141_80455_1	4	DinB	2	50.00	DUF1572	1
UHM591.41013__k141_8040_1	8	none	0	0.00		0
UHM575.41001__k141_49276_2	3	CbtA_toxin	3	100.00		0
UHM125.35770__k141_221296_1	3	R1_ORF1_N	1	33.33		0
UHM572.40998__k141_60974_8	3	VIT1	2	66.67	FAD_binding_2	1
UHM594.41014__k141_34489_2	4	none	0	0.00		0
UHM145.35773__k141_230866_1	6	none	0	0.00		0
UHM656.41033__k141_152277_53	5	Acetyltransf_1	4	80.00	OKR_DC_1	3
UHM125.35769__k141_101584_8	3	BrxR_CTD	3	100.00	5-nucleotidase	3
UHM581.41005__k141_28619_1	3	none	0	0.00		0
UHM616.41022__k141_149179_9	4	DUF932	4	100.00		0
UHM617.41023__k141_148331_3	19	none	0	0.00		0
UHM562.40993__k141_40503_3	4	PBP_dimer	4	100.00	MreC	2
UHM22.35746__k141_132135_3	3	HTH_3	1	33.33		0
UHM633.41028__k141_516684_1	3	none	0	0.00		0
UHM633.41028__k141_427898_1	3	none	0	0.00		0
UHM56.35761__k141_78427_1	3	GemA	1	33.33		0
UHM38.10833__k141_18904_2	3	ABC_membrane	3	100.00	TACO1_YebC_N	2
UHM20.35744__k141_86263_2	3	PRE_C2HC	1	33.33		0
UHM18.35742__k141_2000_76	3	Polysacc_deac_1	2	66.67	HAD	2
UHM575.41001__k141_253678_2	3	Endonuclease_NS	1	33.33	Abhydrolase_5	1
UHM38.35752__k141_166804_2	3	Baculo_F	2	66.67		0
UHM628.41026__k141_2201_2	3	DUF6538	1	33.33		0
UHM102.10840__k141_35330_1	3	ATC_hydrolase	1	33.33		0
UHM624.41024__k141_256333_1	4	none	0	0.00		0
UHM145.35771__k141_62245_26	3	Pentapeptide	3	100.00	Lsr2_DNA-bd	2
UHM578.41003__k141_92315_2	4	OAD_beta	4	100.00	Citrate_ly_lig	2
UHM636.41030__k141_171038_2	3	4HB_MCP_1	2	66.67	ACR_tran	2
UHM102.35766__k141_142106_2	7	PIG-L	5	71.43	SSF	5
UHM628.41026__k141_90045_1	3	none	0	0.00		0
UHM598.41016__k141_277378_2	3	none	0	0.00		0
UHM649.41032__k141_137907_1	3	none	0	0.00		0
UHM656.41033__k141_3857_3	5	Bestrophin_2	2	40.00		0
UHM575.41001__k141_66769_198	4	DAO	3	75.00	FAD_binding_2	1
UHM666.41034__k141_303925_33	3	DDE_Tnp_1	1	33.33	DUF4177	1
UHM649.41032__k141_405312_236	3	Por_Secre_tail	1	33.33	ExbD	1
UHM72.35764__k141_164724_2	3	Coat_F	3	100.00	Glycos_transf_1	1
UHM41.35756__k141_43898_6	4	Helicase_C	3	75.00	Lyase_1	1
UHM41.35757__k141_35838_1	7	none	0	0.00		0
UHM580.41004__k141_226341_2	5	none	0	0.00		0
UHM31.35748__k141_7057_9	3	Whib	2	66.67	HTH_26	1
UHM632.41027__k141_142632_1	3	LexA_DNA_bind	2	66.67		0
UHM40.10834__k141_3237_4	8	Peptidase_S41	6	75.00	AC_1	4
UHM22.35746__k141_142567_22	3	Peptidase_S24	3	100.00	3Beta_HSD	1
UHM577.41002__k141_12177_2	10	none	0	0.00		0
UHM125.35770__k141_55776_1	4	none	0	0.00		0
UHM582.41006__k141_136344_1	3	none	0	0.00		0
UHM38.35753__k141_44237_2	3	SLT	3	100.00	DUF3363	2
UHM145.35772__k141_95215_799	3	Amidohydro_1	3	100.00	Band_7	2
UHM656.41033__k141_78363_4	3	none	0	0.00		0
UHM72.35762__k141_70726_2	4	LacI	3	75.00	FeoA	2
UHM38.35752__k141_80187_288	5	SGBP_N	5	100.00		0
UHM40.35755__k141_33742_1	3	AICARFT_IMPCHas	1	33.33		0
UHM565.40996__k141_125864_1	14	Band_7	1	7.14	MFS_1	1
UHM616.41022__k141_162976_4	3	YbjQ_1	2	66.67	DUF1016_N	1
UHM632.41027__k141_11058_11	3	YjiS-like	3	100.00	Peptidase_M19	1
UHM648.41909__k141_262259_1	11	none	0	0.00		0
UHM608.41018__k141_115214_26	3	cobW	2	66.67	Sulfatase	2
UHM558.40992__k141_96906_2	3	Exo_endo_phos	2	66.67		0
UHM574.41000__k141_186866_3	8	Sigma70_r2	6	75.00	AraC_N	5
UHM554.40991__k141_32527_60	3	Bac_luciferase	3	100.00	Aminotran_1_2	3
UHM565.40996__k141_32099_1	4	none	0	0.00		0
UHM20.35743__k141_98913_1	3	none	0	0.00		0
UHM610.41019__k141_101445_1	6	CK_II_beta	1	16.67		0
UHM666.41034__k141_410889_9	3	none	0	0.00		0
UHM125.35770__k141_53025_1	5	none	0	0.00		0
UHM644.41031__k141_350158_169	11	Glyoxalase	3	27.27	SnoaL	2
UHM587.41011__k141_193446_2	3	Fimbrial	1	33.33		0
UHM18.35741__k141_22143_2	3	LytTR	3	100.00	HATPase_c	3
UHM36.10832__k141_134303_84	5	Radical_SAM	2	40.00	LytTR	2
UHM615.41021__k141_107064_2	3	VanW	3	100.00	BAAT_C	2
UHM594.41014__k141_5610_2	3	none	0	0.00		0
UHM580.41004__k141_24089_3	3	HTH_3	2	66.67	DUF222	1
UHM125.35770__k141_26557_1	3	none	0	0.00		0
UHM598.41016__k141_285050_1	4	none	0	0.00		0
UHM587.41011__k141_63741_2	3	Transposase_mut	1	33.33	GrpB	1
UHM17.10826__k141_241191_1	4	none	0	0.00		0
UHM565.40996__k141_100630_14	7	Peptidase_S49	7	100.00	adh_short	6
UHM562.40993__k141_143449_3	5	MFS_1	4	80.00	PDDEXK_1	4
UHM648.41909__k141_413824_2	5	none	0	0.00		0
UHM633.41028__k141_23538_4	29	VF530	3	10.34	RCC1	2
UHM56.35761__k141_192481_1	6	none	0	0.00		0
UHM36.10832__k141_148329_2	4	RecE_M	2	50.00	DUF2737	1
UHM626.41025__k141_243188_2	3	Transgly_assoc	2	66.67	CoA_trans	2
UHM644.41031__k141_180382_129	3	none	0	0.00		0
UHM581.41005__k141_184662_2	3	Copper-bind	3	100.00	CoA_binding	1
UHM125.35769__k141_101926_12	4	SprT-like	2	50.00	Peptidase_M48	1
UHM125.35769__k141_225982_916	3	Choline_bind_1	1	33.33		0
UHM45.35758__k141_205939_6	4	none	0	0.00		0
UHM20.35743__k141_91117_5	4	RHS_repeat	1	25.00	2OG-FeII_Oxy_3	1
UHM72.35762__k141_93980_3	7	DUF6358	7	100.00	ELFV_dehydrog	4
UHM31.35748__k141_52706_2	3	DUF7059	2	66.67		0
UHM610.41019__k141_40375_33	3	DUF7943	3	100.00		0
UHM573.40999__k141_47305_1	4	none	0	0.00		0
UHM125.35770__k141_72654_2	9	PhoU	9	100.00	MbnB_TglH_ChrH	9
UHM644.41031__k141_221980_2	3	cNMP_binding	3	100.00	FixH	2
UHM590.41012__k141_20420_1	3	none	0	0.00		0
UHM633.41028__k141_139117_1	3	Methyltransf_11	1	33.33		0
UHM666.41034__k141_232803_1	3	none	0	0.00		0
UHM648.41909__k141_304748_1	4	none	0	0.00		0
UHM633.41028__k141_399847_1	3	none	0	0.00		0
UHM634.41029__k141_31374_1	4	zf-ANAPC11	1	25.00		0
UHM17.35740__k141_155545_2	12	Exo_endo_phos	1	8.33		0
UHM41.35756__k141_52392_37	3	LysE	3	100.00	Queuosine_synth	1
UHM598.41016__k141_81607_2	4	Glyco_hydro_47	1	25.00		0
UHM626.41025__k141_67599_3	3	ABC2_membrane	3	100.00	Big_12	1
UHM598.41016__k141_62184_6	3	none	0	0.00		0
UHM125.35769__k141_203469_99	4	PepSY_TM	4	100.00	FUR	1
UHM31.10830__k141_103507_64	4	TcpQ	3	75.00		0
UHM102.35766__k141_50823_2	3	ORF6N	1	33.33	Erythro_esteras	1
UHM608.41018__k141_23174_19	5	DUF4395	3	60.00	Acetyltransf_1	1
UHM573.40999__k141_125627_1	3	none	0	0.00		0
UHM633.41028__k141_109691_2	3	none	0	0.00		0
UHM36.35751__k141_71105_6	7	ZapA	6	85.71	B3_4	5
UHM17.10826__k141_260934_44	4	PhyR_sigma-like	3	75.00		0
UHM31.10830__k141_75099_5	3	PLDc_2	1	33.33	DUF7220	1
UHM587.41011__k141_103112_95	3	Endolysin	1	33.33		0
UHM573.40999__k141_175089_188	4	SusR_C	2	50.00	cNMP_binding	1
UHM145.35773__k141_27002_189	4	Rhomboid	4	100.00	Acetyltransf_CG	3
UHM145.35771__k141_125717_8	3	HTH_36	2	66.67	DUF3310	1
UHM20.35744__k141_11340_2	3	none	0	0.00		0
UHM649.41032__k141_339793_253	3	none	0	0.00		0
UHM18.35742__k141_88367_1	17	none	0	0.00		0
UHM573.40999__k141_170962_3	5	SCPU	5	100.00	PapD_N	1
UHM573.40999__k141_137211_55	3	DUF2865	2	66.67	AC_1	1
UHM648.41909__k141_63917_2	4	none	0	0.00		0
UHM17.35739__k141_25611_20	12	ROK	4	33.33	MFS_1	4
UHM598.41016__k141_208682_1	5	none	0	0.00		0
UHM17.35740__k141_25016_1	3	none	0	0.00		0
UHM45.35759__k141_21636_14	6	T6SS_HCP	3	50.00	DUF4225	2
UHM41.35757__k141_9137_7	3	NAD_binding_8	1	33.33	AAA_21	1
UHM40.10834__k141_78317_1	3	FAD_binding_6	2	66.67		0
UHM31.35748__k141_29579_1	3	HTH_3	1	33.33		0
UHM570.40997__k141_16299_2	5	MmcB-like	1	20.00	CHAP	1
UHM31.10830__k141_93500_4	5	tRNA-synt_1b	4	80.00	HHH_3	4
UHM17.35740__k141_49340_1	5	none	0	0.00		0
UHM102.35767__k141_40440_1	7	none	0	0.00		0
UHM45.35758__k141_68056_2	4	PRE_C2HC	1	25.00		0
UHM36.35751__k141_51810_62	4	none	0	0.00		0
UHM36.35750__k141_10877_99	3	OMP_b-brl	2	66.67	Peptidase_M1	2
UHM554.40991__k141_136310_22	3	none	0	0.00		0
UHM558.40992__k141_127062_2	3	none	0	0.00		0
UHM608.41018__k141_29404_1	3	4HBT_3	3	100.00	DbpA	1
UHM125.35770__k141_151861_3	4	none	0	0.00		0
UHM624.41024__k141_100346_1	4	Rrf2	2	50.00	Phytase-like	1
UHM145.35772__k141_31481_2	3	Methyltransf_11	2	66.67		0
UHM125.35769__k141_207977_1	5	none	0	0.00		0
UHM633.41028__k141_336191_3	6	VasX_N	4	66.67	Acyl-CoA_dh_1	1
UHM563.40994__k141_23376_2	5	AAA_16	4	80.00	ArAE_1	1
UHM565.40996__k141_135125_174	3	Methyltransf_25	2	66.67	Peptidase_S41	2
UHM585.41009__k141_113413_1	4	DUF6172	1	25.00	Aminotran_1_2	1
UHM598.41016__k141_163484_3	3	none	0	0.00		0
UHM565.40996__k141_192453_19	3	LytTR	2	66.67		0
UHM22.35746__k141_41149_6	3	DUF218	3	100.00	SelO	3
UHM648.41909__k141_192443_4	4	none	0	0.00		0
UHM41.35757__k141_154824_3	3	none	0	0.00		0
UHM633.41028__k141_113484_12	4	AMP-binding	2	50.00	STAS	1
UHM564.40995__k141_116165_9	3	Glyoxalase	1	33.33	AhpC-TSA	1
UHM554.40991__k141_29596_15	5	EamA	4	80.00	SH3_3	2
UHM632.41027__k141_286691_3	3	SGL	1	33.33	AprA_N	1
UHM633.41028__k141_419672_1	5	BetR	1	20.00	FG-GAP	1
UHM31.35749__k141_876_1	3	none	0	0.00		0
UHM598.41016__k141_245350_1	3	none	0	0.00		0
UHM648.41909__k141_66475_11	3	none	0	0.00		0
UHM102.35766__k141_131601_1	3	DUF982	1	33.33	Gly_rich_2	1
UHM585.41009__k141_143137_1	5	DbpA	3	60.00	F420_oxidored	2
UHM45.35758__k141_220943_1	3	none	0	0.00		0
UHM577.41002__k141_33775_22	4	Sigma70_r2	4	100.00		0
UHM617.41023__k141_199610_1	9	none	0	0.00		0
UHM626.41025__k141_334709_155	3	ArsC	3	100.00	LDcluster4	1
UHM45.35758__k141_62416_8	4	Penicillinase_R	1	25.00	GGDEF_2	1
UHM102.35767__k141_170765_96	3	CPSase_sm_chain	1	33.33		0
UHM649.41032__k141_343428_3	4	none	0	0.00		0
UHM17.35739__k141_54173_16	3	DUF6973	1	33.33		0
UHM591.41013__k141_190929_16	7	SCP_3	2	28.57	DUF4096	1
UHM45.35759__k141_10108_1	3	none	0	0.00		0
UHM554.40991__k141_138366_3	3	Amidohydro_1	2	66.67	Urease_beta	1
UHM617.41023__k141_14351_1	3	Acetyltransf_1	1	33.33	GerE	1
UHM38.35752__k141_66454_2	3	B12-binding	3	100.00	MFS_1	2
UHM145.35771__k141_40983_1	8	ICL	2	25.00	Transpeptidase	1
UHM38.35753__k141_32077_2	4	DNA_processg_A	3	75.00		0
UHM666.41034__k141_314888_2	3	RVT_1	2	66.67		0
UHM594.41014__k141_75784_7	11	TGFb_propeptide	1	9.09		0
UHM72.35763__k141_84613_5	3	none	0	0.00		0
UHM22.35746__k141_106672_2	3	Cu-oxidase_3	1	33.33	Cu-oxidase	1
UHM649.41032__k141_303002_1	3	HTH_1	1	33.33	DUF2383	1
UHM31.35748__k141_13700_1	4	DAHP_synth_1	3	75.00	DUF6616	2
UHM38.35752__k141_35837_1	9	TPR_19	1	11.11	HTH_1	1
UHM633.41028__k141_81652_1	3	none	0	0.00		0
UHM633.41028__k141_468513_12	3	Acyl_transf_3	1	33.33	CheR	1
UHM17.10826__k141_174915_1	3	bMG10	2	66.67	Exosortase_EpsH	1
UHM648.41909__k141_361338_2	3	none	0	0.00		0
UHM45.35758__k141_141079_1	5	AAA_21	1	20.00		0
UHM598.41016__k141_283129_1	3	Exo_endo_phos	1	33.33		0
UHM102.35767__k141_195910_1	3	none	0	0.00		0
UHM45.35758__k141_74169_1	3	none	0	0.00		0
UHM575.41001__k141_129451_1	3	none	0	0.00		0
UHM20.35743__k141_9500_2	3	ABC_membrane	3	100.00	Peptidase_M10	3
UHM562.40993__k141_107676_196	5	Beta_helix_4	3	60.00	DEDD_Tnp_IS110	1
UHM17.35739__k141_17102_1	3	Phage_Nu1	1	33.33	Hendrixvirinae_terminase_S	1
UHM125.35769__k141_161243_1	3	none	0	0.00		0
UHM590.41012__k141_125541_1	3	none	0	0.00		0
UHM617.41023__k141_293445_356	3	SusD-like_3	2	66.67	SusD-like_2	1
UHM624.41024__k141_398158_10	3	OsmC	3	100.00	DUF4440	1
UHM636.41030__k141_32674_2	3	Channel_Tsx	3	100.00	Sulfatase	2
UHM145.35772__k141_98159_120	9	DUF8465	9	100.00	DUF1003	5
UHM644.41031__k141_214158_13	3	HTH_17	1	33.33		0
UHM20.35744__k141_137769_1	6	none	0	0.00		0
UHM577.41002__k141_229969_1	3	none	0	0.00		0
UHM598.41016__k141_48881_2	6	ABC2_membrane_7	1	16.67		0
UHM40.35754__k141_18004_2	4	Fe-ADH	2	50.00		0
UHM17.10826__k141_95167_11	4	Pantoate_transf	4	100.00	Glycos_transf_2	3
UHM31.35749__k141_145580_1	3	Ribosomal_L20	2	66.67	AAA_21	1
UHM633.41028__k141_319161_4	3	APH	3	100.00		0
UHM644.41031__k141_22066_2	3	Phage_holin_3_6	2	66.67	HEM4	1
UHM125.35770__k141_109755_2	5	COX15-CtaA	5	100.00	UbiA	3
UHM102.35766__k141_84643_1	3	none	0	0.00		0
UHM31.35749__k141_85706_1	3	Amidase_3	2	66.67		0
UHM38.35752__k141_239739_1	5	none	0	0.00		0
UHM564.40995__k141_162794_29	3	PadR	2	66.67		0
UHM145.35773__k141_226167_1	5	Molybdopterin	1	20.00	adh_short	1
UHM626.41025__k141_289046_1	3	none	0	0.00		0
UHM610.41019__k141_220038_88	6	DUF4113	3	50.00		0
UHM565.40996__k141_46929_1	3	none	0	0.00		0
UHM610.41019__k141_195406_661	4	none	0	0.00		0
UHM634.41029__k141_292502_1	3	none	0	0.00		0
UHM610.41019__k141_272781_1	3	none	0	0.00		0
UHM636.41030__k141_121435_2	3	none	0	0.00		0
UHM608.41018__k141_148262_11	4	Acyl-ACP_TE	2	50.00	Exo_endo_phos	1
UHM41.35757__k141_104948_7	4	SusD-like_3	1	25.00	Pur_ac_phosph_N	1
UHM649.41032__k141_419331_1	3	none	0	0.00		0
UHM596.41015__k141_117038_5	3	DUF4177	2	66.67		0
UHM594.41014__k141_72055_2	3	TGT	1	33.33		0
UHM636.41030__k141_65211_10	3	AHH	1	33.33	Imm33-like	1
UHM20.35744__k141_49656_1	6	none	0	0.00		0
UHM644.41031__k141_310949_179	3	WS_DGAT_C	3	100.00		0
UHM648.41909__k141_206875_1	4	none	0	0.00		0
UHM580.41004__k141_133395_1	3	Pex2_Pex12	1	33.33		0
UHM17.35740__k141_173650_1	5	none	0	0.00		0
UHM38.35752__k141_160946_128	4	Alpha_L_fucos	4	100.00	SIR2	4
UHM644.41031__k141_289702_3	3	NYN	1	33.33	Beta-lactamase	1
UHM644.41031__k141_24357_26	3	CutC	1	33.33	RNase_PH	1
UHM598.41016__k141_129407_2	3	none	0	0.00		0
UHM72.35763__k141_29395_7	4	LytTR	2	50.00	His_kinase	2
UHM562.40993__k141_23225_2	3	E217_gp27	3	100.00	Major_capside	2
UHM648.41909__k141_198603_4	3	TatD_DNase	3	100.00	UDG	1
UHM634.41029__k141_210762_1	5	none	0	0.00		0
UHM649.41032__k141_345682_5	3	none	0	0.00		0
UHM596.41015__k141_21676_55	3	Abhydrolase_3	1	33.33	GST_C	1
UHM22.35745__k141_5422_8	3	none	0	0.00		0
UHM624.41024__k141_251084_2	3	Amidase_5	3	100.00	Phage_holin_5_2	1
UHM628.41026__k141_314798_2	5	HSP15_C	4	80.00	MatE	4
UHM577.41002__k141_47199_37	3	LytTR	2	66.67	HTH_6	2
UHM610.41019__k141_133981_28	3	CdiA_CT_tRNase	1	33.33	CdiI_2	1
UHM598.41016__k141_287096_1	3	none	0	0.00		0
UHM562.40993__k141_78512_3	5	Peptidase_M15_3	1	20.00	DUF5675	1
UHM580.41004__k141_50836_37	3	none	0	0.00		0
UHM125.35769__k141_82240_1	3	none	0	0.00		0
UHM608.41018__k141_57050_18	3	Abhydrolase_1	2	66.67	YjbQ	2
UHM17.35739__k141_88723_2	13	GATase	9	69.23	Sortase	8
UHM624.41024__k141_23313_5	3	none	0	0.00		0
UHM145.35771__k141_100368_3	3	DUF8602	1	33.33	Terminase_2	1
UHM102.35766__k141_27952_1	6	none	0	0.00		0
UHM573.40999__k141_9936_1	3	none	0	0.00		0
UHM624.41024__k141_479964_11	4	none	0	0.00		0
UHM125.35770__k141_203550_1	7	PRE_C2HC	1	14.29	Exo_endo_phos	1
UHM31.35749__k141_158770_1	3	none	0	0.00		0
UHM102.35767__k141_175391_1	3	none	0	0.00		0
UHM38.35753__k141_237055_31	3	MeaB	1	33.33	TraB_PrgY_gumN	1
UHM580.41004__k141_119928_119	3	Peptidase_M1	3	100.00		0
UHM648.41909__k141_47625_1	4	none	0	0.00		0
UHM648.41909__k141_248925_7	3	none	0	0.00		0
UHM636.41030__k141_145243_1	3	none	0	0.00		0
UHM582.41006__k141_136820_8	5	OmpA_membrane	2	40.00	ATP-grasp_3	2
UHM644.41031__k141_340955_1	6	none	0	0.00		0
UHM56.35761__k141_216881_2	3	RT_RNaseH	1	33.33		0
UHM632.41027__k141_115710_54	3	Ribosomal_L34	3	100.00		0
UHM666.41034__k141_249294_47	3	AAA_21	2	66.67	ABC_tran	1
UHM648.41909__k141_187989_4	4	Phosphoesterase	1	25.00	DUF2911	1
UHM648.41909__k141_411862_1	4	none	0	0.00		0
UHM583.41007__k141_96679_1	3	HTH_18	1	33.33		0
UHM102.35767__k141_143999_3	3	R1_ORF1_N	2	66.67		0
UHM41.35756__k141_58267_7	6	none	0	0.00		0
UHM18.35742__k141_82963_1	5	FA_desaturase	2	40.00	FumaraseC_C	1
UHM72.35762__k141_9936_3	3	none	0	0.00		0
UHM41.35757__k141_146874_154	3	HTH_18	3	100.00		0
UHM38.35752__k141_239672_218	3	Methyltransf_16	2	66.67	Sdh_cyt	2
UHM18.35742__k141_114367_2	5	RNase_H	1	20.00		0
UHM633.41028__k141_290728_2	5	none	0	0.00		0
UHM634.41029__k141_108678_1	14	none	0	0.00		0
UHM632.41027__k141_162250_1	3	none	0	0.00		0
UHM564.40995__k141_90645_13	3	TumE	2	66.67	HTH_1	1
UHM608.41018__k141_183714_4	4	DUF1570	1	25.00		0
UHM649.41032__k141_112245_1	11	Csp	2	18.18	ROK	1
UHM611.41020__k141_152415_49	6	Sigma70_ner	5	83.33	Phage_AlpA	2
UHM617.41023__k141_247916_4	5	HTH_20	3	60.00		0
UHM17.10826__k141_141774_5	3	DEAD	3	100.00	Sel1	2
UHM40.35755__k141_107911_1	3	none	0	0.00		0
UHM633.41028__k141_55991_10	4	none	0	0.00		0
UHM145.35771__k141_137275_2	3	Abhydrolase_1	2	66.67	HTH_1	2
UHM598.41016__k141_144129_11	3	F-box	1	33.33		0
UHM145.35772__k141_128860_4	3	HTH_IclR	3	100.00	UbiA	2
UHM594.41014__k141_138885_5	3	none	0	0.00		0
UHM634.41029__k141_159604_2	4	HATPase_c	2	50.00	ICL	1
UHM22.35746__k141_66824_557	3	adh_short	3	100.00	Glu_cyclase_2	2
UHM56.35760__k141_13001_1	3	none	0	0.00		0
UHM598.41016__k141_210626_76	3	AraC_binding	1	33.33	DUF3500	1
UHM632.41027__k141_304241_1	3	CCP_MauG	1	33.33	IMS	1
UHM610.41019__k141_113622_47	4	DUF3011	3	75.00	DXP_synthase_N	2
UHM72.35763__k141_17981_11	3	HD	2	66.67	IPTL-CTERM	1
UHM20.35743__k141_23519_3	4	DUF1398	1	25.00	MerR	1
UHM633.41028__k141_36663_2	3	M20_dimer	3	100.00	Cation_efflux	3
UHM564.40995__k141_54631_469	4	Amidohydro_1	3	75.00		0
UHM598.41016__k141_90782_2	8	none	0	0.00		0
UHM72.35762__k141_16459_8	4	DUF4293	4	100.00		0
UHM633.41028__k141_159539_10	4	none	0	0.00		0
UHM648.41909__k141_429269_1	5	none	0	0.00		0
UHM626.41025__k141_90189_1	3	none	0	0.00		0
UHM145.35771__k141_27497_2	3	Phage_integrase	2	66.67		0
UHM633.41028__k141_343305_2	3	none	0	0.00		0
UHM18.10827__k141_53055_8	3	Autoind_bind	2	66.67		0
UHM22.35745__k141_115566_2	3	DSBA	2	66.67	AAA_21	1
UHM102.35767__k141_58478_1	4	rve	1	25.00		0
UHM598.41016__k141_220092_6	4	none	0	0.00		0
UHM125.35770__k141_237067_1	7	none	0	0.00		0
UHM573.40999__k141_130223_1	3	none	0	0.00		0
UHM584.41008__k141_175716_3	4	MCLN_ECD	1	25.00	Glyco_transf_22	1
UHM648.41909__k141_93018_4	3	none	0	0.00		0
UHM102.35767__k141_19366_1	13	none	0	0.00		0
UHM38.35753__k141_182612_142	4	none	0	0.00		0
UHM648.41909__k141_110671_1	3	none	0	0.00		0
UHM17.10826__k141_134307_7	3	HTH_1	3	100.00	TENA_THI-4	3
UHM575.41001__k141_205017_3	7	GyrI-like	4	57.14	Abhydrolase_1	2
UHM22.35745__k141_526_2	6	none	0	0.00		0
UHM38.35752__k141_97821_4	3	HTH_3	1	33.33	DSBA	1
UHM591.41013__k141_340366_2	3	SbcC_Walker_B	1	33.33		0
UHM615.41021__k141_155232_5	3	DUF932	3	100.00	DUF5431	1
UHM573.40999__k141_104038_82	3	GKRP_SIS_2	1	33.33	MarC	1
UHM102.35767__k141_78939_25	4	Sigma70_ECF	1	25.00	GIIM	1
UHM38.35752__k141_115549_1	9	none	0	0.00		0
UHM628.41026__k141_120534_1	3	NAD_binding_1	1	33.33	SecE	1
UHM649.41032__k141_420342_170	6	Patatin	2	33.33		0
UHM36.35751__k141_64607_17	3	none	0	0.00		0
UHM598.41016__k141_259556_2	3	Lectin_C	1	33.33		0
UHM563.40994__k141_82062_84	3	Glycos_transf_2	3	100.00		0
UHM624.41024__k141_422080_4	3	FtsX	2	66.67	Exo_endo_phos	2
UHM626.41025__k141_151920_4	4	MS_channel_1st	1	25.00	TerC	1
UHM634.41029__k141_216465_2	3	AAA_23	1	33.33	adh_short	1
UHM610.41019__k141_283706_1	3	HTH_25	1	33.33	OMP_b-brl	1
UHM41.35757__k141_154752_1	4	none	0	0.00		0
UHM41.10835__k141_73276_422	4	Phosphodiest	2	50.00	HEPN	1
UHM617.41023__k141_228953_11	4	Pro_isomerase	1	25.00	Pkinase	1
UHM626.41025__k141_151756_10	3	YuaE	2	66.67	MFS_1	1
UHM656.41033__k141_96529_2	4	Esterase	2	50.00	PDDEXK_1	2
UHM18.35742__k141_116795_1	47	none	0	0.00		0
UHM17.10826__k141_120597_22	3	YbjQ_1	1	33.33	Phenol_MetA_deg	1
UHM577.41002__k141_156299_1	5	ChaC	3	60.00	Porin_2	1
UHM41.35756__k141_28836_14	4	Dak2	1	25.00	ADH_N	1
UHM581.41005__k141_80625_14	3	Radical_SAM	3	100.00	Acetyltransf_CG	2
UHM634.41029__k141_165959_2	3	M20_dimer	1	33.33	Aminotran_1_2	1
UHM564.40995__k141_59414_2	4	4HBT	4	100.00	AAA	2
UHM644.41031__k141_320289_1	3	none	0	0.00		0
UHM633.41028__k141_134644_2	4	none	0	0.00		0
UHM598.41016__k141_17227_2	7	none	0	0.00		0
UHM125.35768__k141_3366_23	3	Asp_Glu_race	3	100.00		0
UHM648.41909__k141_10749_1	7	none	0	0.00		0
UHM563.40994__k141_21593_170	3	HATPase_c	2	66.67	HTH_18	1
UHM72.35762__k141_37205_2	6	Acyl_transf_1	6	100.00		0
UHM666.41034__k141_242386_34	5	PepSY_TM	2	40.00	Xan_ur_permease	1
UHM648.41909__k141_215487_4	4	Glyco_hydro_31_3rd	1	25.00		0
UHM125.35770__k141_308524_15	4	AraC_binding	1	25.00	ABC_tran	1
UHM102.35767__k141_175128_2	3	DUF4780	1	33.33		0
UHM636.41030__k141_163044_3	4	TrwC	4	100.00		0
UHM38.35752__k141_109562_199	3	Cellulase	1	33.33	AAA_21	1
UHM125.35770__k141_302826_2	3	none	0	0.00		0
UHM45.35758__k141_169334_1	3	none	0	0.00		0
UHM610.41019__k141_128791_1	4	none	0	0.00		0
UHM636.41030__k141_243546_1	6	none	0	0.00		0
UHM575.41001__k141_5448_1	5	GTP_cyclohydro2	4	80.00	Peripla_BP_2	4
UHM624.41024__k141_70160_2	4	Pro_CA	3	75.00	DUF899	2
UHM648.41909__k141_431320_1	5	none	0	0.00		0
UHM666.41034__k141_161949_1	3	Transposase_21	1	33.33		0
UHM40.35754__k141_31500_45	4	DUF1543	2	50.00	FAD_binding_4	2
UHM596.41015__k141_58931_1	5	Acyl_transf_3	4	80.00		0
UHM17.35740__k141_162556_1	4	none	0	0.00		0
UHM596.41015__k141_595_1	3	none	0	0.00		0
UHM633.41028__k141_22832_10	8	BTB	5	62.50	BACK_BPM_SPOP	2
UHM125.35769__k141_40344_1	5	none	0	0.00		0
UHM598.41016__k141_114062_5	3	ABC_tran	2	66.67		0
UHM582.41006__k141_118308_1	3	Tnp_22_dsRBD	1	33.33		0
UHM72.35764__k141_145740_1	3	RVT_1	1	33.33		0
UHM649.41032__k141_191199_1	5	p450	2	40.00		0
UHM125.35769__k141_190051_1	6	none	0	0.00		0
UHM573.40999__k141_124319_1	3	none	0	0.00		0
UHM594.41014__k141_116914_5	8	2-oxoacid_dh	1	12.50	EXOC6_Sec15_N	1
UHM562.40993__k141_74364_2	3	AbrB	2	66.67	G3P_antiterm	2
UHM585.41009__k141_115801_1	4	AAA_19	2	50.00	NYN	1
UHM666.41034__k141_73044_35	3	MerR	1	33.33	adh_short	1
UHM38.35752__k141_233334_1	4	none	0	0.00		0
UHM40.35754__k141_138916_7	3	YgbB	2	66.67	Glyoxalase	1
UHM40.35754__k141_29916_28	3	Ribosomal_L27	1	33.33	DUF5686	1
UHM649.41032__k141_134195_7	4	HAGH_C	2	50.00		0
UHM45.35758__k141_30288_3	3	DUF8803	2	66.67		0
UHM577.41002__k141_51499_1	3	none	0	0.00		0
UHM45.10838__k141_67058_4	3	YajC	1	33.33	Glyco_hydro_88	1
UHM598.41016__k141_287889_2	3	zf-UBP_var	1	33.33		0
UHM584.41008__k141_178772_1	3	LytTR	2	66.67		0
UHM617.41023__k141_25026_8	5	none	0	0.00		0
UHM564.40995__k141_95468_132	3	DUF4230	3	100.00	GerE	1
UHM591.41013__k141_92843_74	3	MFS_1	1	33.33		0
UHM632.41027__k141_310741_3	3	5-nucleotidase	2	66.67	Copper-bind	1
UHM563.40994__k141_75345_130	6	Anticodon_1	3	50.00	EamA	2
UHM624.41024__k141_488046_1	3	none	0	0.00		0
UHM564.40995__k141_22553_2	3	WXXGXW	2	66.67	DoxX	2
UHM633.41028__k141_447631_2	4	Cellulose_synt	1	25.00	Pur_DNA_glyco	1
UHM102.35767__k141_120859_3	3	none	0	0.00		0
UHM22.35747__k141_105392_8	3	DZR	2	66.67		0
UHM611.41020__k141_128691_1	5	none	0	0.00		0
UHM598.41016__k141_27752_1	3	Polysacc_deac_1	2	66.67	Flavodoxin_2	1
UHM598.41016__k141_3465_1	4	none	0	0.00		0
UHM45.35758__k141_230912_238	10	HATPase_c	5	50.00	Beta_helix	1
UHM594.41014__k141_92287_5	4	none	0	0.00		0
UHM102.35766__k141_58703_3	3	HAGH_C	3	100.00	E1-E2_ATPase	3
UHM554.40991__k141_119974_4	3	DUF8416	3	100.00	Usp	2
UHM562.40993__k141_15355_3	4	Aldo_ket_red	2	50.00	PepSY_TM	2
UHM20.35743__k141_129186_60	3	none	0	0.00		0
UHM20.35743__k141_89631_1	3	Phage_holin_Dp1	2	66.67	Phage_holin_5_2	1
UHM648.41909__k141_141270_2	4	none	0	0.00		0
UHM565.40996__k141_64545_1	4	none	0	0.00		0
UHM20.35743__k141_121537_3	4	MerR	1	25.00		0
UHM125.35769__k141_232429_3	3	Gypsy	2	66.67	RT_RNaseH	1
UHM72.35764__k141_80058_67	3	RecT	1	33.33	DUF3799	1
UHM582.41006__k141_130817_1	3	Phage_capsid_4	1	33.33		0
UHM624.41024__k141_4018_1	3	none	0	0.00		0
UHM40.35754__k141_58146_415	3	Flavin_Reduct	3	100.00	DUF347	1
UHM583.41007__k141_120179_1	3	none	0	0.00		0
UHM40.35755__k141_66157_189	6	HTH_26	2	33.33	HNH	1
UHM636.41030__k141_60532_1	4	RraB	3	75.00	Sulfatase	2
UHM36.35750__k141_75424_2	3	DEDD_Tnp_IS110	1	33.33		0
UHM624.41024__k141_105895_18	3	none	0	0.00		0
UHM102.35767__k141_115117_1	11	none	0	0.00		0
UHM626.41025__k141_10857_1	3	none	0	0.00		0
UHM145.35772__k141_22244_2	3	TPR_2	1	33.33		0
UHM56.35760__k141_83497_1	4	none	0	0.00		0
UHM38.35753__k141_191121_11	5	Sipho_Gp157	4	80.00		0
UHM580.41004__k141_35836_17	3	CsbD	3	100.00		0
UHM38.35753__k141_20079_1	3	none	0	0.00		0
UHM575.41001__k141_54808_2	3	MobA_MobL	3	100.00		0
UHM591.41013__k141_383940_1	3	none	0	0.00		0
UHM596.41015__k141_212336_2	3	none	0	0.00		0
UHM577.41002__k141_112565_16	3	none	0	0.00		0
UHM610.41019__k141_163963_2	5	DUF3829	2	40.00	NTP_transf_6	1
UHM580.41004__k141_84699_1	3	none	0	0.00		0
UHM586.41010__k141_34649_2	3	DHDPS	1	33.33	DUF3047	1
UHM72.35764__k141_89885_118	3	VIT	1	33.33	ATP-grasp_2	1
UHM648.41909__k141_362314_1	3	none	0	0.00		0
UHM125.35770__k141_143973_1	5	none	0	0.00		0
UHM17.10826__k141_267970_3	3	none	0	0.00		0
UHM17.35740__k141_104844_1	4	none	0	0.00		0
UHM41.10835__k141_86759_3	3	DUF179	3	100.00	SBF	1
UHM17.35739__k141_64350_2	12	DUF8412	8	66.67	AnmK	4
UHM644.41031__k141_125431_2	3	none	0	0.00		0
UHM41.35757__k141_72951_1	5	MarR	1	20.00	AMP-binding	1
UHM20.35743__k141_97676_10	3	DUF932	3	100.00	AAA_15	1
UHM598.41016__k141_228183_2	3	Dae2	1	33.33		0
UHM17.10826__k141_133235_4	3	none	0	0.00		0
UHM102.35767__k141_90057_4	4	Exo_endo_phos	1	25.00		0
UHM125.35769__k141_233072_1	5	none	0	0.00		0
UHM584.41008__k141_197128_112	11	Lipoprotein_16	10	90.91		0
UHM18.35742__k141_134951_38	3	DUF8413	3	100.00		0
UHM611.41020__k141_48280_3	3	Cutinase	3	100.00	GmrSD_C	1
UHM145.35773__k141_131323_1	7	none	0	0.00		0
UHM648.41909__k141_203660_15	3	none	0	0.00		0
UHM41.35757__k141_168498_1	9	YchJ_M-like	5	55.56	SEC-C	2
UHM649.41032__k141_46549_21	3	FHIPEP	3	100.00	Type_III_YscX	2
UHM22.35746__k141_104681_2	3	R1_ORF1_N	1	33.33	RNase_H	1
UHM598.41016__k141_26403_1	3	AAA_21	1	33.33	Penicil_amidase	1
UHM577.41002__k141_217040_1	5	DUF1275	4	80.00	AAA_30	3
UHM594.41014__k141_96516_10	3	P_proprotein	1	33.33	LytTR	1
UHM31.35748__k141_77635_1	6	Bac_GDH_CD	4	66.67	AAA_3	2
UHM648.41909__k141_154623_1	3	Helitron_like_N	1	33.33		0
UHM584.41008__k141_54178_55	3	DUF6492	3	100.00		0
UHM41.10835__k141_20821_1	3	none	0	0.00		0
UHM38.35752__k141_68931_2	6	none	0	0.00		0
UHM574.41000__k141_148669_1	5	EAL	1	20.00	RcnB	1
UHM125.35769__k141_74488_2	3	UPF0060	2	66.67		0
UHM102.10840__k141_10740_1	3	none	0	0.00		0
UHM644.41031__k141_298450_1360	3	Sigma70_ECF	3	100.00		0
UHM20.10828__k141_159133_3	5	DEAD	4	80.00	Amidase_2	2
UHM636.41030__k141_229604_2	4	Aminotran_1_2	1	25.00	DUF4880	1
UHM587.41011__k141_166800_1	10	none	0	0.00		0
UHM564.40995__k141_88587_1	4	none	0	0.00		0
UHM648.41909__k141_408121_4	3	none	0	0.00		0
UHM591.41013__k141_227735_2	3	none	0	0.00		0
UHM562.40993__k141_84390_9	5	Abhydrolase_1	1	20.00		0
UHM562.40993__k141_108564_11	5	Metallophos	2	40.00	Ead_Ea22	1
UHM598.41016__k141_183657_7	3	none	0	0.00		0
UHM583.41007__k141_167927_2	3	GerE	3	100.00	Acetyltransf_1	3
UHM125.35770__k141_137280_1	4	SSB	1	25.00	HTH_17	1
UHM636.41030__k141_23560_588	4	LysM	4	100.00	Toluene_X	1
UHM41.35756__k141_62781_10	3	NADAR	1	33.33	HTH_3	1
UHM624.41024__k141_59906_1	7	CBS	7	100.00	LptC	5
UHM558.40992__k141_113109_1	4	none	0	0.00		0
UHM581.41005__k141_174406_2	10	Phage_lysozyme	2	20.00	Endolysin	1
UHM38.35752__k141_119971_2	3	Gypsy	1	33.33		0
UHM634.41029__k141_118146_1	8	none	0	0.00		0
UHM40.35754__k141_61219_35	3	MazG	1	33.33	Desulfoferrodox	1
UHM56.35760__k141_53716_2	3	N6_N4_Mtase	3	100.00	Antiterm	1
UHM591.41013__k141_167480_1	4	DUF305	1	25.00		0
UHM22.35747__k141_24626_1959	3	BPD_transp_2	3	100.00		0
UHM636.41030__k141_129021_1	4	DNA_processg_A	4	100.00	Topoisom_bac	2
UHM633.41028__k141_472633_57	3	Sigma70_r2	3	100.00		0
UHM666.41034__k141_301468_1	3	none	0	0.00		0
UHM633.41028__k141_526326_1	11	RVT_1	1	9.09		0
UHM31.35749__k141_86318_2	3	Exo_endo_phos	1	33.33	Gag_N	1
UHM617.41023__k141_282981_1	3	none	0	0.00		0
UHM558.40992__k141_185826_2	3	none	0	0.00		0
UHM41.10835__k141_15300_14	6	Relaxase	4	66.67	DEAD	1
UHM38.35752__k141_105972_51	4	DMP19	3	75.00	OMP_b-brl	1
UHM633.41028__k141_493245_5	3	none	0	0.00		0
UHM40.35755__k141_84208_22	3	HTH_36	1	33.33	ANT	1
UHM626.41025__k141_58967_1	3	none	0	0.00		0
UHM633.41028__k141_199482_95	3	HTH_20	1	33.33	DUF559	1
UHM45.35758__k141_163881_1	3	none	0	0.00		0
UHM598.41016__k141_136017_1	6	none	0	0.00		0
UHM125.35770__k141_246324_13	3	Glycos_transf_2	3	100.00	AHSA1	1
UHM656.41033__k141_299609_2	3	CSD	1	33.33	DUF8740	1
UHM644.41031__k141_329715_16	6	SapC	5	83.33	ADH_N_2	3
UHM586.41010__k141_75460_49	4	Peptidase_C92	4	100.00		0
UHM570.40997__k141_105549_1	3	none	0	0.00		0
UHM587.41011__k141_114995_3	5	Anticodon_1	5	100.00	PQQ_2	5
UHM578.41003__k141_30714_274	3	GHL10	3	100.00	OMP_b-brl	2
UHM607.41017__k141_84365_4	4	PATR	2	50.00	Autotransporter	1
UHM633.41028__k141_443423_1	6	none	0	0.00		0
UHM586.41010__k141_110921_2	3	YceI	2	66.67	BetaGal_ABD2	1
UHM20.35744__k141_193050_5	3	none	0	0.00		0
UHM590.41012__k141_142930_10	3	X-Tfes_XVIPCD	3	100.00		0
UHM145.35771__k141_141018_1	3	HTH_1	1	33.33		0
UHM590.41012__k141_258790_1	3	Glycos_transf_2	1	33.33	AAA_28	1
UHM18.35742__k141_48226_1	6	DUF4780	1	16.67	MFS_1	1
UHM45.35758__k141_35984_1	4	none	0	0.00		0
UHM18.35741__k141_12420_1	6	HTH_7	1	16.67	Lipase_GDSL	1
UHM598.41016__k141_165984_10	3	none	0	0.00		0
UHM580.41004__k141_55147_21	5	YagK_YfjJ_C	4	80.00	HNH	1
UHM558.40992__k141_1933_1	10	PNPOx_N	8	80.00	Rick_17kDa_Anti	7
UHM17.35740__k141_27052_22	3	Secretin	3	100.00		0
UHM648.41909__k141_415723_1	3	none	0	0.00		0
UHM22.35747__k141_42361_164	3	Aldedh	3	100.00	Usp	2
UHM575.41001__k141_200082_2	3	rve	1	33.33		0
UHM633.41028__k141_105643_1	156	Pkinase	2	1.28	DUF3915	2
UHM633.41028__k141_237978_7	14	zf-C2H2	4	28.57	zf-H2C2_2	1
UHM56.35760__k141_20975_24	3	none	0	0.00		0
UHM598.41016__k141_259722_1	3	none	0	0.00		0
UHM598.41016__k141_172104_1	3	HTH_11	2	66.67	3Beta_HSD	1
UHM636.41030__k141_34716_1	3	none	0	0.00		0
UHM607.41017__k141_161527_1	3	Cys_Met_Meta_PP	1	33.33		0
UHM36.35750__k141_13625_12	3	Glyoxalase	3	100.00	RtcB	3
UHM565.40996__k141_26530_1	3	none	0	0.00		0
UHM572.40998__k141_129579_90	3	ddrB-ParB	2	66.67	Peptidase_S74	2
UHM145.35771__k141_46876_81	3	HTH_23	3	100.00		0
UHM573.40999__k141_165513_2	4	RecR_C	3	75.00	RmuC	1
UHM145.35773__k141_58360_1	3	none	0	0.00		0
UHM45.35758__k141_197685_1	3	none	0	0.00		0
UHM45.35758__k141_30029_7	7	SH3_3	1	14.29	Bac_DNA_binding	1
UHM18.10827__k141_68416_17	3	HAD_2	3	100.00	Flavodoxin_5	1
UHM584.41008__k141_140287_176	4	BcsG_N	2	50.00	Glyco_hydro_8	1
UHM45.10838__k141_23586_1	3	AC_1	2	66.67	PDZ	1
UHM578.41003__k141_50261_2	5	ECH_1	2	40.00	ALAD	2
UHM20.35744__k141_208749_1	3	none	0	0.00		0
UHM125.35769__k141_36252_3	3	Phage_Mu_Gp36	3	100.00		0
UHM598.41016__k141_94717_2	3	none	0	0.00		0
UHM634.41029__k141_84542_1	3	none	0	0.00		0
UHM18.35742__k141_14530_38	3	OMP_b-brl_3	3	100.00	Sel1	3
UHM573.40999__k141_13148_356	3	RusA	2	66.67	IDEAL	2
UHM617.41023__k141_220985_2	4	none	0	0.00		0
UHM575.41001__k141_196264_1	5	none	0	0.00		0
UHM649.41032__k141_34592_1	4	HMA	1	25.00	RHS_repeat	1
UHM633.41028__k141_65255_4	5	Oxidored_molyb	4	80.00	eIF-1a	4
UHM72.35763__k141_92537_7	3	Glyco_hydro_92	2	66.67	SocA_Panacea	1
UHM577.41002__k141_166602_207	3	Cation_efflux	3	100.00		0
UHM125.35770__k141_287258_1	3	none	0	0.00		0
UHM38.35753__k141_221751_2	5	none	0	0.00		0
UHM45.35758__k141_113213_1	3	RT_RNaseH	1	33.33		0
UHM581.41005__k141_12537_191	7	TerC	2	28.57	M20_dimer	1
UHM628.41026__k141_71940_1	5	none	0	0.00		0
UHM626.41025__k141_158964_6	5	Metallophos	1	20.00	Peptidase_S41	1
UHM31.35749__k141_110862_15	3	Bactofilin	2	66.67		0
UHM591.41013__k141_251476_5	3	N6_N4_Mtase	1	33.33	Dam	1
UHM558.40992__k141_138148_1	4	none	0	0.00		0
UHM578.41003__k141_64270_330	5	Peptidase_S41	2	40.00	CarbopepD_reg_2	2
UHM22.35745__k141_55439_223	3	Abhydrolase_9	2	66.67	Na_H_antiport_1	2
UHM608.41018__k141_62331_2	3	DALR_1	2	66.67	Sua5_C	1
UHM565.40996__k141_165543_2	4	none	0	0.00		0
UHM125.35769__k141_44945_344	3	LytTR	1	33.33	Glyco_hydro_18	1
UHM626.41025__k141_254449_11	3	FAD_binding_9	3	100.00	Pro_dh	3
UHM574.41000__k141_32349_220	3	DUF5017	2	66.67	Arf	2
UHM22.35746__k141_119037_10	9	HTH_1	3	33.33	Acetyltransf_1	2
UHM648.41909__k141_422301_7	3	p450	1	33.33		0
UHM145.35771__k141_59503_42	3	Aminotran_1_2	3	100.00	PepSY_TM	1
UHM570.40997__k141_4109_32	3	none	0	0.00		0
UHM615.41021__k141_135730_64	7	Orn_Arg_deC_N	3	42.86	CSD	1
UHM40.35755__k141_21477_42	3	Acetyltransf_1	3	100.00	Methyltransf_11	2
UHM22.35746__k141_73793_2	3	DUF1799	1	33.33		0
UHM56.35760__k141_52097_2	3	Baculo_F	1	33.33		0
UHM598.41016__k141_100091_560	3	Lactonase	3	100.00	Peptidase_M23	3
UHM564.40995__k141_28764_2	6	none	0	0.00		0
UHM22.35747__k141_12618_2	3	ABC1	3	100.00	RF-1	2
UHM583.41007__k141_189892_8	4	T2SSM_b	4	100.00	Secretin	4
UHM626.41025__k141_273686_1	3	DUF5712	3	100.00	HTH_17	1
UHM648.41909__k141_279385_2	5	none	0	0.00		0
UHM31.10830__k141_103508_66	3	DUF6075	2	66.67		0
UHM624.41024__k141_267062_6	3	none	0	0.00		0
UHM644.41031__k141_105526_1	3	DUF308	2	66.67	TPP_enzyme_C	1
UHM624.41024__k141_263248_1	3	none	0	0.00		0
UHM38.35753__k141_172707_36	3	VapE-like_dom	3	100.00		0
UHM644.41031__k141_255799_88	3	none	0	0.00		0
UHM125.35770__k141_242840_2	3	none	0	0.00		0
UHM36.35750__k141_54968_1	3	DDE_Tnp_1_5	1	33.33		0
UHM22.35747__k141_41888_6	3	DHFR_1	2	66.67	MIP	1
UHM634.41029__k141_113863_162	3	none	0	0.00		0
UHM633.41028__k141_194544_1	3	none	0	0.00		0
UHM624.41024__k141_208466_6	4	DsbB	1	25.00		0
UHM581.41005__k141_22310_1	3	Multi_Drug_Res	2	66.67	RHS_repeat	2
UHM617.41023__k141_281631_3	3	PDDEXK_1	2	66.67	Cas_Cas4	1
UHM17.35740__k141_166538_350	3	Methyltransf_11	1	33.33	MarR	1
UHM644.41031__k141_63560_4	4	LacI	1	25.00		0
UHM574.41000__k141_190887_60	4	AP_endonuc_2	2	50.00	Amino_oxidase	1
UHM41.35757__k141_132739_1	3	none	0	0.00		0
UHM578.41003__k141_13524_1	3	DUF2934	1	33.33	HTH_8	1
UHM145.35771__k141_85081_3	4	Abhydrolase_1	1	25.00		0
UHM36.10832__k141_172499_26	3	DNA_pol3_alpha	3	100.00	Aminotran_1_2	3
UHM554.40991__k141_158437_2	3	SpoU_methylase	2	66.67		0
UHM125.35769__k141_199585_12	4	Gp49	1	25.00	Arc	1
UHM583.41007__k141_141374_116	5	none	0	0.00		0
UHM36.35751__k141_27078_7	3	HigB-like_toxin	2	66.67		0
UHM596.41015__k141_57380_58	3	none	0	0.00		0
UHM20.35743__k141_85266_6	5	tPilZ	5	100.00	FliS	5
UHM583.41007__k141_2865_1	3	none	0	0.00		0
UHM633.41028__k141_350359_1	4	none	0	0.00		0
UHM634.41029__k141_223873_6	6	Sigma70_r2	4	66.67	CheR	2
UHM649.41032__k141_20597_7	3	GST_C	1	33.33	UDG	1
UHM56.35760__k141_117273_1	6	none	0	0.00		0
UHM580.41004__k141_154982_22	3	GSDH	2	66.67	SPOUT_MTase	2
UHM610.41019__k141_261226_1	3	none	0	0.00		0
UHM626.41025__k141_50955_48	5	Ammonium_transp	4	80.00	Acyl-CoA_dh_1	4
UHM40.35754__k141_2659_1	3	none	0	0.00		0
UHM125.35770__k141_244197_1	3	none	0	0.00		0
UHM580.41004__k141_46350_287	3	DoxX	3	100.00	MbnB_TglH_ChrH	3
UHM31.35749__k141_154906_2	4	Urease_gamma	4	100.00	CarbopepD_reg_2	3
UHM636.41030__k141_273609_12	3	none	0	0.00		0
UHM615.41021__k141_71521_3	6	DUF488	4	66.67	DUF333	2
UHM563.40994__k141_8919_17	4	HTH_27	4	100.00	Epimerase	3
UHM565.40996__k141_177510_2	3	none	0	0.00		0
UHM17.10826__k141_145388_1	3	HCS_D2	1	33.33		0
UHM617.41023__k141_8078_2	4	CLP_protease	3	75.00	Sigma70_r2	1
UHM40.10834__k141_62095_1	3	HTH_1	1	33.33		0
UHM598.41016__k141_265829_2	4	K_trans	3	75.00	AHH	1
UHM624.41024__k141_462248_682	3	DUF2971	1	33.33	TMP_3	1
UHM38.35752__k141_131517_1	3	none	0	0.00		0
UHM648.41909__k141_214572_1	5	none	0	0.00		0
UHM607.41017__k141_29107_1	3	GST_C	1	33.33		0
UHM565.40996__k141_199168_7	3	Pentapeptide	1	33.33	Cu-oxidase_2	1
UHM17.10826__k141_286092_1	3	DEAD	1	33.33	Plug	1
UHM634.41029__k141_275426_10	8	ATP-grasp_3	6	75.00	Response_reg	3
UHM56.35760__k141_10279_1	7	none	0	0.00		0
UHM570.40997__k141_25533_40	3	Anti-Pycsar_Apyc1	3	100.00	LD_SV2	2
UHM649.41032__k141_806_3	5	NUDIX	3	60.00	SIMPL	2
UHM644.41031__k141_122233_1	3	ABC_membrane	3	100.00		0
UHM648.41909__k141_147759_6	4	HATPase_c	4	100.00		0
UHM45.35758__k141_74700_100	11	Usp	1	9.09	NiFe_hyd_SSU_C	1
UHM145.35772__k141_18482_43	5	MSSS	1	20.00	Response_reg	1
UHM633.41028__k141_140416_4	3	none	0	0.00		0
UHM41.35756__k141_119990_94	3	ddrB-ParB	2	66.67	ART-PolyVal	1
UHM18.35742__k141_197327_1	6	none	0	0.00		0
UHM591.41013__k141_299851_67	4	AAA	1	25.00	Pro_isomerase	1
UHM20.35743__k141_88419_14	3	SnoaL_2	1	33.33	DUF4116	1
UHM45.35758__k141_187868_1	9	none	0	0.00		0
UHM633.41028__k141_94542_2	3	Asp_Glu_race	2	66.67		0
UHM644.41031__k141_94425_2	3	none	0	0.00		0
UHM633.41028__k141_14532_3	3	F-box	1	33.33		0
UHM632.41027__k141_258591_1	3	none	0	0.00		0
UHM573.40999__k141_53746_1	3	META	1	33.33		0
UHM145.35771__k141_2272_2	8	Terminase_6C	3	37.50	Terminase_6N	2
UHM624.41024__k141_461201_1	3	HHH_9	1	33.33		0
UHM598.41016__k141_67903_222	4	Ku	2	50.00		0
UHM17.10826__k141_119684_2	7	4HBT	5	71.43	DUF599	5
UHM649.41032__k141_35245_3	7	KduI	7	100.00	AP_endonuc_2	6
UHM570.40997__k141_46863_6	3	Sortase	3	100.00	LssY_C	1
UHM577.41002__k141_29722_1	3	5_3_exonuc	2	66.67	AraC_binding	1
UHM72.35763__k141_44550_14	7	LPD3	3	42.86	LPD38	2
UHM565.40996__k141_160302_1	3	RT_RNaseH	2	66.67	Gag_N	1
UHM17.10826__k141_274217_2	3	TMP_3	3	100.00		0
UHM617.41023__k141_84633_4	6	DUF6364	3	50.00	Eco57I	1
UHM624.41024__k141_393966_6	3	Acetyltransf_1	3	100.00	Abhydrolase_1	1
UHM648.41909__k141_331347_1	3	APH	1	33.33		0
UHM38.35752__k141_82021_2	3	DUF1176	3	100.00		0
UHM607.41017__k141_105974_3	3	HTH_18	2	66.67	adh_short	1
UHM666.41034__k141_249877_1	3	none	0	0.00		0
UHM72.35764__k141_11463_3	4	SMC_ScpB	4	100.00		0
UHM38.35752__k141_138468_24	3	DUF6493	1	33.33	DUF1016_N	1
UHM608.41018__k141_63520_1	3	SET	1	33.33	Glyco_hydro_43	1
UHM633.41028__k141_336282_1	3	none	0	0.00		0
UHM666.41034__k141_432764_1	3	none	0	0.00		0
UHM102.35766__k141_70652_1	4	AAA_19	2	50.00		0
UHM102.35767__k141_211689_5	5	VasX_N	2	40.00	CTP_transf_1	2
UHM586.41010__k141_31397_12	3	Glyco_hydro_1	3	100.00		0
UHM626.41025__k141_266473_2	7	HTH_23	2	28.57	SCPU	1
UHM656.41033__k141_189558_1	3	none	0	0.00		0
UHM36.10832__k141_32832_290	3	IstB_IS21	1	33.33		0
UHM102.35766__k141_104585_2	3	AAA_19	1	33.33		0
UHM563.40994__k141_124267_2	5	Arm-DNA-bind_3	5	100.00	DeoC	1
UHM145.35772__k141_92126_1	3	Exo_endo_phos	2	66.67		0
UHM45.35758__k141_84213_1	3	none	0	0.00		0
UHM17.10826__k141_214055_2	3	LPD38	1	33.33	InPase	1
UHM636.41030__k141_200428_1	6	none	0	0.00		0
UHM575.41001__k141_130304_1	3	none	0	0.00		0
UHM564.40995__k141_27955_1	4	none	0	0.00		0
UHM125.35769__k141_23388_1	3	none	0	0.00		0
UHM564.40995__k141_161097_2	3	CDP-OH_P_transf	2	66.67		0
UHM626.41025__k141_84537_5	3	HTH_18	3	100.00		0
UHM644.41031__k141_275906_3	3	DUF4134	2	66.67	DUF4133	1
UHM587.41011__k141_71143_299	3	HTH_1	2	66.67	MAPEG	2
UHM72.35762__k141_110319_7	3	HTH_35	3	100.00	Integrase_1	2
UHM38.35752__k141_168379_2	5	TonB_2	2	40.00	Response_reg	1
UHM634.41029__k141_309691_3	3	CitMHS	3	100.00	PapC_C	3
UHM632.41027__k141_172073_227	3	TnpB_IS66	1	33.33	ANAPC3	1
UHM125.35769__k141_62382_1	3	none	0	0.00		0
UHM20.35744__k141_42432_8	3	Mor	2	66.67		0
UHM633.41028__k141_243871_6	3	Exo_endo_phos	3	100.00	LTXXQ	2
UHM20.35744__k141_113703_2	4	none	0	0.00		0
UHM648.41909__k141_162343_2	6	none	0	0.00		0
UHM648.41909__k141_371726_1	3	none	0	0.00		0
UHM624.41024__k141_358551_1	3	Pyridox_ox_2	1	33.33	Aldedh	1
UHM649.41032__k141_263780_122	6	His_kinase	4	66.67	AAA_21	4
UHM38.35752__k141_142168_1	3	none	0	0.00		0
UHM584.41008__k141_133738_2	3	none	0	0.00		0
UHM36.35751__k141_64607_16	4	N6_Mtase	2	50.00		0
UHM617.41023__k141_278216_3	5	DUF4180	3	60.00	HAD	2
UHM17.35739__k141_97919_3	3	Methyltransf_11	3	100.00		0
UHM20.35744__k141_34889_3	3	zf-CCHC	1	33.33	Integrase_H2C2	1
UHM125.35769__k141_209457_4	3	none	0	0.00		0
UHM598.41016__k141_190702_1	5	ECH_1	1	20.00		0
UHM41.35757__k141_21649_1	3	none	0	0.00		0
UHM633.41028__k141_436894_418	3	5_3_exonuc	2	66.67	Acetyltransf_1	2
UHM31.35748__k141_21722_1	3	Thioredoxin_2	3	100.00	Glyco_hydro_3	2
UHM565.40996__k141_64520_115	3	AAA_19	3	100.00		0
UHM20.35744__k141_111611_2	3	none	0	0.00		0
UHM666.41034__k141_238473_3	3	GAF	1	33.33	Ank	1
UHM45.35758__k141_132838_7	3	HmuY	2	66.67	Heme_oxygenase	1
UHM125.35770__k141_122938_2	3	HWE_HK	3	100.00	DUF982	2
UHM558.40992__k141_54375_161	3	Peptidase_M15_4	1	33.33	Glyco_hydro_108	1
UHM145.35771__k141_8140_141	3	MFS_1	3	100.00	Rhodanese	2
UHM656.41033__k141_32027_2	3	Mito_fiss_Elm1	2	66.67	NAD_binding_7	1
UHM102.35766__k141_162317_1	3	Mpo1-like	2	66.67		0
UHM31.35749__k141_130045_1	4	HTH_Tnp_Tc3_2	1	25.00	DDE_3	1
UHM18.10827__k141_59229_20	3	MFS_1	2	66.67	Cass2	2
UHM125.35768__k141_48347_2	3	Recombinase	3	100.00		0
UHM570.40997__k141_74954_4	4	GFO_IDH_MocA	2	50.00	DUF2459	2
UHM633.41028__k141_367557_169	3	Gly_transporter	3	100.00	DivIC	2
UHM56.35760__k141_121875_1	3	none	0	0.00		0
UHM17.35739__k141_52631_2	5	Na_Ca_ex	3	60.00	Cytochrome_B	2
UHM617.41023__k141_315029_3	3	DUF6127	1	33.33		0
UHM626.41025__k141_268271_4	7	MotA_ExbB	3	42.86		0
UHM40.35755__k141_37355_1	3	WxL	2	66.67		0
UHM633.41028__k141_106665_2	8	none	0	0.00		0
UHM125.35769__k141_30990_1	4	none	0	0.00		0
UHM574.41000__k141_83630_1	3	Peptidase_S8	1	33.33		0
UHM591.41013__k141_54967_3	3	Glyoxalase	1	33.33	HTH_1	1
UHM649.41032__k141_203878_1	5	PALP	5	100.00	FecR	1
UHM583.41007__k141_76015_1	4	Phage_integrase	1	25.00	DeoRC	1
UHM18.35741__k141_131878_3	3	SCPU	1	33.33		0
UHM610.41019__k141_205151_22	3	DUF6750	3	100.00		0
UHM636.41030__k141_173335_2	3	APH	3	100.00	TerC	1
UHM578.41003__k141_28500_1	3	none	0	0.00		0
UHM102.10840__k141_1706_4	3	Response_reg	1	33.33	Pirin	1
UHM632.41027__k141_125770_2	4	none	0	0.00		0
UHM591.41013__k141_295628_53	8	ATPase	6	75.00	HypF_C_2	5
UHM617.41023__k141_211937_2	3	AHSA1	1	33.33	DUF553	1
UHM570.40997__k141_46216_90	3	none	0	0.00		0
UHM20.35744__k141_95805_1	3	none	0	0.00		0
UHM125.35769__k141_264531_1	3	none	0	0.00		0
UHM563.40994__k141_107348_445	6	PepSY_TM	5	83.33	XusB	1
UHM649.41032__k141_237751_1	4	C2	1	25.00		0
UHM666.41034__k141_97972_1	10	none	0	0.00		0
UHM633.41028__k141_304387_1	3	DUF421	2	66.67	Catalase	1
UHM38.10833__k141_18582_5	3	Aldo_ket_red	3	100.00	Aminotran_1_2	2
UHM45.35758__k141_57411_12	4	Abhydrolase_2	1	25.00		0
UHM40.35754__k141_55565_1	4	LacY_symp	1	25.00	A_deaminase	1
UHM615.41021__k141_73104_88	3	M60-like_N	1	33.33	MgtC	1
UHM636.41030__k141_68146_1	3	none	0	0.00		0
UHM41.35757__k141_93506_1	3	AlkZ-like	3	100.00	DUF4113	1
UHM56.35760__k141_77915_2	5	Exo_endo_phos_2	1	20.00		0
UHM594.41014__k141_28298_4	9	Sigma70_r2	8	88.89	Cyt_bd_oxida_I	3
UHM72.35762__k141_16809_244	10	Rho_N	5	50.00	GerE	3
UHM72.35764__k141_67526_283	3	Sigma70_r2	3	100.00		0
UHM615.41021__k141_102857_2	3	ABC_membrane	2	66.67	Polysacc_deac_1	2
UHM563.40994__k141_32375_73	5	Thioredoxin	2	40.00	CarbopepD_reg_2	1
UHM580.41004__k141_65665_1	3	none	0	0.00		0
UHM125.35769__k141_116189_2	3	Esterase	3	100.00	ADH_N	2
UHM41.35757__k141_54715_2	3	RVT_1	1	33.33		0
UHM31.35749__k141_54195_80	3	Methyltransf_11	3	100.00	Band_7	2
UHM633.41028__k141_191263_2	4	EB	2	50.00		0
UHM587.41011__k141_29766_1	4	Methyltransf_25	1	25.00	Methyltransf_16	1
UHM591.41013__k141_385683_25	3	HTH_18	1	33.33		0
UHM577.41002__k141_191876_1	4	Exo_endo_phos_2	1	25.00		0
UHM644.41031__k141_298673_1	3	DUF2939	1	33.33		0
UHM648.41909__k141_337342_7	3	DUF711	1	33.33	Acetyltransf_1	1
UHM617.41023__k141_273448_3	3	DNA_binding_1	3	100.00		0
UHM633.41028__k141_48822_1	10	none	0	0.00		0
UHM18.35742__k141_214132_50	4	Arm-DNA-bind_3	3	75.00	SNF2-rel_dom	2
UHM616.41022__k141_166190_243	4	Glycos_transf_1	1	25.00	ACR_tran	1
UHM36.10832__k141_103701_1	3	Gypsy	1	33.33		0
UHM562.40993__k141_194281_3	4	DUF1453	1	25.00	MethyltransfD12	1
UHM125.35768__k141_16591_2	4	GFA	1	25.00	Ala_racemase_N	1
UHM56.35761__k141_173883_1	8	none	0	0.00		0
UHM125.35769__k141_79270_2	6	none	0	0.00		0
UHM22.35746__k141_74117_46	5	Chitin_synth_1	4	80.00	Cu-oxidase	3
UHM56.35761__k141_183725_1	3	none	0	0.00		0
UHM125.35770__k141_76053_1	9	CorA	1	11.11	DUF892	1
UHM632.41027__k141_140934_2	4	Acetyltransf_1	2	50.00	ATP-grasp	1
UHM72.35763__k141_22584_1	5	EptA_B_N	1	20.00	Arm-DNA-bind_3	1
UHM626.41025__k141_244840_43	4	DEAD	1	25.00	Ribonuc_L-PSP	1
UHM583.41007__k141_188870_33	3	none	0	0.00		0
UHM649.41032__k141_8341_1	8	Glutaredoxin	1	12.50		0
UHM125.35769__k141_9773_1	6	MS_channel_1st	5	83.33	Peptidase_M18	2
UHM56.35760__k141_75221_1	5	FAD_binding_9	3	60.00	Emfourin	2
UHM616.41022__k141_95692_1	3	none	0	0.00		0
UHM624.41024__k141_239011_1	3	DuoxA	1	33.33		0
UHM632.41027__k141_24971_3	3	MFS_1	3	100.00	Flavin_Reduct	2
UHM575.41001__k141_66535_2	3	Dabb	3	100.00	PALP	1
UHM598.41016__k141_145488_1	5	F-box	1	20.00		0
UHM22.35746__k141_84055_1	3	none	0	0.00		0
UHM41.35756__k141_16441_69	3	CMD	1	33.33	TauE	1
UHM20.35743__k141_95512_2	6	Peptidase_M23	6	100.00	MoCF_biosynth	6
UHM598.41016__k141_99077_2	5	Glyco_hydro_47	1	20.00		0
UHM633.41028__k141_310505_3	4	none	0	0.00		0
UHM626.41025__k141_51035_70	3	DinB_2	2	66.67		0
UHM56.35760__k141_57617_1	6	none	0	0.00		0
UHM36.10832__k141_169715_6	3	Nitroreductase	1	33.33		0
UHM38.35752__k141_88343_62	3	ACCA	3	100.00	OsmC	2
UHM610.41019__k141_156177_3	3	DUF8688	3	100.00		0
UHM38.35752__k141_137767_1	4	Integrase_H2C2	1	25.00	Baculo_F	1
UHM20.35744__k141_3716_1	8	AhpC-TSA	5	62.50	NUDIX	2
UHM617.41023__k141_123922_3	3	Proteasome	1	33.33	GntR	1
UHM648.41909__k141_68679_4	4	Peptidase_S9	1	25.00	HTH_18	1
UHM38.35753__k141_263942_2	3	none	0	0.00		0
UHM38.35753__k141_159627_1	3	none	0	0.00		0
UHM636.41030__k141_208468_1	6	DctP	1	16.67	SelO	1
UHM628.41026__k141_89097_9	4	HAD	4	100.00	Patatin	2
UHM648.41909__k141_57995_21	3	TatC	1	33.33	GSDH	1
UHM598.41016__k141_286029_1	3	none	0	0.00		0
UHM649.41032__k141_379342_15	5	DUF6431	2	40.00	tRNA_anti-codon	1
UHM31.35749__k141_139167_1	3	DUF8803	3	100.00		0
UHM563.40994__k141_10369_65	3	Phage_P22_Y8K6	2	66.67	RecT	1
UHM72.35763__k141_84528_6	3	Glyco_hydro_63	2	66.67	HD	1
UHM648.41909__k141_143632_2	3	none	0	0.00		0
UHM562.40993__k141_73402_12	4	Rod-binding	4	100.00	Bac_export_1	3
UHM608.41018__k141_198921_5	4	HATPase_c	2	50.00	DJ-1_PfpI	2
UHM610.41019__k141_164919_200	3	ManC_GMP_beta-helix	3	100.00	Epimerase	1
UHM598.41016__k141_59995_2	5	GreA_GreB	2	40.00	DAO	1
UHM72.35762__k141_75575_1	7	DUF2238	7	100.00		0
UHM18.35742__k141_3558_3	3	none	0	0.00		0
UHM38.35753__k141_90165_216	4	DUF4123	1	25.00		0
UHM633.41028__k141_168182_1	6	HATPase_c	4	66.67	TPR_12	1
UHM72.35764__k141_144750_1	3	none	0	0.00		0
UHM22.35745__k141_82750_5	4	MS_channel_2nd	3	75.00	Hpt	1
UHM38.35753__k141_48947_281	3	TctC	3	100.00	BKACE	3
UHM634.41029__k141_211574_1	3	none	0	0.00		0
UHM41.35756__k141_64377_8	3	Phage_lysozyme	3	100.00	zf-dskA_traR	3
UHM125.35769__k141_171340_53	3	none	0	0.00		0
UHM22.35747__k141_16760_69	3	none	0	0.00		0
UHM563.40994__k141_102007_2	3	none	0	0.00		0
UHM633.41028__k141_76000_1	11	zf-C2H2	2	18.18		0
UHM573.40999__k141_41419_63	7	Rotamase	5	71.43		0
UHM36.35750__k141_104952_4	4	TraB_PrgY_gumN	4	100.00	PDDEXK_3	1
UHM72.35762__k141_67461_20	4	TSPO_2	3	75.00	Asp_Arg_Hydrox	3
UHM40.35755__k141_57115_1	3	none	0	0.00		0
UHM636.41030__k141_295718_17	4	none	0	0.00		0
UHM633.41028__k141_360109_1	4	none	0	0.00		0
UHM570.40997__k141_54037_777	4	HmuY	3	75.00		0
UHM17.35740__k141_126424_1	3	Gypsy	1	33.33		0
UHM31.35749__k141_114965_12	3	Sulf_transp	1	33.33	DUF6691	1
UHM633.41028__k141_453837_2	3	APH	1	33.33	HATPase_c	1
UHM628.41026__k141_112433_865	4	PLDc_2	4	100.00	OprD	3
UHM17.10826__k141_21344_48	3	none	0	0.00		0
UHM18.35741__k141_74898_32	4	DUF4384	2	50.00		0
UHM648.41909__k141_345150_417	6	GldC-like	6	100.00	DEAD	5
UHM56.35760__k141_99431_1	4	R1_ORF1_N	3	75.00		0
UHM45.35758__k141_39729_2	3	none	0	0.00		0
UHM38.10833__k141_48537_1	3	zf-UBP	1	33.33	DUF3558	1
UHM45.35758__k141_120067_29	3	BKACE	2	66.67	Aminotran_1_2	1
UHM102.35766__k141_168970_1	3	Glyco_hydro_19	1	33.33	Phage_holin_4_1	1
UHM572.40998__k141_129579_52	4	none	0	0.00		0
UHM72.35762__k141_101964_2	3	Flg_new	2	66.67		0
UHM632.41027__k141_31880_12	4	Abhydrolase_1	1	25.00	HTH_17	1
UHM581.41005__k141_58482_2	3	Glycos_transf_1	3	100.00	CSD	1
UHM38.35752__k141_108029_1	65	none	0	0.00		0
UHM41.35756__k141_1596_2	4	none	0	0.00		0
UHM20.35744__k141_133370_11	3	DUF2385	2	66.67	GntR	1
UHM624.41024__k141_203031_255	3	AAA_11	2	66.67	DUF4199	2
UHM36.35751__k141_40990_1	4	HTH_1	4	100.00		0
UHM40.35755__k141_142528_243	3	4HBT	3	100.00	AAA	3
UHM598.41016__k141_218183_1	5	none	0	0.00		0
UHM598.41016__k141_43534_1	8	CRAL_TRIO	1	12.50		0
UHM598.41016__k141_283829_2	3	none	0	0.00		0
UHM591.41013__k141_341339_2	4	HTH_27	3	75.00	FAD_binding_3	3
UHM125.35770__k141_93884_9	12	HATPase_c	3	25.00	TPR_12	2
UHM608.41018__k141_63227_3	3	Anticodon_2	3	100.00	malic	1
UHM31.35749__k141_33816_1	3	none	0	0.00		0
UHM581.41005__k141_103338_1	3	SHOCT	2	66.67	RHS_repeat	1
UHM648.41909__k141_103373_1	4	none	0	0.00		0
UHM72.35764__k141_57921_132	4	EAL	4	100.00		0
UHM624.41024__k141_473755_1	4	none	0	0.00		0
UHM644.41031__k141_143844_3	3	Chondroitinas_B	1	33.33		0
UHM17.35739__k141_17337_1	3	none	0	0.00		0
UHM41.35757__k141_70469_44	3	DUF927	3	100.00	HTH_17	2
UHM598.41016__k141_263192_2	3	none	0	0.00		0
UHM22.35745__k141_104653_18	3	SAM_MT	3	100.00	Response_reg	3
UHM610.41019__k141_293203_85	3	HTH_1	2	66.67	Acetyltransf_1	1
UHM656.41033__k141_35552_6	3	TonB_C	3	100.00		0
UHM634.41029__k141_253195_1	3	Rrf2	1	33.33	YjdM	1
UHM18.35742__k141_173128_2	4	none	0	0.00		0
UHM636.41030__k141_75110_14	3	none	0	0.00		0
UHM20.35744__k141_115254_1	3	none	0	0.00		0
UHM41.35757__k141_13410_3	3	Bestrophin_2	2	66.67	SpaA	1
UHM591.41013__k141_227735_1	3	none	0	0.00		0
UHM624.41024__k141_372800_11	6	ABM	1	16.67	Radical_SAM	1
UHM648.41909__k141_298030_3	4	adh_short	4	100.00	EamA	3
UHM125.35769__k141_236260_3	4	none	0	0.00		0
UHM102.35766__k141_43204_7	5	none	0	0.00		0
UHM585.41009__k141_29530_87	3	Metal_resist	3	100.00	HATPase_c	3
UHM72.35762__k141_122183_4	3	GerE	2	66.67	AAA_21	2
UHM624.41024__k141_33339_2	4	ACAS_N	3	75.00	Polysacc_synt_3	1
UHM615.41021__k141_112904_4	4	Mntp	1	25.00	AAA	1
UHM31.35749__k141_109641_1	6	Baculo_F	2	33.33		0
UHM22.35746__k141_81079_1	3	none	0	0.00		0
UHM636.41030__k141_128698_39	3	Amidohydro_1	2	66.67	DCD	2
UHM633.41028__k141_34447_6	4	none	0	0.00		0
UHM574.41000__k141_29022_1	4	none	0	0.00		0
UHM624.41024__k141_63554_1	3	AAA	2	66.67	AAA_5	1
UHM656.41033__k141_304472_1	4	FAD-oxidase_C	2	50.00	TPR_12	1
UHM624.41024__k141_64532_114	3	COX1	3	100.00	DUF2970	3
UHM624.41024__k141_400487_1	8	none	0	0.00		0
UHM587.41011__k141_109154_55	4	ROK	2	50.00	DNA_pol_A	2
UHM565.40996__k141_52467_2	3	AAA	3	100.00	eIF-1a	1
UHM572.40998__k141_39945_43	5	Usp	2	40.00	Terminase_2	1
UHM649.41032__k141_204899_3	3	Hexapep	3	100.00	MoCF_biosynth	2
UHM575.41001__k141_81373_1	5	none	0	0.00		0
UHM575.41001__k141_26606_2	4	YtxH	4	100.00		0
UHM563.40994__k141_67171_3	4	HATPase_c	1	25.00	HAMP	1
UHM598.41016__k141_76455_3	5	Aminotran_1_2	3	60.00	adh_short	2
UHM636.41030__k141_292273_19	3	TerY_C	2	66.67	VWA	1
UHM628.41026__k141_258602_1	3	Amino_oxidase	2	66.67	AraC_binding	1
UHM594.41014__k141_92611_4	3	Sec7	1	33.33		0
UHM102.35767__k141_190671_53	3	EAL	3	100.00		0
UHM38.35753__k141_215155_2	4	DNA_methylase	1	25.00		0
UHM558.40992__k141_110839_315	3	DoxX	3	100.00	FAD-SLDH	3
UHM145.35771__k141_56079_17	3	Sod_Cu	3	100.00	Zip	3
UHM125.35769__k141_47257_1	3	none	0	0.00		0
UHM649.41032__k141_202434_157	3	PDZ	3	100.00	Sigma70_ECF	3
UHM554.40991__k141_207501_24	3	AF_1680	3	100.00	RibD_C	1
UHM632.41027__k141_80964_1	5	Band_7_1	3	60.00	HxlR	1
UHM586.41010__k141_29239_9	3	none	0	0.00		0
UHM644.41031__k141_109466_10	5	Amidohydro_1	2	40.00	adh_short	1
UHM20.10828__k141_146147_4	6	DUF1158	5	83.33	Cation_ATPase	5
UHM565.40996__k141_183236_145	3	none	0	0.00		0
UHM17.10826__k141_253600_2	3	adh_short	1	33.33	HTH_Tnp_1	1
UHM617.41023__k141_208530_1	3	ATP-synt_A	3	100.00	ATPase_gene1	1
UHM20.35743__k141_88466_2	3	GFA	2	66.67		0
UHM617.41023__k141_224042_16	4	Catalase	2	50.00	DUF454	2
UHM558.40992__k141_130394_1	3	none	0	0.00		0
UHM125.35770__k141_161777_1	3	ParE_toxin	1	33.33		0
UHM41.35756__k141_117111_61	3	Peptidase_S8	3	100.00	T7SS_ESX_EspC	3
UHM145.35773__k141_132828_24	3	Sulf_transp	3	100.00	Rhodanese	1
UHM617.41023__k141_162600_1	3	none	0	0.00		0
UHM584.41008__k141_154202_1	5	none	0	0.00		0
UHM617.41023__k141_314139_154	3	TPR_1	3	100.00	MotA_ExbB	3
UHM22.35746__k141_101619_748	4	UCP032817-like	4	100.00	Trypsin	1
UHM558.40992__k141_176331_1	13	none	0	0.00		0
UHM598.41016__k141_187481_2	4	none	0	0.00		0
UHM626.41025__k141_188785_1	3	none	0	0.00		0
UHM626.41025__k141_109527_1	3	none	0	0.00		0
UHM558.40992__k141_8569_42	4	FGE-sulfatase	4	100.00		0
UHM36.35751__k141_71843_21	6	AAA_22	6	100.00		0
UHM41.35756__k141_122636_81	4	DUF305	2	50.00	Iron_permease	1
UHM610.41019__k141_147716_5	3	Ribonuc_L-PSP	3	100.00	PLDc_N	2
UHM38.35752__k141_78866_1	3	none	0	0.00		0
UHM31.35749__k141_59117_1	3	none	0	0.00		0
UHM632.41027__k141_120143_9	4	Pep_deformylase	3	75.00	MFS_1	3
UHM584.41008__k141_30426_78	4	ECH_1	3	75.00	EndIII_4Fe-2S	3
UHM573.40999__k141_172683_31	4	none	0	0.00		0
UHM45.10838__k141_18463_18	4	zf-dskA_traR	4	100.00	DUF5405	2
UHM634.41029__k141_35513_4	4	PknI_sensor	1	25.00		0
UHM17.10826__k141_286585_2	4	META	3	75.00	Flavodoxin_2	2
UHM648.41909__k141_153980_1	4	Pkinase	1	25.00		0
UHM648.41909__k141_374342_2	7	none	0	0.00		0
UHM634.41029__k141_109842_1	3	none	0	0.00		0
UHM644.41031__k141_128608_2	5	CarbopepD_reg_2	2	40.00	Peptidase_M43	1
UHM558.40992__k141_140529_273	4	T6SS_HCP	3	75.00		0
UHM624.41024__k141_322117_3	3	TPR_XPO6_C	1	33.33	LCAT	1
UHM38.35752__k141_142830_4	7	Thiolase_C	5	71.43		0
UHM616.41022__k141_148905_1	3	LON_substr_bdg	1	33.33		0
UHM596.41015__k141_117038_4	3	none	0	0.00		0
UHM20.10828__k141_161213_10	3	Glyco_hydro_4	3	100.00	PTS_EIIB	3
UHM608.41018__k141_11809_2	4	CBS	3	75.00	YceI	1
UHM72.35763__k141_14261_2	3	Phage_integrase	3	100.00	HTH_24	1
UHM20.35744__k141_35691_2	8	Exo_endo_phos	1	12.50		0
UHM636.41030__k141_325290_147	3	SusD-like_2	2	66.67	Phosphodiest	2
UHM145.35771__k141_5289_74	11	Peptidase_M56	2	18.18	URO-D	2
UHM594.41014__k141_39104_2	3	none	0	0.00		0
UHM649.41032__k141_239429_4	3	Acetyltransf_1	3	100.00	UTRA	1
UHM31.35749__k141_162696_1	3	DUF1759	1	33.33		0
UHM644.41031__k141_289722_1	3	none	0	0.00		0
UHM125.35769__k141_102082_2	4	E1-E2_ATPase	4	100.00		0
UHM594.41014__k141_138397_1	4	none	0	0.00		0
UHM17.10826__k141_40833_35	4	Acyl-CoA_dh_1	3	75.00	adh_short	3
UHM20.10828__k141_142611_118	4	LysE	4	100.00	Sigma70_ECF	2
UHM38.10833__k141_68938_3	5	DUF6436	5	100.00	Aminotran_1_2	4
UHM572.40998__k141_76882_1	4	HTH_1	3	75.00	MFS_1	1
UHM145.35771__k141_113256_2	3	GGDEF	2	66.67	MCPsignal	1
UHM598.41016__k141_183010_3	3	Amidase_2	1	33.33		0
UHM145.35773__k141_147583_2	3	PRE_C2HC	2	66.67	zf-CCHC	1
UHM633.41028__k141_305397_11	3	none	0	0.00		0
UHM633.41028__k141_47697_3	3	none	0	0.00		0
UHM36.10832__k141_24300_2	5	HTH_19	3	60.00	HTH_24	1
UHM624.41024__k141_464964_2	3	HTH_3	2	66.67	HTH_1	2
UHM648.41909__k141_407583_13	3	Pkinase	3	100.00		0
UHM38.35752__k141_165786_2	4	none	0	0.00		0
UHM36.35750__k141_43133_1	3	SnoaL_2	1	33.33	Acetyltransf_1	1
UHM125.35768__k141_5202_137	3	DeoRC	1	33.33		0
UHM145.35773__k141_238978_1	17	none	0	0.00		0
UHM616.41022__k141_34016_1	3	none	0	0.00		0
UHM125.35769__k141_66965_91	5	Ribosomal_S6	4	80.00	ABC_tran	4
UHM38.35752__k141_10559_2	3	Gypsy	1	33.33		0
UHM554.40991__k141_27049_1	3	HTH_3	1	33.33		0
UHM636.41030__k141_51634_2	3	BenE	1	33.33	Amidohydro_1	1
UHM578.41003__k141_82899_369	3	APH	3	100.00	5_3_exonuc	3
UHM626.41025__k141_310378_22	3	none	0	0.00		0
UHM644.41031__k141_320152_1	3	YCII	1	33.33	3Beta_HSD	1
UHM565.40996__k141_134994_15	5	MFS_1	3	60.00	HATPase_c	2
UHM31.35748__k141_71311_2	3	PriCT_1	1	33.33	AAA_31	1
UHM636.41030__k141_226645_1	3	DUF982	2	66.67	TetR_C_2	1
UHM587.41011__k141_178354_2	3	FAA_hydrolase	1	33.33		0
UHM36.10832__k141_10133_143	3	DEAD	3	100.00	Peptidase_S66	3
UHM628.41026__k141_101785_1	3	DinB	1	33.33	Excalibur	1
UHM564.40995__k141_68004_15	3	CE2_N	2	66.67	DUF885	1
UHM580.41004__k141_19687_2	5	7tm_1	1	20.00		0
UHM648.41909__k141_352684_3	5	F-box	1	20.00		0
UHM580.41004__k141_227160_2	5	DUF1318	5	100.00	DNA_methylase	2
UHM656.41033__k141_179775_1	3	BKACE	3	100.00		0
UHM17.35739__k141_101787_2	3	HxlR	1	33.33	MFS_1	1
UHM590.41012__k141_172465_19	3	CdiI_5	2	66.67	Cho_C	1
UHM610.41019__k141_167648_1	4	none	0	0.00		0
UHM125.35770__k141_21791_1	5	R1_ORF1_N	1	20.00		0
UHM577.41002__k141_145696_1	3	none	0	0.00		0
UHM636.41030__k141_111025_1	3	none	0	0.00		0
UHM598.41016__k141_44008_2	3	none	0	0.00		0
UHM574.41000__k141_194528_1	5	none	0	0.00		0
UHM554.40991__k141_49972_1	10	none	0	0.00		0
UHM38.35752__k141_1779_1	3	none	0	0.00		0
UHM41.35757__k141_119641_290	4	GGDEF	1	25.00	Nitroreductase	1
UHM45.35758__k141_54085_2	6	ZrgA	5	83.33	ANAPC3	2
UHM38.35752__k141_117684_2	3	Asp23	3	100.00		0
UHM596.41015__k141_35990_424	5	AhpC-TSA	5	100.00	NAD_kinase	4
UHM633.41028__k141_516187_1	11	Aa_trans	1	9.09	GMC_oxred_N	1
UHM36.35750__k141_83203_94	4	Acetyltransf_1	2	50.00	VF530	2
UHM617.41023__k141_282116_2	3	CTP_transf_like	2	66.67	DUF4440	1
UHM632.41027__k141_252994_223	3	NAGPA	3	100.00	DUF229	1
UHM656.41033__k141_162554_2	5	2-Hacid_dh	3	60.00		0
UHM633.41028__k141_484393_2	3	GAD	3	100.00		0
UHM649.41032__k141_97341_6	7	BetaGal_ABD2	3	42.86	ChrB_C	2
UHM564.40995__k141_95468_6	5	PDDEXK_2	1	20.00		0
UHM632.41027__k141_30470_34	4	DinB_2	3	75.00	Na_H_Exchanger	1
UHM578.41003__k141_19448_2	3	none	0	0.00		0
UHM633.41028__k141_382455_2	3	Methyltransf_21	1	33.33		0
UHM648.41909__k141_328653_4	5	BACK_BPM_SPOP	1	20.00		0
UHM584.41008__k141_4214_2	40	Glyco_hydro_30	1	2.50	Na_Ca_ex	1
UHM648.41909__k141_257751_2	3	Exo_endo_phos_2	2	66.67	Glyco_hydro_47	1
UHM649.41032__k141_153439_1	3	HTH_Tnp_1	1	33.33	HTH_3	1
UHM17.10826__k141_45697_1	6	HTH_34	6	100.00	Ribosomal_S15	4
UHM102.35767__k141_167973_4	4	Astacin	2	50.00	Peptidase_C11	2
UHM577.41002__k141_207918_2	3	Laminin_G_2	2	66.67		0
UHM608.41018__k141_23593_20	3	OsmC	3	100.00	DUF2157	1
UHM562.40993__k141_37499_31	6	DUF179	5	83.33	DsbD_N	4
UHM145.35771__k141_38735_301	4	HTH_3	2	50.00		0
UHM583.41007__k141_179502_1	7	Endolysin	2	28.57	Phage_lysozyme	1
UHM18.10827__k141_81951_1	4	none	0	0.00		0
UHM31.10830__k141_32848_1	3	none	0	0.00		0
UHM40.35755__k141_76375_2	4	AC_1	2	50.00	HTH_1	1
UHM617.41023__k141_85869_93	3	Bac_export_1	3	100.00	Flagellin_N	3
UHM624.41024__k141_85508_14	3	PEMT	1	33.33	adh_short	1
UHM594.41014__k141_62154_3	3	none	0	0.00		0
UHM633.41028__k141_3611_1	4	none	0	0.00		0
UHM636.41030__k141_129412_1	8	none	0	0.00		0
UHM574.41000__k141_39556_183	7	Glyco_hydro_88	1	14.29	YcxB	1
UHM590.41012__k141_157657_1	5	none	0	0.00		0
UHM565.40996__k141_91973_7	3	HTH_17	2	66.67	YagK_YfjJ_C	1
UHM636.41030__k141_38645_6	3	N_methyl	2	66.67		0
UHM38.35752__k141_138756_4	3	Phage_BR0599	1	33.33		0
UHM648.41909__k141_108287_13	6	Phage_CI_C	1	16.67		0
UHM634.41029__k141_288532_1	3	none	0	0.00		0
UHM615.41021__k141_40524_3	4	none	0	0.00		0
UHM598.41016__k141_41337_2	3	none	0	0.00		0
UHM565.40996__k141_35606_1	4	ABC1	3	75.00	DSBA	3
UHM649.41032__k141_336145_1	3	DUF1759	1	33.33		0
UHM594.41014__k141_100090_9	4	none	0	0.00		0
UHM608.41018__k141_80631_10	3	none	0	0.00		0
UHM31.10830__k141_13224_14	4	Terminase_3	1	25.00	Phage_integrase	1
UHM145.35772__k141_40710_1	3	none	0	0.00		0
UHM649.41032__k141_18712_3	3	none	0	0.00		0
UHM72.35762__k141_93038_51	3	FUR	3	100.00	EAL	1
UHM582.41006__k141_39550_1	5	none	0	0.00		0
UHM598.41016__k141_122680_1	3	COesterase	1	33.33	Sugar_tr	1
UHM72.35762__k141_85590_9	3	HTH_17	2	66.67	REP_ORF2-G2P	1
UHM36.35751__k141_71580_10	4	ABC_tran	4	100.00	HATPase_c	3
UHM22.35746__k141_49503_2	7	DUF8693	5	71.43	EF-G_D2	4
UHM72.35762__k141_20835_4	3	Catalase_C	1	33.33	Zn_peptidase	1
UHM611.41020__k141_89234_2	4	DUF6705	4	100.00	Glu_cyclase_2	1
UHM633.41028__k141_64601_4	3	none	0	0.00		0
UHM40.35754__k141_116769_14	3	Glyoxalase	1	33.33	Thioredoxin_4	1
UHM17.35740__k141_115698_1	5	none	0	0.00		0
UHM20.35743__k141_46953_4	5	none	0	0.00		0
UHM633.41028__k141_618_1	3	PT	1	33.33		0
UHM38.35753__k141_86299_53	3	none	0	0.00		0
UHM633.41028__k141_375188_1	3	none	0	0.00		0
UHM554.40991__k141_87941_1	8	Hydrolase_2	6	75.00	DUF6481	3
UHM56.35761__k141_91929_1	10	none	0	0.00		0
UHM125.35768__k141_9300_1	3	none	0	0.00		0
UHM633.41028__k141_87919_1	3	none	0	0.00		0
UHM615.41021__k141_4016_2	3	PATR	1	33.33	Alpha-amylase	1
UHM17.35740__k141_56658_14	3	tRNA-synt_1b	1	33.33	DUF1062	1
UHM626.41025__k141_309567_45	3	DUF3106	2	66.67	Sigma70_ECF	1
UHM617.41023__k141_191222_2	3	EPSP_synthase	2	66.67	DUF502	2
UHM125.35769__k141_38921_1	3	none	0	0.00		0
UHM633.41028__k141_384184_1	5	HTH_Tnp_1	1	20.00	DDE_Tnp_IS240	1
UHM624.41024__k141_262042_16	3	none	0	0.00		0
UHM628.41026__k141_139632_2	3	none	0	0.00		0
UHM636.41030__k141_167831_4	3	DUF1801	2	66.67		0
UHM648.41909__k141_343262_2	3	DNA_pol3_beta	2	66.67	AAA_21	1
UHM580.41004__k141_55808_2	3	Tad2-like	1	33.33		0
UHM18.35742__k141_62002_4	3	ATP-cone	3	100.00		0
UHM574.41000__k141_180022_3	7	none	0	0.00		0
UHM591.41013__k141_359680_75	4	DUF6705	4	100.00	Peptidase_M49	3
UHM624.41024__k141_59296_1	6	none	0	0.00		0
UHM649.41032__k141_115489_8	6	none	0	0.00		0
UHM598.41016__k141_212980_1	7	none	0	0.00		0
UHM633.41028__k141_522713_2	3	none	0	0.00		0
UHM572.40998__k141_32390_69	5	CarbopepD_reg_2	4	80.00	AAA_21	3
UHM17.35740__k141_38654_1	3	none	0	0.00		0
UHM633.41028__k141_378586_1	4	none	0	0.00		0
UHM575.41001__k141_178746_9	4	FAD_binding_9	1	25.00	YceI	1
UHM72.35764__k141_152187_1	3	DUF1059	3	100.00	Coprogen_oxidas	1
UHM36.35751__k141_38859_15	3	Bac_DnaA_C	2	66.67	DUF4942	1
UHM648.41909__k141_297526_1	4	Cation_ATPase_N	1	25.00	SIS	1
UHM656.41033__k141_284013_1	3	none	0	0.00		0
UHM632.41027__k141_250172_3	3	DUF2189	3	100.00	Cytochrome_CBB3	2
UHM38.35752__k141_40393_2	3	EAL	3	100.00	Ribosomal_S4	2
UHM22.35746__k141_132157_2	3	DoxX	3	100.00	OEP	3
UHM594.41014__k141_132739_1	3	none	0	0.00		0
UHM102.35767__k141_157046_74	3	adh_short	3	100.00		0
UHM38.35752__k141_37596_72	3	IGPS	3	100.00	Glycos_transf_3	3
UHM125.35768__k141_138721_105	3	DUF2026	2	66.67	Glycos_transf_1	1
UHM562.40993__k141_185051_5	5	Aminotran_1_2	3	60.00		0
UHM598.41016__k141_277859_1	3	none	0	0.00		0
UHM649.41032__k141_395046_75	3	Response_reg	2	66.67	Fapy_DNA_glyco	1
UHM648.41909__k141_16915_3	6	EamA	4	66.67	3Beta_HSD	1
UHM636.41030__k141_86841_1	3	none	0	0.00		0
UHM633.41028__k141_225552_3	4	Penicillinase_R	2	50.00	MFS_1	1
UHM125.35770__k141_134854_14	6	Peptidase_A8	6	100.00		0
UHM31.35748__k141_18656_2	3	Esterase	1	33.33		0
UHM587.41011__k141_77120_1	6	HATPase_c	4	66.67	APH	3
UHM656.41033__k141_318783_21	4	Glutaredoxin	3	75.00	Hexapep	1
UHM38.35753__k141_216542_2	5	none	0	0.00		0
UHM598.41016__k141_165520_2	5	none	0	0.00		0
UHM648.41909__k141_325643_4	3	none	0	0.00		0
UHM20.35744__k141_50828_41	3	none	0	0.00		0
UHM22.35746__k141_64573_22	4	ABC_membrane	1	25.00	GmrSD_C	1
UHM36.35751__k141_25213_2	3	Response_reg	2	66.67	SusD-like	1
UHM591.41013__k141_208563_38	3	Methyltr_RsmB-F	3	100.00	Aminotran_1_2	3
UHM38.35752__k141_133907_3	6	PLDc_2	3	50.00	DJ-1_PfpI	2
UHM633.41028__k141_528398_1	3	none	0	0.00		0
UHM656.41033__k141_184153_5	5	YajQ	5	100.00	PLDc_2	4
UHM562.40993__k141_32404_17	7	GP38	6	85.71	Peptidase_M15_3	1
UHM41.35756__k141_79899_55	3	Abhydrolase_1	3	100.00	AAA_31	3
UHM581.41005__k141_178283_164	4	Multi_Drug_Res	3	75.00	EamA	1
UHM656.41033__k141_12178_4	3	none	0	0.00		0
UHM20.35743__k141_14506_24	3	MFS_1	3	100.00	URO-D	3
UHM20.10828__k141_106638_1	3	none	0	0.00		0
UHM624.41024__k141_179744_3	3	AAA_21	1	33.33	Methyltransf_11	1
UHM572.40998__k141_79292_1	3	Aminotran_1_2	3	100.00	Septum_form	2
UHM636.41030__k141_333496_2	4	GGDEF	1	25.00	ABC_tran	1
UHM596.41015__k141_134663_2	7	Cytochrome_CBB3	5	71.43	COX1	3
UHM145.35773__k141_132828_53	5	HTH_ParB	3	60.00	HTH_17	1
UHM590.41012__k141_41868_1	3	none	0	0.00		0
UHM56.35760__k141_32975_8	3	HSP15_C	3	100.00	MatE	3
UHM644.41031__k141_155965_2	3	AMP-binding	2	66.67	CBM_14	1
UHM574.41000__k141_58813_2	3	GATase	2	66.67	SGSH_C	1
UHM72.35762__k141_82280_528	3	LANC_like	1	33.33	NTP_transf_2	1
UHM633.41028__k141_371302_1	4	none	0	0.00		0
UHM598.41016__k141_157570_2	7	none	0	0.00		0
UHM587.41011__k141_197734_1	11	Abhydrolase_1	2	18.18	tRNA_edit	2
UHM633.41028__k141_15113_8	4	ABC1	1	25.00		0
UHM22.35746__k141_141297_2	3	Endolysin	2	66.67		0
UHM56.35760__k141_112398_1	5	FAD_binding_4	1	20.00		0
UHM581.41005__k141_139803_22	4	ADH_N	4	100.00	MFS_1	4
UHM41.35757__k141_16709_56	5	DUF6766	2	40.00	ADH_N	1
UHM648.41909__k141_90907_5	7	DDE_1	1	14.29		0
UHM587.41011__k141_39119_1	3	none	0	0.00		0
UHM36.35750__k141_4100_246	9	Fumerase	6	66.67	GST_C_3	4
UHM628.41026__k141_54809_42	3	GFO_IDH_MocA	1	33.33		0
UHM633.41028__k141_182695_4	4	none	0	0.00		0
UHM626.41025__k141_246722_1	3	none	0	0.00		0
UHM617.41023__k141_87898_2	4	none	0	0.00		0
UHM31.35749__k141_115132_1	3	Chorismate_bind	1	33.33		0
UHM636.41030__k141_288478_1	3	none	0	0.00		0
UHM616.41022__k141_148666_1	3	none	0	0.00		0
UHM18.35742__k141_105599_2	5	CSD	3	60.00	Gcw_chp	3
UHM565.40996__k141_60730_1	5	Bac_luciferase	2	40.00	Sulf_transp	2
UHM628.41026__k141_55020_1	3	none	0	0.00		0
UHM45.35758__k141_60092_15	4	DUF4129	4	100.00	DUF8413	4
UHM598.41016__k141_41379_2	3	AsnC_trans_reg	3	100.00	Ala_racemase_N	1
UHM633.41028__k141_366217_1	4	none	0	0.00		0
UHM591.41013__k141_45733_1	4	CueP	1	25.00	AsnC_trans_reg	1
UHM41.35757__k141_8128_3	5	MM_CoA_mutase	1	20.00		0
UHM20.35744__k141_176143_32	3	E1_dh	2	66.67	OsmC	1
UHM590.41012__k141_49746_5	3	FGGY_C	1	33.33	DUF4287	1
UHM22.35747__k141_123985_6	3	AAA	2	66.67		0
UHM582.41006__k141_106770_1	5	cNMP_binding	3	60.00	DUF72	1
UHM573.40999__k141_172318_1	3	none	0	0.00		0
UHM626.41025__k141_234585_316	4	DUF2753	3	75.00	Thioredoxin_2	1
UHM125.35769__k141_183204_2	3	TctC	3	100.00	OKR_DC_1	3
UHM656.41033__k141_273139_2	3	CBS	2	66.67	tRNA-synt_2	1
UHM585.41009__k141_17984_2	3	Metallophos	3	100.00		0
UHM617.41023__k141_173487_21	3	FlgH	1	33.33	M20_dimer	1
UHM644.41031__k141_261067_2	4	DUF6362	3	75.00	DUF3310	1
UHM22.35745__k141_117805_23	4	PrsW-protease	4	100.00	tRNA_edit	3
UHM125.35769__k141_188180_1	3	TauE	1	33.33	DUF3077	1
UHM624.41024__k141_87985_1	3	DUF481	1	33.33	TGS	1
UHM633.41028__k141_269203_1	7	none	0	0.00		0
UHM656.41033__k141_298471_52	3	none	0	0.00		0
UHM666.41034__k141_162637_2	4	FtsK_SpoIIIE	3	75.00	AAA_31	1
UHM580.41004__k141_83723_11	3	Isochorismatase	3	100.00	Smr	2
UHM564.40995__k141_35996_2	5	2-oxoacid_dh	5	100.00	DUF6356	2
UHM40.35754__k141_58146_103	3	DAO	2	66.67		0
UHM577.41002__k141_64777_1	5	adh_short	4	80.00	Cupin_2	2
UHM72.35762__k141_70310_22	3	cNMP_binding	1	33.33	PCRF	1
UHM615.41021__k141_68305_59	7	Metallophos	5	71.43	DCD	5
UHM594.41014__k141_35356_7	6	none	0	0.00		0
UHM125.35769__k141_25717_1	4	Sigma70_ECF	3	75.00	Flavodoxin_1	1
UHM648.41909__k141_257713_10	6	none	0	0.00		0
UHM610.41019__k141_251434_1	3	none	0	0.00		0
UHM17.10826__k141_204512_16	3	HTH_1	1	33.33	SIR2	1
UHM72.35764__k141_171894_2	4	DUF932	2	50.00	ArdA	1
UHM648.41909__k141_161439_6	5	none	0	0.00		0
UHM31.10830__k141_92575_52	3	MFS_1	2	66.67	DNA_ligase_A_C	1
UHM41.10835__k141_44040_1	3	DUF952	1	33.33		0
UHM22.35747__k141_63471_1	3	DUF5675	2	66.67	PDDEXK_2	1
UHM596.41015__k141_112534_1	3	none	0	0.00		0
UHM587.41011__k141_88134_2	3	RmuC	2	66.67	FBPase_glpX	2
UHM598.41016__k141_181297_1	3	none	0	0.00		0
UHM666.41034__k141_212407_1	3	AstE_AspA_cat	2	66.67	Mrr_cat	2
UHM610.41019__k141_115668_1	3	TusA	3	100.00		0
UHM125.35769__k141_113017_5	9	2-oxoacid_dh	1	11.11	DnaJ	1
UHM636.41030__k141_124383_1	3	none	0	0.00		0
UHM145.35772__k141_67928_1	3	Ppx-GppA	1	33.33	PEPcase	1
UHM145.35773__k141_188325_19	3	RHH_9	1	33.33	RHH_1	1
UHM628.41026__k141_283456_2	3	Bac_luciferase	1	33.33	2-Hacid_dh	1
UHM102.35767__k141_49314_1	4	none	0	0.00		0
UHM17.35740__k141_123311_1	3	none	0	0.00		0
UHM598.41016__k141_32241_4	4	ABC_tran	2	50.00	ABC2_membrane	1
UHM666.41034__k141_342580_4	3	Citrate_synt	2	66.67	AMP-binding	1
UHM626.41025__k141_302499_109	3	T2SSE	3	100.00	Secretin	3
UHM633.41028__k141_109002_2	3	none	0	0.00		0
UHM648.41909__k141_352649_31	3	Phage_capsid	3	100.00		0
UHM633.41028__k141_404742_1	4	none	0	0.00		0
UHM632.41027__k141_74014_1	5	Aminotran_1_2	1	20.00		0
UHM666.41034__k141_106529_1	4	none	0	0.00		0
UHM102.35767__k141_220169_1	3	none	0	0.00		0
UHM41.10835__k141_26544_2	3	PFK	2	66.67	DUF4118	2
UHM666.41034__k141_269601_2	5	HTH_20	5	100.00	CLP_protease	3
UHM598.41016__k141_249527_6	4	none	0	0.00		0
UHM617.41023__k141_186845_1	3	LacAB_rpiB	1	33.33		0
UHM17.10826__k141_144089_3	3	AraC_binding	1	33.33	RcnB	1
UHM17.35739__k141_16497_2	4	AAA_21	3	75.00		0
UHM617.41023__k141_321111_2	4	IMS	3	75.00	DNA_pol3_alpha	3
UHM590.41012__k141_52876_1	3	none	0	0.00		0
UHM656.41033__k141_135255_2	3	TPR_1	3	100.00	Peptidase_M23	2
UHM577.41002__k141_42269_4	3	DUF2087	2	66.67	DDE_Tnp_1	1
UHM56.35761__k141_62797_2	4	R1_ORF1_N	2	50.00		0
UHM591.41013__k141_13520_1	3	HTH_19	2	66.67	LytTR	1
UHM40.35754__k141_92604_21	3	Terminase_2	1	33.33		0
UHM31.35749__k141_71769_1	5	none	0	0.00		0
UHM56.35760__k141_39486_1	5	none	0	0.00		0
UHM634.41029__k141_176354_3	3	DUF1266	1	33.33		0
UHM145.35773__k141_9833_145	7	DUF1064	2	28.57	DUF1376	2
UHM617.41023__k141_40252_14	4	DEAD	3	75.00	DUF7962	1
UHM18.35741__k141_33820_3	3	PLDc	1	33.33	HH_YBHG	1
UHM558.40992__k141_132031_32	4	HTH_18	3	75.00		0
UHM626.41025__k141_201615_4	3	ANAPC3	1	33.33		0
UHM577.41002__k141_198698_1	6	Radical_SAM	1	16.67	LIAS_N	1
UHM648.41909__k141_8666_2	3	none	0	0.00		0
UHM648.41909__k141_145029_11	3	none	0	0.00		0
UHM644.41031__k141_76266_1	4	none	0	0.00		0
UHM45.35759__k141_45810_4	3	Por_Secre_tail	2	66.67		0
UHM634.41029__k141_253252_1	3	none	0	0.00		0
UHM590.41012__k141_293694_2	4	Barstar	1	25.00		0
UHM590.41012__k141_66128_1	3	none	0	0.00		0
UHM145.35773__k141_9340_192	6	SH3_3	2	33.33	HTH_18	1
UHM608.41018__k141_140247_56	3	GP38	3	100.00		0
UHM624.41024__k141_255521_8	3	none	0	0.00		0
UHM628.41026__k141_237199_2	3	HATPase_c	2	66.67	DUF1003	1
UHM72.35764__k141_122811_3	7	Glyco_hydro_25	1	14.29	DUF3419	1
UHM607.41017__k141_55032_5	8	COX1	8	100.00	CtaG_Cox11	8
UHM648.41909__k141_261429_1	3	none	0	0.00		0
UHM633.41028__k141_455511_6	3	FMO-like	1	33.33		0
UHM564.40995__k141_119929_1	3	Phage_portal	1	33.33	Peptidase_S78	1
UHM20.35743__k141_105928_23	4	MreC	4	100.00		0
UHM41.35757__k141_167005_2	4	FHA	4	100.00	AAA_5	4
UHM633.41028__k141_63030_2	4	He_PIG	1	25.00	Cnd1	1
UHM633.41028__k141_191125_1	3	none	0	0.00		0
UHM633.41028__k141_487616_1	3	p450	1	33.33		0
UHM41.35757__k141_40710_29	3	HemolysinCabind	1	33.33	Adhesin_E	1
UHM624.41024__k141_119949_2	3	DUF305	1	33.33	M20_dimer	1
UHM20.35743__k141_54581_163	3	2-thiour_desulf	3	100.00	GFA	3
UHM17.35739__k141_40109_2	3	none	0	0.00		0
UHM125.35768__k141_60244_37	3	NinB	2	66.67	Dam	1
UHM125.35769__k141_17525_1	3	Integrase_H2C2	2	66.67	PRE_C2HC	1
UHM656.41033__k141_11283_5	3	Cpn10	1	33.33		0
UHM145.35772__k141_64665_66	3	HTH_17	2	66.67	Phage_AlpA	1
UHM628.41026__k141_207893_1	3	Coprogen_oxidas	1	33.33	NUP	1
UHM38.35752__k141_146992_2	3	PepSY_TM	3	100.00	AAA_15	1
UHM36.10832__k141_71828_1	3	Pept_S41_N	1	33.33	DEAD	1
UHM72.35762__k141_11915_2	4	Isochorismatase	2	50.00	PRC	2
UHM582.41006__k141_124756_3	3	none	0	0.00		0
UHM648.41909__k141_137663_2	4	none	0	0.00		0
UHM38.35752__k141_166536_1	3	CAP	2	66.67		0
UHM611.41020__k141_149543_1	3	B3_4	1	33.33	ZapA	1
UHM615.41021__k141_149983_6	6	Abhydrolase_1	5	83.33	DUF4398	2
UHM648.41909__k141_178308_4	4	Glyco_hydro_16	2	50.00		0
UHM575.41001__k141_110119_92	3	none	0	0.00		0
UHM20.35744__k141_115977_1	3	Integrase_H2C2	1	33.33	RT_RNaseH	1
UHM125.35770__k141_212578_5	4	none	0	0.00		0
UHM598.41016__k141_165984_14	3	none	0	0.00		0
UHM18.35742__k141_97594_1	7	none	0	0.00		0
UHM22.35747__k141_42109_30	3	MTHFR	3	100.00	SMC_ScpA	3
UHM40.35755__k141_142219_6	4	PspC	3	75.00		0
UHM22.35746__k141_146790_15	5	ACT	5	100.00	Atu4866	1
UHM31.35749__k141_191439_1	7	none	0	0.00		0
UHM633.41028__k141_163377_3	3	none	0	0.00		0
UHM580.41004__k141_195098_2	4	GDA1_CD39	1	25.00		0
UHM102.35766__k141_149572_1	3	MgtC	1	33.33		0
UHM20.35743__k141_109797_4	4	M20_dimer	4	100.00		0
UHM582.41006__k141_31577_1	3	DksA_N	2	66.67	baeRF_family12	1
UHM22.35746__k141_129781_5	3	DNA_methylase	1	33.33	Phage_integrase	1
UHM22.35747__k141_113854_35	3	DUF3077	1	33.33	YafQ_toxin	1
UHM626.41025__k141_43311_2	7	Response_reg	3	42.86	DUF87	1
UHM41.10835__k141_43115_51	3	Ppx-GppA	2	66.67		0
UHM56.35760__k141_103236_1	7	none	0	0.00		0
UHM624.41024__k141_233178_1	4	TerB	2	50.00	ABM	2
UHM585.41009__k141_61255_1	6	Tautomerase	5	83.33	PilZ	3
UHM644.41031__k141_213070_3	5	Abhydrolase_1	3	60.00	AstB	2
UHM562.40993__k141_177302_175	4	Ntox23	4	100.00	TPR_1	4
UHM564.40995__k141_135925_2	12	ABC_tran	9	75.00	EF-hand_1	8
UHM102.35767__k141_41204_1	4	none	0	0.00		0
UHM585.41009__k141_110635_1	3	Ribonuc_L-PSP	1	33.33	NHL	1
UHM626.41025__k141_68915_54	3	SDF	2	66.67		0
UHM628.41026__k141_241398_2	3	Carbam_trans_C	1	33.33	PNGase_F-II_N	1
UHM17.10826__k141_121718_1	7	Lactonase	5	71.43	GST_C	3
UHM577.41002__k141_51791_2	4	NUDIX	4	100.00		0
UHM649.41032__k141_328811_1	3	GFA	1	33.33	3-dmu-9_3-mt	1
UHM145.35771__k141_136585_108	4	EF-G_D2	4	100.00	KH_1	3
UHM125.35768__k141_30388_1	5	B12-binding	3	60.00	S-methyl_trans	3
UHM624.41024__k141_47005_7	4	HTH_1	4	100.00	FCD	3
UHM145.35773__k141_206331_6	3	AC_1	1	33.33	DndB	1
UHM18.35742__k141_128522_2	3	TraG_N	3	100.00		0
UHM616.41022__k141_154659_77	6	DUF1508	2	33.33	SprT-like	1
UHM17.10826__k141_91714_2	5	CHAP	1	20.00	DUF3592	1
UHM598.41016__k141_238883_2	3	none	0	0.00		0
UHM572.40998__k141_105144_383	3	HGTP_anticodon	3	100.00	Toluene_X	1
UHM41.35757__k141_90610_1	3	AMP_N	2	66.67		0
UHM573.40999__k141_119123_1	14	Phage_integrase	1	7.14	OmpA_membrane	1
UHM628.41026__k141_54990_1	4	none	0	0.00		0
UHM38.35752__k141_207661_1	26	MSSP	1	3.85		0
UHM38.35752__k141_169770_4	4	DUF7574	1	25.00		0
UHM617.41023__k141_185710_3	3	FKBP_C	3	100.00		0
UHM125.35770__k141_296328_19	4	DNA_pol3_beta	1	25.00		0
UHM125.35769__k141_53466_1	3	none	0	0.00		0
UHM634.41029__k141_6403_20	4	none	0	0.00		0
UHM626.41025__k141_3625_2	6	none	0	0.00		0
UHM564.40995__k141_33008_35	3	DUF2944	3	100.00	SlyX	1
UHM634.41029__k141_174180_2	3	HTH_1	2	66.67	Metallophos	1
UHM617.41023__k141_47909_1	3	Peptidase_S78	2	66.67	Phage_portal	1
UHM17.35740__k141_11965_18	3	none	0	0.00		0
UHM656.41033__k141_23263_39	4	DUF932	4	100.00	Patatin	1
UHM626.41025__k141_277285_1	5	DUF5675	3	60.00	Sigma70_ECF	1
UHM40.10834__k141_114378_2	3	ArdcN	1	33.33		0
UHM38.35752__k141_213382_2	3	none	0	0.00		0
UHM125.35769__k141_55802_2	5	AI-2E_transport	4	80.00	DUF4153	2
UHM31.35749__k141_150940_1	5	RT_RNaseH	1	20.00		0
UHM40.10834__k141_96877_7	3	none	0	0.00		0
UHM633.41028__k141_120321_1	5	Cytochrome_CBB3	3	60.00	DUF8729	1
UHM644.41031__k141_67124_18	3	CBUA0006_C	1	33.33	YhdP	1
UHM598.41016__k141_92165_6	3	none	0	0.00		0
UHM45.10838__k141_99780_51	7	Exonuc_VIII	1	14.29	AAA	1
UHM125.35769__k141_16900_1	5	none	0	0.00		0
UHM17.10826__k141_262628_1	3	GerE	2	66.67		0
UHM633.41028__k141_166127_1	3	none	0	0.00		0
UHM31.35749__k141_142588_1	5	Lactamase_B	2	40.00	Epimerase	1
UHM72.35764__k141_64128_56	3	Rotamase	3	100.00	Bac_DNA_binding	1
UHM558.40992__k141_191332_123	3	AAA_25	1	33.33		0
UHM41.35757__k141_39698_46	4	Formyl_trans_N	3	75.00	LPG_synthase_TM	3
UHM572.40998__k141_132705_9	3	HTH_11	1	33.33	Sa_NUDIX	1
UHM562.40993__k141_44020_19	6	DUF3164	5	83.33		0
UHM554.40991__k141_173035_2	3	GGDEF	1	33.33	Phage_integrase	1
UHM573.40999__k141_25673_6	3	DUF6475	1	33.33		0
UHM72.35764__k141_121113_1	3	FUR	1	33.33	HTH_23	1
UHM102.35767__k141_112511_29	14	none	0	0.00		0
UHM633.41028__k141_510304_1	3	Thioredoxin	1	33.33		0
UHM633.41028__k141_282742_4	3	none	0	0.00		0
UHM145.35773__k141_21008_1	10	none	0	0.00		0
UHM31.35748__k141_133401_4	3	OmpA_membrane	1	33.33	HTH_DeoR	1
UHM666.41034__k141_208631_1	4	DUF2188	1	25.00	Gly_kinase	1
UHM40.10834__k141_47917_2	3	Asp_protease_2	1	33.33	UbiA	1
UHM648.41909__k141_98094_5	3	none	0	0.00		0
UHM570.40997__k141_15027_105	3	Arm-DNA-bind_3	2	66.67	GFO_IDH_MocA	1
UHM633.41028__k141_46108_27	6	Beta-barrel_AprE	4	66.67	Glyco_hydro_95_C	1
UHM608.41018__k141_51089_37	3	FA_desaturase	3	100.00		0
UHM18.35741__k141_131958_20	4	ASCH_2	4	100.00		0
UHM594.41014__k141_15344_1	8	none	0	0.00		0
UHM585.41009__k141_70663_3	5	none	0	0.00		0
UHM38.35753__k141_152579_1	3	none	0	0.00		0
UHM41.35756__k141_74485_7	3	DNase_NucA_NucB	2	66.67		0
UHM574.41000__k141_158967_406	4	BPSS1818	4	100.00	CytoC_RC	4
UHM590.41012__k141_91722_2	3	Ysc84	1	33.33	HTH_6	1
UHM636.41030__k141_230417_3	3	Kinase-PPPase	1	33.33	DUF892	1
UHM598.41016__k141_191594_7	3	BTB	1	33.33		0
UHM145.35771__k141_74084_2	5	Pro_isomerase	4	80.00	LMWPc	3
UHM656.41033__k141_43994_53	3	Aminotran_1_2	1	33.33	PhzC-PhzF	1
UHM611.41020__k141_139017_1	6	none	0	0.00		0
UHM18.35742__k141_147210_1	7	none	0	0.00		0
UHM644.41031__k141_183340_1	3	none	0	0.00		0
UHM644.41031__k141_197841_17	5	Yip1	2	40.00	Acetyltransf_1	1
UHM102.35767__k141_173013_1	3	Exo_endo_phos_2	1	33.33		0
UHM45.35758__k141_189782_1	3	none	0	0.00		0
UHM145.35771__k141_118492_2	6	HSP20	6	100.00		0
UHM656.41033__k141_320290_2	3	Peripla_BP_2	2	66.67		0
UHM17.10826__k141_105784_1	3	Acetyltransf_1	3	100.00		0
UHM584.41008__k141_21030_1	13	RVT_2	1	7.69		0
UHM628.41026__k141_108208_1	3	DNA_pol_A	1	33.33		0
UHM633.41028__k141_192566_3	6	MFS_1	3	50.00	ANF_receptor	2
UHM145.35773__k141_152318_1	3	none	0	0.00		0
UHM22.35745__k141_61469_3	5	none	0	0.00		0
UHM40.35754__k141_130288_98	3	DNA_binding_1	2	66.67	AMP-binding	1
UHM17.10826__k141_155208_23	6	FeoB_N	6	100.00	Pept_tRNA_hydro	6
UHM38.10833__k141_39323_5	3	RteC	2	66.67	T4SS-DNA_transf	1
UHM644.41031__k141_144087_8	3	Aldo_ket_red	3	100.00	HTH_1	3
UHM38.35752__k141_30498_95	4	DUF4494	2	50.00	Plug	1
UHM628.41026__k141_91236_1	3	DUF3987	1	33.33	ParB_N	1
UHM581.41005__k141_83300_3	4	RHS_repeat	2	50.00		0
UHM17.10826__k141_31268_2	3	DUF4087	3	100.00		0
UHM125.35769__k141_254920_79	3	DUF6286	2	66.67	DUF2273	1
UHM18.35742__k141_17178_1	3	none	0	0.00		0
UHM22.35745__k141_46382_25	4	Porin_1	2	50.00	DUF2000	2
UHM633.41028__k141_53517_1	6	Glyco_hydro_47	4	66.67		0
UHM20.35744__k141_207250_1	3	none	0	0.00		0
UHM102.35767__k141_142451_4	3	DUF4417	2	66.67		0
UHM125.35769__k141_85254_22	5	Rhodanese	5	100.00		0
UHM577.41002__k141_193785_72	9	DUF4349	7	77.78	Acid_phosphat_B	5
UHM575.41001__k141_150723_1	4	DUF1801	3	75.00	AHSA1	2
UHM624.41024__k141_5421_1	3	Ribosomal_S30AE	2	66.67	TctC	1
UHM102.10840__k141_57079_1	3	LpxK	1	33.33		0
UHM634.41029__k141_236203_9	3	none	0	0.00		0
UHM38.35752__k141_68564_1	4	none	0	0.00		0
UHM45.35758__k141_111977_1	5	none	0	0.00		0
UHM633.41028__k141_84930_1	4	SBP_bac_1	1	25.00		0
UHM648.41909__k141_388211_1	3	none	0	0.00		0
UHM56.35760__k141_312_2	3	none	0	0.00		0
UHM648.41909__k141_271947_116	3	Big_9	3	100.00	Ig_7	2
UHM31.35749__k141_119312_3	4	none	0	0.00		0
UHM45.10838__k141_27129_207	3	adh_short	1	33.33	Acetyltransf_1	1
UHM634.41029__k141_65884_3	3	Peptidase_M8	1	33.33		0
UHM38.35753__k141_74519_2	4	Oxidored_molyb	4	100.00	DLH	2
UHM590.41012__k141_225807_9	5	3-dmu-9_3-mt	5	100.00	dCache_1	4
UHM610.41019__k141_134829_1	4	UCP029691	1	25.00		0
UHM632.41027__k141_58485_297	8	MFS_1	8	100.00	Fasciclin	1
UHM615.41021__k141_152231_2	4	FBPase	4	100.00	WHD_AraR	1
UHM562.40993__k141_122620_1	3	none	0	0.00		0
UHM45.35758__k141_68139_1	3	Plug	2	66.67	PAD_porph	1
UHM615.41021__k141_126035_77	3	Pro_CA	1	33.33		0
UHM648.41909__k141_372141_2	3	PepSY_TM	2	66.67	AraC_binding_2	1
UHM648.41909__k141_208969_4	4	none	0	0.00		0
UHM145.35772__k141_12859_2	3	DNA_pol_A_exo1	1	33.33	Phage_TAC_11	1
UHM17.10826__k141_20486_2	5	DNA_pol3_alpha	5	100.00	Glyco_hydro_130	1
UHM40.35755__k141_14623_1	4	none	0	0.00		0
UHM644.41031__k141_340539_15	4	NAGPA	1	25.00	SecE	1
UHM41.10835__k141_27297_202	3	Rep_trans	2	66.67		0
UHM666.41034__k141_63748_11	4	AraC_binding	4	100.00	Tautomerase	3
UHM45.35759__k141_119383_1	5	none	0	0.00		0
UHM624.41024__k141_106776_1	3	none	0	0.00		0
UHM633.41028__k141_277870_2	6	none	0	0.00		0
UHM578.41003__k141_81298_1	7	FecR	7	100.00	Sigma70_ECF	2
UHM611.41020__k141_125793_1	3	none	0	0.00		0
UHM598.41016__k141_199571_1	3	none	0	0.00		0
UHM656.41033__k141_69443_1	3	DNA_pol_B_2	1	33.33	Phage_integr_N	1
UHM598.41016__k141_183709_1	3	none	0	0.00		0
UHM633.41028__k141_514956_1	7	none	0	0.00		0
UHM598.41016__k141_54622_55	3	OMP_b-brl_3	1	33.33		0
UHM564.40995__k141_148512_2	3	Phage_cap_E	3	100.00		0
UHM598.41016__k141_11346_396	3	DUF3570	3	100.00	Peripla_BP_2	3
UHM22.35746__k141_83844_2	3	Tae4	1	33.33		0
UHM648.41909__k141_238323_1	6	none	0	0.00		0
UHM580.41004__k141_39254_2	8	DUF7024	1	12.50	Trm112p	1
UHM40.35755__k141_78794_86	3	N_methyl	3	100.00	tRNA_bind	2
UHM636.41030__k141_278988_35	3	none	0	0.00		0
UHM38.35753__k141_88382_1	3	Baculo_F	1	33.33		0
UHM666.41034__k141_106181_30	3	Secretin	3	100.00		0
UHM22.35745__k141_31159_1	4	MFS_1	1	25.00		0
UHM125.35768__k141_27748_10	3	none	0	0.00		0
UHM20.35744__k141_1831_1	3	none	0	0.00		0
UHM648.41909__k141_431905_2	7	none	0	0.00		0
UHM633.41028__k141_314767_1	5	EF-hand_1	1	20.00		0
UHM145.35773__k141_248158_1	7	DUF6260	7	100.00	Pa193_gp24	3
UHM598.41016__k141_213822_6	3	Pkinase	1	33.33		0
UHM634.41029__k141_89517_14	6	AI-2E_transport	1	16.67	XdhC_C	1
UHM644.41031__k141_93445_1	3	AHSA1	1	33.33	DUF697	1
UHM22.35746__k141_66861_1	3	Secretin	1	33.33		0
UHM554.40991__k141_79377_1	3	none	0	0.00		0
UHM145.35772__k141_98888_116	4	none	0	0.00		0
UHM634.41029__k141_94313_2	3	Methyltransf_11	1	33.33		0
UHM633.41028__k141_414727_2	3	WxL	2	66.67	Flg_new	1
UHM72.35762__k141_102521_15	3	Abhydrolase_1	2	66.67	Aminotran_5	2
UHM610.41019__k141_182098_18	3	Lipase_GDSL_2	1	33.33	AAA_13	1
UHM598.41016__k141_221060_2	5	none	0	0.00		0
UHM633.41028__k141_5198_1	4	Serpin	1	25.00		0
UHM45.35759__k141_84130_27	3	HTH_18	3	100.00		0
UHM38.35753__k141_100296_1	3	AAA_31	1	33.33		0
UHM636.41030__k141_114042_43	3	Peptidase_S8	3	100.00	HHH	2
UHM45.35758__k141_173301_1	5	GCHY-1	5	100.00	cobW	4
UHM20.35744__k141_167973_1	10	none	0	0.00		0
UHM22.35745__k141_81286_2	3	none	0	0.00		0
UHM56.35761__k141_180616_1	3	RT_RNaseH	2	66.67		0
UHM72.35763__k141_78253_1	3	Chromate_transp	1	33.33	peroxidase	1
UHM20.35744__k141_95324_2	3	none	0	0.00		0
UHM633.41028__k141_48541_1	3	Beta-lactamase	1	33.33	Pkinase	1
UHM145.35772__k141_83634_2	3	VasX_N	1	33.33	RPE65	1
UHM565.40996__k141_73848_96	3	CLIPPER	3	100.00	Sigma70_r2	3
UHM617.41023__k141_226690_1	3	none	0	0.00		0
UHM56.35761__k141_131031_1	8	Baculo_F	2	25.00	Integrase_H2C2	1
UHM607.41017__k141_146231_1	4	none	0	0.00		0
UHM72.35762__k141_66137_1	4	DUF5675	3	75.00	PepSY_TM	1
UHM20.35743__k141_101751_296	3	Sigma70_r2	3	100.00	Peptidase_M13	2
UHM72.35762__k141_47325_10	5	DUF6356	2	40.00	LprI	1
UHM648.41909__k141_8230_9	4	F-box	1	25.00		0
UHM145.35773__k141_33804_9	4	PapB	4	100.00	Band_7	1
UHM38.35752__k141_90639_2	10	AAA_22	1	10.00	AAA_15	1
UHM617.41023__k141_313296_1	4	none	0	0.00		0
UHM624.41024__k141_503727_2	3	none	0	0.00		0
UHM633.41028__k141_340686_5	3	Cob_adeno_trans	2	66.67	Acetyltransf_1	1
UHM41.35756__k141_2846_1	3	Acetyltransf_1	1	33.33	AA_permease	1
UHM591.41013__k141_374795_3	5	Arm-DNA-bind_3	5	100.00	DUF4060	3
UHM22.35746__k141_22536_1	4	none	0	0.00		0
UHM583.41007__k141_130012_1	3	SUFU	1	33.33		0
UHM594.41014__k141_55379_12	3	Tubulin	1	33.33		0
UHM649.41032__k141_395046_12	5	AhpC-TSA	2	40.00	Redoxin	2
UHM22.35746__k141_143364_3	3	none	0	0.00		0
UHM565.40996__k141_202822_94	3	Secretin	2	66.67		0
UHM632.41027__k141_18156_66	4	none	0	0.00		0
UHM72.35762__k141_4537_2	3	Cupin_5	3	100.00		0
UHM125.35770__k141_55326_4	3	RNase_H	1	33.33	RVT_1	1
UHM102.35766__k141_147840_1	7	RVT_1	1	14.29		0
UHM570.40997__k141_48174_1	3	none	0	0.00		0
UHM38.35752__k141_182030_327	3	DUF2517	3	100.00	Potass_KdpF	2
UHM102.35766__k141_171616_4	3	Acyltransferase	3	100.00	DUF6328	3
UHM565.40996__k141_132109_1	3	PXPV	1	33.33		0
UHM563.40994__k141_87817_89	4	SGBP_N	4	100.00		0
UHM22.35746__k141_99199_2	3	fn3	1	33.33	AIPR	1
UHM624.41024__k141_403292_1	4	Phage_TAC_18	1	25.00	TMP_2	1
UHM590.41012__k141_12631_2	3	none	0	0.00		0
UHM45.35758__k141_142179_59	3	SMI1_KNR4	1	33.33	HD_4	1
UHM562.40993__k141_71442_1	3	Exo_endo_phos	1	33.33	PRE_C2HC	1
UHM40.35755__k141_128477_46	7	DJ-1_PfpI	5	71.43	DUF6932	2
UHM125.35770__k141_251496_2	6	DUF456	4	66.67		0
UHM584.41008__k141_168106_2	3	AA_permease	2	66.67	Na_Ca_ex	1
UHM649.41032__k141_15291_2	4	none	0	0.00		0
UHM610.41019__k141_106711_1	6	none	0	0.00		0
UHM626.41025__k141_67599_66	5	Sequestin	2	40.00	HicB-like_2	1
UHM125.35770__k141_44164_77	3	PTL_trimer	1	33.33		0
UHM666.41034__k141_233773_2	3	Beta_helix_4	1	33.33		0
UHM56.35760__k141_45377_2	12	DnaT_2	6	50.00		0
UHM598.41016__k141_74942_372	7	AI-2E_transport	2	28.57	2OG-FeII_Oxy_3	1
UHM633.41028__k141_168004_2	7	none	0	0.00		0
UHM656.41033__k141_6749_2	6	ACT	3	50.00	PEPCK_GTP	2
UHM591.41013__k141_378914_1	3	DUF6988	1	33.33		0
UHM610.41019__k141_164621_2	3	Hexapep	2	66.67	Cation_efflux	2
UHM38.35753__k141_45812_10	3	Sigma70_r2	3	100.00	M20_dimer	3
UHM125.35769__k141_99587_208	3	DnaT_2	3	100.00	DUF6260	3
UHM145.35771__k141_36789_1	3	none	0	0.00		0
UHM648.41909__k141_17694_2	3	YkuD	1	33.33	HGTP_anticodon	1
UHM40.35755__k141_29604_191	4	Aconitase	4	100.00	BCCT	2
UHM17.35740__k141_46186_2	3	none	0	0.00		0
UHM577.41002__k141_32047_1	4	Pao_retrotransp	1	25.00		0
UHM656.41033__k141_303139_19	5	DNA_methylase	1	20.00	Bac_DnaA_C	1
UHM41.35756__k141_64087_13	4	HTH_19	2	50.00	Flavokinase	1
UHM626.41025__k141_161829_1	3	CM_2	2	66.67		0
UHM558.40992__k141_115047_3	4	none	0	0.00		0
UHM18.35742__k141_131607_1	3	none	0	0.00		0
UHM644.41031__k141_64776_20	4	EAL	1	25.00	Lipocalin_2	1
UHM102.35766__k141_150736_7	4	Plug	3	75.00		0
UHM587.41011__k141_135798_20	3	Queuosine_synth	3	100.00	HTH_26	3
UHM554.40991__k141_72704_2	4	A_deaminase	4	100.00	HAMP	4
UHM145.35772__k141_1972_6	3	Laminin_G_3	1	33.33	PCC	1
UHM45.10838__k141_116777_1	17	none	0	0.00		0
UHM636.41030__k141_98074_118	3	DUF1015	1	33.33		0
UHM145.35771__k141_23417_3	3	GGDEF	1	33.33	PadR	1
UHM580.41004__k141_137583_205	3	fn3	1	33.33		0
UHM666.41034__k141_312464_106	3	TetR_N	2	66.67	HTH_1	1
UHM41.10835__k141_26451_17	4	DUF3302	4	100.00		0
UHM45.10838__k141_44475_223	3	DUF1569	1	33.33		0
UHM626.41025__k141_190018_322	3	TonB_C	2	66.67	Peptidase_M16_C	1
UHM636.41030__k141_251416_2	4	DEAD	2	50.00	TPP_enzyme_C	1
UHM41.10835__k141_82164_1	3	none	0	0.00		0
UHM587.41011__k141_13170_3	3	KdpC	3	100.00		0
UHM644.41031__k141_171166_47	3	SNase	1	33.33	GIY-YIG	1
UHM632.41027__k141_292982_2	4	CyanoTRADDas_TM	1	25.00	HTH_3	1
UHM611.41020__k141_74562_10	3	GspH	3	100.00		0
UHM666.41034__k141_308726_1	3	KTSC	1	33.33	NADAR	1
UHM634.41029__k141_157067_2	3	none	0	0.00		0
UHM636.41030__k141_132765_11	3	Peptidase_S49	1	33.33		0
UHM41.35756__k141_26681_2	3	Response_reg	2	66.67	Hfq	1
UHM596.41015__k141_195606_2	3	GST_N	1	33.33		0
UHM125.35770__k141_276536_1	21	Gypsy	1	4.76	PRE_C2HC	1
UHM125.35770__k141_252659_1	3	Exo_endo_phos_2	1	33.33		0
UHM562.40993__k141_30813_45	3	ATP_bind_1	3	100.00		0
UHM125.35770__k141_127704_69	4	none	0	0.00		0
UHM18.35742__k141_47188_100	4	PLDc_2	3	75.00	PdxJ	2
UHM607.41017__k141_64379_4	3	2-thiour_desulf	3	100.00	TctC	2
UHM633.41028__k141_485275_1	34	Acyl-CoA_dh_1	1	2.94		0
UHM586.41010__k141_12728_4	4	DUF1833	4	100.00	FNIII-A_GpJ	3
UHM666.41034__k141_108942_3	4	none	0	0.00		0
UHM580.41004__k141_140145_69	4	PTP-NADK	1	25.00		0
UHM56.35760__k141_69347_3	4	Exo_endo_phos_2	1	25.00		0
UHM145.35771__k141_114957_666	4	none	0	0.00		0
UHM611.41020__k141_136092_1	3	Beta_helix	1	33.33	ABC_membrane	1
UHM649.41032__k141_115112_1	5	Rce1-like	1	20.00	adh_short	1
UHM632.41027__k141_43216_367	4	Glycos_transf_1	3	75.00	Gln-synt_C	2
UHM633.41028__k141_462494_18	3	CHDCT2	1	33.33		0
UHM574.41000__k141_129033_7	3	Acetyltransf_1	2	66.67	Glyoxalase	1
UHM628.41026__k141_205625_255	3	VWA	3	100.00	cNMP_binding	3
UHM598.41016__k141_209089_1	3	none	0	0.00		0
UHM644.41031__k141_177990_323	4	Ank	1	25.00	AXE1	1
UHM582.41006__k141_4839_6	3	DUF4010	2	66.67		0
UHM575.41001__k141_194316_148	3	Peptidase_S24	2	66.67	BPD_transp_1	1
UHM38.35752__k141_196047_1	7	none	0	0.00		0
UHM36.35751__k141_73494_4	3	HTH_19	1	33.33	Por_Secre_tail	1
UHM649.41032__k141_59789_2	3	Integrin_A_Ig_2	1	33.33		0
UHM632.41027__k141_88989_4	3	MFS_1	2	66.67	FYDLN_acid	1
UHM563.40994__k141_129319_1	3	Lactamase_B	2	66.67		0
UHM616.41022__k141_5047_1	4	HATPase_c	1	25.00		0
UHM41.35757__k141_136603_1	26	MSSP	1	3.85		0
UHM72.35763__k141_80126_1	3	RVT_1	1	33.33		0
UHM648.41909__k141_23970_2	4	none	0	0.00		0
UHM587.41011__k141_72399_29	3	TetR_C_13	2	66.67	DUF6242_C	1
UHM564.40995__k141_65843_2	3	HTH_18	3	100.00		0
UHM18.35741__k141_43822_369	3	ACR_tran	3	100.00	DnaJ	2
UHM41.35756__k141_34616_1	8	Phage_integrase	3	37.50		0
UHM649.41032__k141_205248_1	3	Mpo1-like	2	66.67	OsmC	1
UHM38.35752__k141_196151_13	3	H_PPase	3	100.00	AIRS	2
UHM626.41025__k141_277356_1	3	none	0	0.00		0
UHM38.35752__k141_27426_1	3	rve	1	33.33		0
UHM40.10834__k141_20985_2	4	Glyoxalase	1	25.00	3Beta_HSD	1
UHM573.40999__k141_75908_1	3	CRCB	2	66.67	DUF1775	2
UHM580.41004__k141_71730_1	4	none	0	0.00		0
UHM22.35746__k141_27187_271	3	PBP_like_2	3	100.00	1TM_TonB_rel	3
UHM624.41024__k141_457618_1	4	none	0	0.00		0
UHM632.41027__k141_242546_71	4	TauE	1	25.00	DUF188	1
UHM40.10834__k141_9335_2	4	MFS_1	4	100.00	DUF3299	3
UHM36.10832__k141_161374_1	3	Asp_protease_2	1	33.33		0
UHM38.35752__k141_200678_1	3	none	0	0.00		0
UHM617.41023__k141_320899_464	3	T2SSF	2	66.67		0
UHM656.41033__k141_29129_2	3	CarbopepD_reg_2	1	33.33	HATPase_c	1
UHM102.35767__k141_24847_1	4	LprI	2	50.00	DMT_YdcZ	2
UHM20.35743__k141_34739_6	3	Bac_rhamnosid	3	100.00	Glyco_hydro_65C	3
UHM594.41014__k141_63793_1	3	MFS_1	1	33.33		0
UHM563.40994__k141_71734_42	6	HTH_17	2	33.33	DUF6538	1
UHM565.40996__k141_203400_108	5	none	0	0.00		0
UHM656.41033__k141_65144_3	8	Glyoxalase	6	75.00	Ribosomal_L31	4
UHM41.35756__k141_90410_2	3	YadA_stalk	1	33.33	Plug	1
UHM581.41005__k141_35268_228	3	Amidohydro_1	3	100.00	FilR1_N	1
UHM56.35761__k141_132356_106	4	BLUF	2	50.00	PNPOx_N	2
UHM633.41028__k141_424523_2	3	none	0	0.00		0
UHM45.35759__k141_98239_1070	3	none	0	0.00		0
UHM145.35773__k141_141428_3	3	none	0	0.00		0
UHM624.41024__k141_78373_3	3	none	0	0.00		0
UHM628.41026__k141_225835_2	3	ACCA	1	33.33		0
UHM644.41031__k141_43653_289	3	Peptidase_A8	2	66.67	AhpC-TSA	1
UHM565.40996__k141_191138_1	3	HTH_26	2	66.67	Peptidase_M78	2
UHM583.41007__k141_108945_4	3	Acetyltransf_1	2	66.67		0
UHM580.41004__k141_180262_15	3	none	0	0.00		0
UHM611.41020__k141_105273_2	3	SSB	2	66.67	MerR	1
UHM636.41030__k141_281311_14	3	none	0	0.00		0
UHM563.40994__k141_54681_14	6	AAA_21	6	100.00	Exo_endo_phos	3
UHM18.35742__k141_172583_1	3	none	0	0.00		0
UHM596.41015__k141_42250_1	3	none	0	0.00		0
UHM624.41024__k141_169862_13	4	none	0	0.00		0
UHM20.10828__k141_39898_3	3	HTH_11	2	66.67	WYL	1
UHM38.35752__k141_156975_1	4	FMN_bind_2	3	75.00		0
UHM598.41016__k141_132856_1	7	ADH_N	4	57.14	DNA_ligase_A_C	3
UHM636.41030__k141_262700_3	7	PIN_6	1	14.29		0
UHM41.35756__k141_62163_1	3	none	0	0.00		0
UHM648.41909__k141_117536_2	6	ABC_tran	1	16.67	Transposase_21	1
UHM624.41024__k141_137900_3	7	cEGF	1	14.29	EGF	1
UHM102.10840__k141_70074_7	3	DUF4229	1	33.33	UbiA	1
UHM628.41026__k141_112396_18	9	HTH_1	9	100.00	Alk_phosphatase	5
UHM617.41023__k141_175236_2	4	ApbE	3	75.00	Amidase	1
UHM72.35764__k141_135643_386	3	Peptidase_M1	2	66.67	Aminotran_5	2
UHM649.41032__k141_378170_2	8	Anti-Pycsar_Apyc1	7	87.50	Glycos_transf_2	3
UHM611.41020__k141_121164_2	4	none	0	0.00		0
UHM562.40993__k141_174543_1	4	PLDc_2	3	75.00	Peripla_BP_2	1
UHM649.41032__k141_23291_1	3	NucS_C	1	33.33		0
UHM20.35743__k141_91503_2	3	none	0	0.00		0
UHM145.35773__k141_75649_2	3	Phage_capsid	3	100.00	Phage_connect_1	2
UHM617.41023__k141_250678_1	3	Glycos_transf_1	1	33.33	DNA_gyraseB	1
UHM649.41032__k141_46738_2	3	LiaF-TM	3	100.00	Beta-lactamase	2
UHM102.35766__k141_40680_12	3	RecT	2	66.67		0
UHM628.41026__k141_146003_137	3	TetR_C_11	3	100.00	Porin_1	2
UHM634.41029__k141_38075_1	4	none	0	0.00		0
UHM628.41026__k141_185663_14	3	Autotransporter	1	33.33	PNP_UDP_1	1
UHM580.41004__k141_210373_1	3	none	0	0.00		0
UHM41.35756__k141_105542_1	3	MobB	1	33.33		0
UHM554.40991__k141_59227_13	3	none	0	0.00		0
UHM565.40996__k141_161899_1	5	none	0	0.00		0
UHM636.41030__k141_208695_97	3	CFAP70_mid_TPR	1	33.33	Guanylate_cyc	1
UHM596.41015__k141_160776_1	4	Melibiase_2	2	50.00	Grp7_allergen	1
UHM649.41032__k141_307005_159	3	FAD_binding_4	3	100.00	Aminotran_1_2	3
UHM624.41024__k141_354261_1	3	DcpS_C	3	100.00	Multi_Drug_Res	1
UHM40.10834__k141_57971_3	6	Acetyltransf_1	5	83.33	Avidin_like	1
UHM20.35744__k141_19260_7	3	SIMPL	1	33.33	Lipocalin_4	1
UHM38.10833__k141_66501_1	3	Pribosyltran	2	66.67	Oxidored_molyb	1
UHM616.41022__k141_127475_1	5	CelD_N	3	60.00	ACOX_C_alpha1	3
UHM102.35767__k141_226078_1	7	none	0	0.00		0
UHM41.35757__k141_43883_1	3	RVT_1	1	33.33		0
UHM22.35745__k141_3748_2	3	SMI1_KNR4	3	100.00	ANF_receptor	2
UHM17.10826__k141_138276_1	3	IPTL-CTERM	1	33.33	YbcO	1
UHM656.41033__k141_30326_2	3	CBM_35_2	2	66.67	FAD_binding_3	1
UHM36.10832__k141_10133_251	3	Glucosamine_iso	1	33.33	Ank	1
UHM617.41023__k141_93036_1	6	MFS_1	1	16.67		0
UHM634.41029__k141_227217_1	4	FKBP_C	1	25.00		0
UHM17.35740__k141_144081_1	5	none	0	0.00		0
UHM617.41023__k141_219961_1	3	Virulence_RhuM	1	33.33		0
UHM617.41023__k141_166537_3	4	DUF6708	3	75.00	OEP	1
UHM633.41028__k141_242469_2	3	none	0	0.00		0
UHM583.41007__k141_175670_2	3	none	0	0.00		0
UHM18.35742__k141_130720_4	3	none	0	0.00		0
UHM633.41028__k141_405856_8	6	none	0	0.00		0
UHM38.10833__k141_3920_1	5	DUF763	2	40.00	GerE	1
UHM102.35767__k141_188473_1	3	none	0	0.00		0
UHM20.35743__k141_25803_22	3	none	0	0.00		0
UHM581.41005__k141_83107_172	4	Glyco_hydro_2	3	75.00	GTP_cyclohydroI	1
UHM580.41004__k141_164497_3	4	none	0	0.00		0
UHM564.40995__k141_2599_2	3	GFO_IDH_MocA	3	100.00	FAD_binding_2	2
UHM648.41909__k141_79957_4	5	Glyco_hydro_47	1	20.00	Exo_endo_phos	1
UHM598.41016__k141_285278_1	3	none	0	0.00		0
UHM22.35747__k141_46109_1	5	TetR	3	60.00		0
UHM40.35755__k141_45155_72	4	DUF3987	2	50.00	HTH_23	1
UHM38.35752__k141_225847_55	5	Methyltransf_28	2	40.00	Cu-oxidase_4	2
UHM610.41019__k141_293064_1	4	YbaJ	3	75.00	AAA_21	3
UHM125.35770__k141_290566_2	3	VirJ	2	66.67	Gcw_chp	1
UHM582.41006__k141_14252_2	5	none	0	0.00		0
UHM17.35739__k141_20125_3	3	HTH_20	2	66.67		0
UHM610.41019__k141_74886_170	3	cobW	1	33.33	ABC_tran	1
UHM22.35746__k141_42278_1	4	none	0	0.00		0
UHM125.35769__k141_280269_3	3	Top1B_N_bact	2	66.67	SRAP	1
UHM125.35770__k141_28419_373	4	HATPase_c	4	100.00	CarbopepD_reg_2	3
UHM558.40992__k141_190588_1	5	RVT_1	1	20.00	Exo_endo_phos	1
UHM20.35743__k141_19698_5	4	WXG100	2	50.00		0
UHM31.35749__k141_146710_2	5	none	0	0.00		0
UHM634.41029__k141_169577_2	24	R1_ORF1_N	11	45.83	Exo_endo_phos_2	2
UHM565.40996__k141_12595_3	4	ECH_1	4	100.00	Abhydrolase_6	2
UHM596.41015__k141_208080_1	5	none	0	0.00		0
UHM40.35754__k141_74253_43	3	Phage_DNA_bind	2	66.67		0
UHM102.35767__k141_108644_1	3	HTH_17	1	33.33		0
UHM611.41020__k141_111118_3	4	ABC_sub_bind	1	25.00		0
UHM636.41030__k141_162377_29	3	Nitroreductase	3	100.00	OCD_Mu_crystall	3
UHM17.35740__k141_79825_2	3	IMS	1	33.33		0
UHM610.41019__k141_113420_1	6	DUF58	4	66.67	AAA_21	3
UHM598.41016__k141_234783_7	3	none	0	0.00		0
UHM632.41027__k141_16207_1	3	CLP_protease	1	33.33	OmpA	1
UHM585.41009__k141_38627_114	3	ECH_1	2	66.67	DUF3757	1
UHM610.41019__k141_254825_1	7	none	0	0.00		0
UHM72.35762__k141_3919_3	3	PilN	3	100.00		0
UHM41.35756__k141_27283_3	3	MIP	1	33.33	A2M	1
UHM56.35760__k141_29892_394	6	Phage_lysozyme	5	83.33	HicB-like_2	2
UHM591.41013__k141_294340_2	12	F-box	1	8.33		0
UHM562.40993__k141_62984_2	4	MgtC	4	100.00	Autotransporter	1
UHM598.41016__k141_243347_2	3	DctP	1	33.33	DctM	1
UHM656.41033__k141_58561_3	5	DNA_pol3_delta	4	80.00	DUF2196	2
UHM17.35739__k141_75483_3	4	HTH_1	4	100.00	GDPD	3
UHM624.41024__k141_145774_1	3	none	0	0.00		0
UHM596.41015__k141_178646_8	6	Glyco_hydro_31_2nd	1	16.67		0
UHM632.41027__k141_191565_2	3	none	0	0.00		0
UHM644.41031__k141_11642_480	3	SLT	1	33.33		0
UHM38.35753__k141_213389_1	3	none	0	0.00		0
UHM562.40993__k141_192665_107	7	GspH	6	85.71	N_methyl	6
UHM36.35750__k141_15460_337	3	CarD_TRCF_RID	3	100.00	HD	3
UHM617.41023__k141_200021_249	3	DUF4190	1	33.33	Aldedh	1
UHM633.41028__k141_262385_1	3	none	0	0.00		0
UHM598.41016__k141_210535_318	4	DUF1232	2	50.00	Copper-bind	1
UHM585.41009__k141_21939_1	3	none	0	0.00		0
UHM596.41015__k141_61981_8	3	AAA_21	1	33.33		0
UHM56.35760__k141_36496_13	4	none	0	0.00		0
UHM102.35767__k141_225320_2	3	DoxX	2	66.67	HATPase_c	1
UHM575.41001__k141_46827_1	3	none	0	0.00		0
UHM40.35754__k141_88926_3	3	RdgC	1	33.33	DUF2303	1
UHM574.41000__k141_159524_1	4	SMC_ScpB	2	50.00		0
UHM573.40999__k141_134906_884	3	E1-E2_ATPase	2	66.67	FtsX	1
UHM145.35771__k141_139301_103	3	HDOD	3	100.00	Plug	2
UHM608.41018__k141_28544_3	8	VTT_dom	1	12.50		0
UHM125.35768__k141_117509_1	3	none	0	0.00		0
UHM611.41020__k141_89762_1	3	Polysacc_deac_1	2	66.67	FeoB_N	1
UHM56.35760__k141_92267_1	3	none	0	0.00		0
UHM624.41024__k141_314952_2	3	Aminotran_1_2	3	100.00	DUF6624	1
UHM633.41028__k141_470979_5	4	CSD	3	75.00	Helicase_C_3	3
UHM125.35769__k141_193663_2	3	none	0	0.00		0
UHM666.41034__k141_59650_3	4	Ribosom_S12_S23	2	50.00	RNA_pol_Rpb1_1	1
UHM626.41025__k141_257268_4	3	DUF7227	1	33.33		0
UHM20.35744__k141_171351_1	15	none	0	0.00		0
UHM554.40991__k141_151566_3	3	ASCH_2	3	100.00	Phe_tRNA-synt_N	1
UHM590.41012__k141_236008_1	3	RT_RNaseH	2	66.67	MSSP	1
UHM666.41034__k141_201443_1	4	none	0	0.00		0
UHM145.35773__k141_31615_1	3	none	0	0.00		0
UHM617.41023__k141_111091_36	3	DUF998	1	33.33	Polysacc_deac_1	1
UHM649.41032__k141_34275_22	3	His_kinase	1	33.33	DUF4189	1
UHM125.35769__k141_152265_19	3	RusA	1	33.33		0
UHM38.35752__k141_228841_1	4	Sulfate_transp	3	75.00	DUF87	1
UHM145.35773__k141_139881_1	3	none	0	0.00		0
UHM41.35756__k141_47396_1	3	Zn_peptidase_2	3	100.00	HTH_30	1
UHM587.41011__k141_119579_1	3	none	0	0.00		0
UHM656.41033__k141_272446_1	4	SLT	3	75.00	Peptidase_C92	1
UHM634.41029__k141_120521_1	3	none	0	0.00		0
UHM41.35757__k141_63548_1	3	DUF4780	1	33.33	Exo_endo_phos_2	1
UHM56.35760__k141_77367_1	4	EGF	1	25.00		0
UHM558.40992__k141_169711_18	4	Beta-barrel_RND	4	100.00	DUF763	4
UHM145.35771__k141_110026_1	4	Ribosomal_S21	2	50.00	CSD	2
UHM17.35740__k141_124693_1	3	none	0	0.00		0
UHM610.41019__k141_72658_1	4	none	0	0.00		0
UHM633.41028__k141_22947_5	3	none	0	0.00		0
UHM611.41020__k141_76387_2	5	Sigma70_r2	5	100.00	Glyco_hydro_20	5
UHM611.41020__k141_52818_11	4	DUF305	4	100.00		0
UHM632.41027__k141_28300_1	3	none	0	0.00		0
UHM102.10840__k141_85699_2	4	60KD_IMP	3	75.00	Ammonium_transp	2
UHM36.35751__k141_43877_144	3	Cation_ATPase	3	100.00	adh_short	2
UHM648.41909__k141_364061_2	4	GLTT	1	25.00		0
UHM41.35757__k141_195041_10	3	DUF3037	1	33.33	Usp	1
UHM38.35753__k141_203832_19	4	none	0	0.00		0
UHM633.41028__k141_69159_1	3	none	0	0.00		0
UHM125.35768__k141_13630_11	4	Lactonase	3	75.00	HNH_2	1
UHM563.40994__k141_134654_23	3	Glyco_hydro_25	2	66.67	SDF	1
UHM666.41034__k141_435205_2	3	none	0	0.00		0
UHM31.35749__k141_73420_1	3	none	0	0.00		0
UHM554.40991__k141_41395_3	3	DUF1674	2	66.67	OMPdecase	2
UHM634.41029__k141_230776_1	3	none	0	0.00		0
UHM633.41028__k141_43677_3	4	none	0	0.00		0
UHM45.35759__k141_45983_2	6	DUF885	5	83.33		0
UHM666.41034__k141_5663_1	3	none	0	0.00		0
UHM125.35769__k141_344_2	4	none	0	0.00		0
UHM17.10826__k141_183806_71	3	Phage_holin_2_4	1	33.33		0
UHM656.41033__k141_14926_4	4	Dabb	2	50.00	AHSA1	1
UHM125.35770__k141_13159_7	4	Ribosomal_S6	3	75.00	AAA	2
UHM610.41019__k141_246405_2	3	Peptidase_S78	3	100.00	Phage_portal	2
UHM563.40994__k141_89712_17	5	MgtC	1	20.00	CFAP70_mid_TPR	1
UHM628.41026__k141_223020_2	5	5_3_exonuc	3	60.00	Adenine_glyco	3
UHM648.41909__k141_58907_1	4	RNase_H	1	25.00		0
UHM591.41013__k141_197563_129	7	HTH_19	6	85.71	Glyco_hydro_32N	1
UHM72.35764__k141_128997_1	3	YfiO	2	66.67		0
UHM102.35767__k141_152616_54	3	Phage_phiTE_072	2	66.67		0
UHM578.41003__k141_122724_2	3	DUF1016_N	1	33.33	HTH_3	1
UHM648.41909__k141_397188_1	5	Bac_luciferase	4	80.00	HicB_lk_antitox	1
UHM648.41909__k141_7772_1	4	none	0	0.00		0
UHM125.35769__k141_265880_1	14	none	0	0.00		0
UHM72.35762__k141_57649_432	3	ACCA	1	33.33		0
UHM666.41034__k141_28260_1	3	none	0	0.00		0
UHM591.41013__k141_346230_12	3	Anticodon_1	2	66.67		0
UHM562.40993__k141_93379_253	7	DUF188	3	42.86	Arabinose_bd	1
UHM598.41016__k141_251125_2	4	none	0	0.00		0
UHM624.41024__k141_496987_1	3	Alliinase_C	1	33.33	2CSK_N	1
UHM563.40994__k141_82297_1	9	Cyt_bd_oxida_II	6	66.67	MoCoBD_1	4
UHM594.41014__k141_16716_1	3	none	0	0.00		0
UHM598.41016__k141_120065_31	3	YqaJ	3	100.00		0
UHM626.41025__k141_7943_72	8	Ribosomal_L31	6	75.00	Abhydrolase_1	5
UHM102.35767__k141_200814_1	3	none	0	0.00		0
UHM666.41034__k141_43230_1	8	none	0	0.00		0
UHM611.41020__k141_89902_1	4	Plug	3	75.00	PepSY_TM	2
UHM598.41016__k141_161048_1	4	none	0	0.00		0
UHM636.41030__k141_123092_3	3	none	0	0.00		0
UHM41.35757__k141_164871_1	3	none	0	0.00		0
UHM38.35752__k141_122355_1	3	Peripla_BP_1	1	33.33	DNA_topoisoIV	1
UHM570.40997__k141_6878_2	6	CarbopepD_reg_2	5	83.33		0
UHM586.41010__k141_75460_50	4	Pribosyl_synth	2	50.00	Pribosyltran	2
UHM17.10826__k141_188404_17	3	SWIB	3	100.00	DUF2834	2
UHM562.40993__k141_92552_1	3	none	0	0.00		0
UHM644.41031__k141_73697_1	6	none	0	0.00		0
UHM632.41027__k141_13360_1164	3	Glyoxalase	1	33.33	Acyl-CoA_dh_1	1
UHM656.41033__k141_215132_1	3	DUF3347	2	66.67	eCIS_core	1
UHM617.41023__k141_213761_2	6	Metallophos	1	16.67		0
UHM38.35753__k141_34085_1	4	cNMP_binding	4	100.00	PNPOx_N	1
UHM575.41001__k141_255208_2	4	HAD_2	1	25.00	YkuD	1
UHM634.41029__k141_51737_4	3	none	0	0.00		0
UHM565.40996__k141_168516_55	3	Gp5_C	2	66.67	Gp5_trimer_C	1
UHM577.41002__k141_88527_107	4	DUF4293	4	100.00		0
UHM591.41013__k141_317151_158	3	PALP	1	33.33	PhzC-PhzF	1
UHM72.35764__k141_97271_119	3	MFS_1	2	66.67		0
UHM17.10826__k141_294671_49	3	HxlR	2	66.67	Bac_luciferase	1
UHM628.41026__k141_253347_50	3	Plug	1	33.33	GerE	1
UHM18.10827__k141_10587_43	5	QueC	5	100.00	Methyltransf_11	4
UHM626.41025__k141_106915_2	3	DUF1266	1	33.33	cNMP_binding	1
UHM644.41031__k141_200079_7	3	PfkB	1	33.33		0
UHM565.40996__k141_7693_1	3	CBM_5_12	1	33.33		0
UHM591.41013__k141_342890_58	3	UPF0149	3	100.00	EAL	2
UHM633.41028__k141_179059_2	3	none	0	0.00		0
UHM554.40991__k141_11467_14	3	PseudoU_synth_1	3	100.00		0
UHM617.41023__k141_321518_1	3	none	0	0.00		0
UHM632.41027__k141_80139_71	3	AAA_31	3	100.00		0
UHM590.41012__k141_132897_2	3	Thiolase_C	2	66.67	ketoacyl-synt	1
UHM22.35745__k141_21410_2	3	CSS-motif	3	100.00	MFS_1	2
UHM17.10826__k141_295335_3	5	YhhN	5	100.00	Acetyltransf_1	4
UHM648.41909__k141_242205_2	4	none	0	0.00		0
UHM17.10826__k141_80789_1	3	LysE	1	33.33		0
UHM648.41909__k141_115115_2	4	Methyltransf_11	4	100.00	TPR_12	1
UHM648.41909__k141_310932_4	3	DNA_ligase_A_M	1	33.33	SnoaL_2	1
UHM41.35756__k141_106543_8	4	FliMN_C	4	100.00	YscO	3
UHM648.41909__k141_126157_2	3	AAA_26	2	66.67	OEP	1
UHM18.35741__k141_56784_1	4	AAA_31	1	25.00		0
UHM634.41029__k141_307089_1	3	none	0	0.00		0
UHM145.35771__k141_134447_1	3	Kelch_1	1	33.33	Peptidase_M23	1
UHM145.35772__k141_113321_108	4	Phage_CP76	3	75.00	Phage_CI_C	3
UHM615.41021__k141_135730_66	4	Dabb	1	25.00	MFS_1	1
UHM20.35743__k141_109493_1	3	none	0	0.00		0
UHM598.41016__k141_202966_150	3	RRM_1	1	33.33	DUF1579	1
UHM626.41025__k141_274216_73	8	HlyIII	6	75.00	DUF4307	6
UHM18.35742__k141_121152_1	3	none	0	0.00		0
UHM38.35752__k141_4264_1	3	none	0	0.00		0
UHM18.10827__k141_23792_1	3	DUF4031	3	100.00	MotB_plug	1
UHM626.41025__k141_8710_1	5	none	0	0.00		0
UHM38.35753__k141_201052_5	3	ImpE	3	100.00		0
UHM145.35773__k141_98496_3	6	DUF1064	5	83.33	DUF4406	2
UHM632.41027__k141_80320_2	3	DUF6922	1	33.33	Por_Secre_tail	1
UHM18.35742__k141_191775_1	3	none	0	0.00		0
UHM624.41024__k141_181371_2	3	HTH_18	2	66.67		0
UHM575.41001__k141_257435_73	9	DUF5447	4	44.44		0
UHM617.41023__k141_231895_1	4	Lipase_GDSL_2	3	75.00	NrdJ_rel_C	1
UHM125.35770__k141_154680_2	5	PHO4	5	100.00	Metallophos	4
UHM584.41008__k141_102390_10	3	Trans_reg_C	3	100.00	Fimbrial	2
UHM72.35763__k141_25096_46	5	MFS_1	5	100.00	GSHPx	5
UHM45.10838__k141_69992_79	3	FCD	1	33.33		0
UHM17.35740__k141_162206_1	4	none	0	0.00		0
UHM575.41001__k141_128338_2	3	none	0	0.00		0
UHM125.35769__k141_48199_23	3	Derepression	1	33.33	Phage_ASH	1
UHM648.41909__k141_374652_1	6	Ribonuc_red_sm	3	50.00	PfkB	2
UHM40.35755__k141_147511_33	3	DUF6607	3	100.00	DMT_6	2
UHM633.41028__k141_241998_9	3	Glycos_transf_1	3	100.00		0
UHM145.35771__k141_74951_3	3	4HBT	2	66.67	Acetyltransf_1	2
UHM41.35757__k141_186043_1	3	none	0	0.00		0
UHM22.35747__k141_21937_13	3	DUF1266	2	66.67	Beta-lactamase	1
UHM17.35740__k141_943_1	6	none	0	0.00		0
UHM644.41031__k141_224626_19	4	CSD	1	25.00	PALP	1
UHM617.41023__k141_53778_48	5	PHB_acc	4	80.00	Glycos_transf_2	2
UHM56.35760__k141_97774_2	9	Lys_phage	7	77.78		0
UHM574.41000__k141_92026_2	3	Aconitase_C	3	100.00	DUF1802	1
UHM31.35749__k141_147747_2	3	Gypsy	3	100.00	Integrase_H2C2	1
UHM649.41032__k141_154712_2	5	DUF4134	3	60.00	DUF87	1
UHM596.41015__k141_16896_3	4	HIRAN	1	25.00		0
UHM102.35766__k141_41666_17	3	Nfu_N	1	33.33	GSDH	1
UHM633.41028__k141_170781_7	3	ACT	3	100.00		0
UHM628.41026__k141_146497_2	3	AA_kinase	2	66.67	Cupin_2	1
UHM594.41014__k141_73353_49	3	DUF1289	3	100.00		0
UHM578.41003__k141_56711_18	3	BON	2	66.67	HTH_18	2
UHM632.41027__k141_55069_1	3	none	0	0.00		0
UHM626.41025__k141_125600_6	3	Semialdhyde_dh	1	33.33	Cupin_6	1
UHM45.35758__k141_226109_1	3	none	0	0.00		0
UHM585.41009__k141_147453_21	4	Methyltransf_11	4	100.00		0
UHM36.10832__k141_115115_2	7	Aconitase_C	1	14.29	DNApolII_insertion	1
UHM575.41001__k141_109787_1	3	none	0	0.00		0
UHM20.35744__k141_57156_5	3	TetR_C_6	2	66.67	SelO	1
UHM636.41030__k141_286142_9	3	none	0	0.00		0
UHM38.35753__k141_251529_231	4	Asn_synthase	2	50.00	MarR	1
UHM591.41013__k141_283284_1	11	none	0	0.00		0
UHM610.41019__k141_49025_1	7	Trypsin_2	1	14.29	Recombinase	1
UHM608.41018__k141_11426_1	3	none	0	0.00		0
UHM610.41019__k141_133959_2	3	G6PD_C	3	100.00	EAL	2
UHM624.41024__k141_483683_1	3	OB_PDCD11	1	33.33		0
UHM125.35769__k141_275398_1	3	none	0	0.00		0
UHM632.41027__k141_32778_354	3	Response_reg	3	100.00	Peptidase_S41	1
UHM40.35755__k141_119695_1	7	none	0	0.00		0
UHM72.35763__k141_95335_2	3	Radical_SAM	3	100.00	Amidohydro_1	2
UHM72.35764__k141_44148_1	3	none	0	0.00		0
UHM40.10834__k141_69461_2	3	GAF	2	66.67	TspO_MBR	2
UHM634.41029__k141_93354_1	3	none	0	0.00		0
UHM564.40995__k141_126205_1	3	none	0	0.00		0
UHM656.41033__k141_54785_2	3	none	0	0.00		0
UHM17.35740__k141_94479_1	3	none	0	0.00		0
UHM634.41029__k141_249012_2	3	FNIP	3	100.00		0
UHM56.35761__k141_102242_2	3	none	0	0.00		0
UHM573.40999__k141_110528_9	4	DJ-1_PfpI	3	75.00	DUF3010	1
UHM31.35749__k141_183606_2	3	PRE_C2HC	1	33.33		0
UHM18.35742__k141_139666_2	4	ANT	1	25.00		0
UHM596.41015__k141_209362_1	3	DNA_pol3_alpha	2	66.67	PHP	1
UHM564.40995__k141_174157_179	5	none	0	0.00		0
UHM636.41030__k141_164391_1	3	none	0	0.00		0
UHM608.41018__k141_156498_9	4	Sulfate_transp	4	100.00	Porin_O_P	2
UHM56.35761__k141_21849_1	4	Gypsy	2	50.00	Integrase_H2C2	1
UHM564.40995__k141_174862_42	3	RadC	1	33.33		0
UHM125.35770__k141_163878_1	3	none	0	0.00		0
UHM31.35749__k141_196794_2	3	ERF	3	100.00		0
UHM564.40995__k141_82383_66	9	ManC_GMP_beta-helix	5	55.56	GerE	1
UHM554.40991__k141_177777_146	3	AhpC-TSA	3	100.00	HhH-GPD	2
UHM648.41909__k141_266203_1	3	AAA_19	1	33.33		0
UHM125.35768__k141_147968_2	6	MFS_1	2	33.33	Zip	1
UHM22.35745__k141_10990_29	4	YnfN	1	25.00	HTH_46	1
UHM644.41031__k141_78856_69	7	DUF2911	7	100.00	CelD_N	2
UHM18.35742__k141_166179_30	3	FAS1_DH_region	3	100.00	Pantoate_ligase	3
UHM633.41028__k141_311831_1	4	none	0	0.00		0
UHM20.10828__k141_23579_2	3	Pro_dh	2	66.67		0
UHM648.41909__k141_113040_3	5	none	0	0.00		0
UHM598.41016__k141_103518_17	3	Inositol_P	2	66.67	6PGD	1
UHM20.35743__k141_42531_177	4	Ribosomal_S6	4	100.00	FA_hydroxylase	3
UHM17.35740__k141_147945_1	4	none	0	0.00		0
UHM644.41031__k141_278019_60	3	SusD-like_3	3	100.00	DUF4982	1
UHM563.40994__k141_80353_14	7	Lactonase	4	57.14	X-Tfes_XVIPCD	3
UHM633.41028__k141_346967_1	3	none	0	0.00		0
UHM41.35757__k141_197987_3	4	Bac_DnaA_C	1	25.00		0
UHM36.35750__k141_28585_3	4	DNA_alkylation	2	50.00	CarbopepD_reg_2	1
UHM22.35747__k141_85245_98	5	Methyltransf_11	2	40.00	DUF779	2
UHM648.41909__k141_145411_2	5	none	0	0.00		0
UHM554.40991__k141_130390_2	5	Pribosyltran	5	100.00	Cytochrom_C1	2
UHM587.41011__k141_95569_1	4	none	0	0.00		0
UHM656.41033__k141_291259_9	9	PseudoU_synth_2	8	88.89	DUF4112	4
UHM145.35773__k141_122569_1	3	Exo_endo_phos	1	33.33		0
UHM145.35773__k141_23861_3	4	PRE_C2HC	1	25.00		0
UHM587.41011__k141_74738_2	5	Radical_SAM	3	60.00		0
UHM636.41030__k141_166690_4	4	Ion_trans	1	25.00		0
UHM598.41016__k141_213879_3	3	AhpC-TSA	2	66.67	GPD_NAD_C_bact	1
UHM648.41909__k141_224577_10	4	none	0	0.00		0
UHM563.40994__k141_130094_37	6	HxlR	3	50.00	ACAS_N	2
UHM626.41025__k141_35092_302	3	CarbopepD_reg_2	1	33.33	Phytase	1
UHM584.41008__k141_54653_7	3	APH_6_hur	1	33.33	adh_short	1
UHM626.41025__k141_94823_1	3	RepA_C	2	66.67	RPA	1
UHM22.35745__k141_94819_146	3	DEAD	3	100.00	HATPase_c	3
UHM570.40997__k141_101125_168	3	HTH_1	1	33.33	HTH_19	1
UHM666.41034__k141_55862_1	4	none	0	0.00		0
UHM587.41011__k141_204698_461	3	Methyltransf_25	1	33.33	DUF892	1
UHM633.41028__k141_14262_4	5	Pyridox_ox_2	3	60.00	TPR_1	2
UHM554.40991__k141_192163_6	5	PhaG_MnhG_YufB	1	20.00	VbhA	1
UHM17.35739__k141_88368_1	6	GlnR_1st	5	83.33		0
UHM18.35742__k141_107346_2	10	Exo_endo_phos	1	10.00	RVT_1	1
UHM20.35744__k141_39809_1	4	none	0	0.00		0
UHM17.10826__k141_266935_54	3	SIMPL	3	100.00	Asp_decarbox	2
UHM72.35764__k141_173469_4	5	none	0	0.00		0
UHM56.35761__k141_162958_2	3	Integrase_H2C2	1	33.33		0
UHM666.41034__k141_441361_55	3	HlyIII	2	66.67	Bac_DNA_binding	1
UHM554.40991__k141_214412_218	3	BPSS1818	3	100.00	Bac_luciferase	3
UHM636.41030__k141_256550_9	3	none	0	0.00		0
UHM582.41006__k141_89376_2	3	Peptidase_M19	3	100.00	LPG_synthase_C	1
UHM574.41000__k141_115474_2	3	ERF	1	33.33		0
UHM145.35773__k141_196220_1	4	RVT_1	1	25.00		0
UHM649.41032__k141_215878_2	4	YkuD	3	75.00	Rotamase	3
UHM656.41033__k141_121571_3	6	YCII	2	33.33	EF-hand_1	2
UHM563.40994__k141_43572_22	3	LexA_DNA_bind	3	100.00	2-Hacid_dh	3
UHM578.41003__k141_1373_202	3	Arm-DNA-bind_3	3	100.00	RecT	1
UHM615.41021__k141_54879_19	3	HTH_1	1	33.33	Cupin_6	1
UHM636.41030__k141_114273_1	5	NicO	2	40.00	GerE	2
UHM18.35742__k141_179153_9	3	none	0	0.00		0
UHM38.35752__k141_21846_1	3	none	0	0.00		0
UHM598.41016__k141_35277_2	3	none	0	0.00		0
UHM17.10826__k141_181970_230	3	none	0	0.00		0
UHM17.35740__k141_181181_1	5	none	0	0.00		0
UHM22.35746__k141_90965_29	5	Ion_trans	1	20.00	Acyl_transf_3	1
UHM633.41028__k141_225232_25	4	BamM_C	4	100.00	Transketolase_C	4
UHM562.40993__k141_125785_1	3	GATase	3	100.00	Dus	1
UHM611.41020__k141_156457_2	3	AICARFT_IMPCHas	3	100.00	CPSase_L_D2	3
UHM573.40999__k141_67727_1	5	none	0	0.00		0
UHM587.41011__k141_56015_2	3	FGGY_C	1	33.33	PseudoU_synth_2	1
UHM624.41024__k141_305185_1	3	DNA_gyraseA_C	1	33.33	CTP_transf_like	1
UHM45.35758__k141_205409_1	3	none	0	0.00		0
UHM17.10826__k141_295376_1	4	none	0	0.00		0
UHM633.41028__k141_23296_82	7	Aminotran_4	4	57.14	AAA_22	2
UHM36.10832__k141_97566_2	5	DUF1759	1	20.00		0
UHM36.35750__k141_11579_6	3	YfjT	1	33.33		0
UHM594.41014__k141_47663_7	3	none	0	0.00		0
UHM36.35750__k141_26912_458	3	3Beta_HSD	3	100.00	DNA_pol3_theta	2
UHM633.41028__k141_506277_137	6	DMP19	3	50.00	SMI1_KNR4	2
UHM563.40994__k141_17813_17	3	Aminotran_1_2	1	33.33	HTH_1	1
UHM636.41030__k141_236971_2	3	DHFR_1	1	33.33	Voltage_CLC	1
UHM102.35766__k141_27697_224	3	Phage_lysozyme	3	100.00	LysC	1
UHM38.35753__k141_230649_3	4	Coa1	3	75.00	DUF4197	3
UHM72.35763__k141_43237_4	3	DUF2798	1	33.33	GAD	1
UHM41.35757__k141_44808_5	3	Radical_SAM	1	33.33	Glyco_hydro_106	1
UHM38.35752__k141_62233_133	3	UDG	2	66.67	Fic	2
UHM617.41023__k141_105329_5	3	none	0	0.00		0
UHM17.10826__k141_183643_83	7	DUF1631	4	57.14	PMT_2	2
UHM594.41014__k141_10018_2	3	CHASE3	3	100.00		0
UHM17.35740__k141_4672_1	90	none	0	0.00		0
UHM628.41026__k141_177992_1	4	RelA_SpoT	1	25.00		0
UHM45.35758__k141_106194_11	4	HTH_31	1	25.00	Cupin_1	1
UHM610.41019__k141_34728_48	3	AI-2E_transport	3	100.00	AAA_23	2
UHM594.41014__k141_39601_15	5	none	0	0.00		0
UHM624.41024__k141_253892_2	3	ELFV_dehydrog	3	100.00		0
UHM632.41027__k141_42192_3	3	none	0	0.00		0
UHM554.40991__k141_208705_152	3	Dus	1	33.33	HTH_3	1
UHM18.10827__k141_61307_14	3	T2SSE	3	100.00	PAP_PilO	3
UHM617.41023__k141_44230_1	3	Acetyltransf_1	3	100.00	HTH_20	2
UHM41.35757__k141_32195_1	3	none	0	0.00		0
UHM626.41025__k141_161714_1	3	none	0	0.00		0
UHM624.41024__k141_405290_9	4	SRAP	2	50.00	Acetyltransf_1	1
UHM656.41033__k141_196398_2	8	Peptidase_S49	5	62.50	tRNA-synt_2e	5
UHM583.41007__k141_158681_1	4	YjiS-like	4	100.00		0
UHM22.35745__k141_122912_2	3	Cation_efflux	3	100.00		0
UHM644.41031__k141_334467_4	3	Glutaredoxin	1	33.33	GFA	1
UHM633.41028__k141_190949_2	4	HA	2	50.00	EthD	1
UHM570.40997__k141_20127_41	4	Ribosomal_L27	4	100.00	AsmA	3
UHM38.35753__k141_473_1	3	none	0	0.00		0
UHM590.41012__k141_250916_1	3	none	0	0.00		0
UHM563.40994__k141_79550_21	3	HTH_8	3	100.00	YadA_head	2
UHM624.41024__k141_416489_122	4	4HBT	4	100.00	Poly_export	3
UHM40.35755__k141_26177_1	8	none	0	0.00		0
UHM17.35739__k141_82687_48	8	PLDc_2	2	25.00		0
UHM628.41026__k141_223346_43	5	DUF1232	3	60.00		0
UHM573.40999__k141_51462_1	3	none	0	0.00		0
UHM648.41909__k141_104375_2	3	Abhydrolase_1	1	33.33	RibD_C	1
UHM591.41013__k141_370101_2	3	Abhydrolase_1	3	100.00		0
UHM598.41016__k141_131498_1	5	none	0	0.00		0
UHM38.35753__k141_145357_1	3	none	0	0.00		0
UHM125.35769__k141_211886_2	3	TGT	1	33.33	EAL	1
UHM558.40992__k141_189003_5	3	FeoB_N	1	33.33		0
UHM563.40994__k141_126886_33	18	Ribonuc_red_sm	14	77.78	PfkB	10
UHM617.41023__k141_35179_6	3	none	0	0.00		0
UHM633.41028__k141_380298_3	4	Terminase_2	3	75.00		0
UHM648.41909__k141_83574_4	4	none	0	0.00		0
UHM20.35743__k141_43181_71	3	Acetyltransf_1	3	100.00	HTH_21	1
UHM582.41006__k141_13023_5	3	none	0	0.00		0
UHM584.41008__k141_99910_1	3	Pkinase	1	33.33		0
UHM145.35771__k141_82747_4	3	YbjQ_1	3	100.00	OsmC	2
UHM626.41025__k141_206431_2	3	none	0	0.00		0
UHM125.35768__k141_54631_1	3	none	0	0.00		0
UHM45.10838__k141_88642_4	3	SBP_bac_5	2	66.67	DUF1003	1
UHM102.35766__k141_63351_2	12	EF-G_D2	5	41.67	ADH_N	2
UHM656.41033__k141_215846_2	3	Arc	3	100.00	EPSP_synthase	1
UHM648.41909__k141_128457_1	3	none	0	0.00		0
UHM633.41028__k141_448976_66	3	RES	3	100.00		0
UHM636.41030__k141_74524_7	4	none	0	0.00		0
UHM17.35740__k141_139177_1	3	none	0	0.00		0
UHM598.41016__k141_179227_1	4	NRF	1	25.00		0
UHM20.10828__k141_44079_5	3	HTH_17	2	66.67		0
UHM574.41000__k141_125678_2	4	T2SSE	4	100.00		0
UHM598.41016__k141_77057_172	5	DEAD	5	100.00	AAA_11	4
UHM36.35750__k141_3466_3	4	Cu-oxidase	4	100.00	Chitin_synth_1	2
UHM17.35740__k141_145234_1	3	none	0	0.00		0
UHM145.35772__k141_131571_213	3	Terminase_4	3	100.00	DUF8602	2
UHM22.35747__k141_47098_69	5	PRC	5	100.00	Abhydrolase_1	1
UHM633.41028__k141_232094_1	4	none	0	0.00		0
UHM36.10832__k141_104554_2	4	HNH_2	2	50.00	DUF5074	2
UHM626.41025__k141_328201_191	3	Ammonium_transp	3	100.00	Phage_integrase	2
UHM125.35769__k141_166370_1	3	Imm52	1	33.33		0
UHM633.41028__k141_278171_2	3	none	0	0.00		0
UHM558.40992__k141_84517_1	3	none	0	0.00		0
UHM611.41020__k141_56320_1	3	none	0	0.00		0
UHM587.41011__k141_123868_1	8	none	0	0.00		0
UHM17.35739__k141_28656_2	3	YdjM	3	100.00	Methyltransf_11	3
UHM564.40995__k141_65843_1	3	none	0	0.00		0
UHM36.35751__k141_13512_279	4	none	0	0.00		0
UHM636.41030__k141_133653_1	3	none	0	0.00		0
UHM648.41909__k141_389303_1	3	none	0	0.00		0
UHM584.41008__k141_160123_29	7	Plug	5	71.43	AAA_5	4
UHM633.41028__k141_407936_1	3	Skp1	1	33.33	F-box	1
UHM586.41010__k141_48742_2	3	NLPC_P60	2	66.67	KdpA	2
UHM575.41001__k141_146804_1	3	none	0	0.00		0
UHM617.41023__k141_142389_1	5	none	0	0.00		0
UHM584.41008__k141_193235_2	5	none	0	0.00		0
UHM644.41031__k141_345116_3	4	MFS_1	1	25.00		0
UHM626.41025__k141_266717_25	6	Multi_Drug_Res	2	33.33	WG_beta_rep	2
UHM633.41028__k141_316577_3	3	none	0	0.00		0
UHM644.41031__k141_55002_4	3	Sigma70_r2	3	100.00	DUF4097	1
UHM617.41023__k141_134241_1	3	DUF3276	1	33.33	DUF3560	1
UHM563.40994__k141_90091_33	4	HAMP	2	50.00	Ribonuc_L-PSP	1
UHM648.41909__k141_341722_2	7	DS	6	85.71	Ham1p_like	6
UHM554.40991__k141_192221_27	3	3Beta_HSD	3	100.00	DHquinase_I	3
UHM580.41004__k141_135896_1	3	Aminotran_3	2	66.67		0
UHM125.35769__k141_160500_1	3	DUF1759	1	33.33		0
UHM22.35746__k141_18801_3	4	Response_reg	4	100.00		0
UHM564.40995__k141_164602_2	3	Peptidase_S24	3	100.00		0
UHM125.35770__k141_261196_49	3	DUF6705	3	100.00		0
UHM582.41006__k141_117180_64	3	T2SSE	3	100.00		0
UHM648.41909__k141_231199_2	5	none	0	0.00		0
UHM634.41029__k141_58677_3	3	none	0	0.00		0
UHM648.41909__k141_177889_8	3	none	0	0.00		0
UHM610.41019__k141_247452_160	3	HATPase_c	3	100.00	HTH_18	3
UHM649.41032__k141_35191_1	3	Acetyltransf_1	1	33.33		0
UHM648.41909__k141_233860_2	3	RVT_1	1	33.33		0
UHM45.35758__k141_114403_1	3	AMP-binding	1	33.33	AAA-ATPase_like	1
UHM648.41909__k141_295354_1	3	EryCIII-like_C	1	33.33		0
UHM573.40999__k141_119723_36	3	LPAM_1	2	66.67	AAA	1
UHM102.35766__k141_55223_1	3	DUF2247	1	33.33	DDE_Tnp_1_5	1
UHM656.41033__k141_147373_3	3	TetR_C_13	2	66.67	LysE	1
UHM649.41032__k141_405312_235	3	Cupin_8	1	33.33		0
UHM644.41031__k141_45624_3	4	MaoC_dehydratas	1	25.00	DUF2721	1
UHM41.35757__k141_174030_2	3	Peptidase_M3	3	100.00	Aminotran_1_2	3
UHM628.41026__k141_277307_1	3	none	0	0.00		0
UHM636.41030__k141_42101_2	3	PALP	1	33.33		0
UHM575.41001__k141_63889_12	3	Mur_ligase_M	3	100.00	SMI1_KNR4	2
UHM610.41019__k141_270096_2	3	none	0	0.00		0
UHM617.41023__k141_157297_3	11	DUF3667	2	18.18	Mpo1-like	2
UHM554.40991__k141_10618_2	3	Exo_endo_phos	1	33.33		0
UHM610.41019__k141_156085_70	4	adh_short	4	100.00	DUF1456	4
UHM125.35769__k141_125836_1	7	none	0	0.00		0
UHM41.35757__k141_113870_1	4	none	0	0.00		0
UHM624.41024__k141_78598_1	3	none	0	0.00		0
UHM125.35770__k141_316576_31	3	TetR_C_13	2	66.67	DUF4240	1
UHM633.41028__k141_240917_85	3	LYTB	3	100.00	DUF1980	2
UHM648.41909__k141_422301_5	3	none	0	0.00		0
UHM648.41909__k141_275821_516	4	Peptidase_C39	1	25.00	E1_dh	1
UHM624.41024__k141_218478_4	4	3Beta_HSD	4	100.00	adh_short	3
UHM586.41010__k141_101846_8	4	FimH_man-bind	4	100.00	GerE	4
UHM610.41019__k141_215155_1	3	PepSY	1	33.33		0
UHM649.41032__k141_230428_2	5	Plug	4	80.00	DDAH_eukar	3
UHM145.35771__k141_380_2	3	PCB_OB	3	100.00	YgjP-like	3
UHM633.41028__k141_364995_1	3	DUF6794	1	33.33	DnaJ	1
UHM624.41024__k141_449261_1	10	Cytochrom_C	4	40.00	AMP-binding	2
UHM72.35763__k141_49995_89	3	Acetyltransf_1	3	100.00	DUF2057	1
UHM591.41013__k141_191456_1	3	Exo_endo_phos	1	33.33		0
UHM20.35744__k141_191412_1	3	none	0	0.00		0
UHM18.35741__k141_93621_2	3	Cytochrome_CBB3	3	100.00	COX1	3
UHM38.35752__k141_120465_181	4	DUF3126	4	100.00	Methyltransf_11	4
UHM648.41909__k141_318709_1	5	F-box	1	20.00		0
UHM616.41022__k141_142728_1	6	Integrase_H2C2	1	16.67		0
UHM17.35740__k141_75375_1	3	none	0	0.00		0
UHM38.10833__k141_61863_2	3	none	0	0.00		0
UHM626.41025__k141_319171_1	5	none	0	0.00		0
UHM558.40992__k141_31969_2	6	AAA_30	6	100.00	Peptidase_M54	2
UHM617.41023__k141_44850_4	4	SH3_3	3	75.00	HTH_1	2
UHM586.41010__k141_61134_1	8	LD_SV2	5	62.50	HTH_18	4
UHM634.41029__k141_146764_3	3	Response_reg	1	33.33	LytTR	1
UHM633.41028__k141_308943_1	4	none	0	0.00		0
UHM20.10828__k141_168476_3	3	none	0	0.00		0
UHM633.41028__k141_339262_5	3	none	0	0.00		0
UHM598.41016__k141_175190_2	4	none	0	0.00		0
UHM590.41012__k141_37659_23	4	Tsi6	4	100.00	Bro-N	4
UHM636.41030__k141_144470_1	4	Virul_fac_BrkB	1	25.00		0
UHM608.41018__k141_188332_6	4	LprI	1	25.00		0
UHM666.41034__k141_390606_3	5	Oxidored_q6	3	60.00	HTH_19	2
UHM578.41003__k141_38533_1	3	peroxidase	1	33.33	Plug	1
UHM558.40992__k141_181124_1	23	Exo_endo_phos	1	4.35		0
UHM624.41024__k141_138698_2	3	none	0	0.00		0
UHM125.35769__k141_129353_1	3	HTH_17	2	66.67		0
UHM626.41025__k141_77810_29	3	Fer4_12	1	33.33	Peptidase_C39	1
UHM40.35754__k141_57646_1	3	DUF2958	1	33.33		0
UHM145.35773__k141_178215_14	3	Sigma70_r4_2	1	33.33		0
UHM632.41027__k141_55784_1	3	Ceramidase_alk	1	33.33		0
UHM656.41033__k141_177218_3	3	GerE	3	100.00	Epimerase	3
UHM648.41909__k141_69183_7	4	none	0	0.00		0
UHM72.35764__k141_118170_224	3	LptF_LptG	3	100.00	RDD	2
UHM125.35769__k141_18162_1	3	Baculo_F	1	33.33		0
UHM632.41027__k141_289192_4	10	Hexapep	2	20.00		0
UHM31.35748__k141_29489_2	6	Response_reg	6	100.00		0
UHM636.41030__k141_22125_78	3	Response_reg	3	100.00	URO-D	3
UHM562.40993__k141_113481_1	7	none	0	0.00		0
UHM17.10826__k141_130683_1	3	CAP12-PCTIR_TIR	1	33.33	DUF6973	1
UHM624.41024__k141_498111_294	5	none	0	0.00		0
UHM56.35760__k141_75142_2	3	Dimer_Tnp_hAT	2	66.67		0
UHM648.41909__k141_279385_10	4	none	0	0.00		0
UHM575.41001__k141_194943_74	3	DUF779	3	100.00	DSBA	2
UHM598.41016__k141_267231_4	6	MACPF	3	50.00	Glyco_hydro_47	1
UHM636.41030__k141_333325_17	3	Phage_attach	1	33.33		0
UHM633.41028__k141_208103_7	3	none	0	0.00		0
UHM644.41031__k141_267065_2	3	Plug	1	33.33	HTH_1	1
UHM41.35756__k141_73710_3	6	2-oxoacid_dh	5	83.33	DUF4191	5
UHM72.35762__k141_40141_6	3	Hexapep	1	33.33	HGTP_anticodon	1
UHM636.41030__k141_61648_1	4	none	0	0.00		0
UHM102.10840__k141_107361_11	5	DUF2786	1	20.00	Phage_Mu_Gp12	1
UHM656.41033__k141_148535_3	3	LytTR	2	66.67	MaoC_dehydratas	2
UHM125.35770__k141_186557_2	3	DNA_gyraseB	2	66.67	Peptidase_M16	2
UHM22.35746__k141_30853_30	3	Exo_endo_phos	2	66.67	Fe-S_biosyn	1
UHM125.35769__k141_96872_1	5	none	0	0.00		0
UHM102.35766__k141_39317_3	3	ORF11CD3	2	66.67	DUF2441	1
UHM633.41028__k141_1554_2	3	Dimer_Tnp_hAT	1	33.33	Pre-SET	1
UHM633.41028__k141_178759_1	12	His_Phos_2	2	16.67	Alpha-amylase	1
UHM644.41031__k141_222226_3	5	Acetyltransf_1	3	60.00	FA_desaturase	2
UHM125.35770__k141_39619_2	5	F5_F8_type_C	2	40.00	ASL_C	1
UHM594.41014__k141_136202_4	4	HATPase_c	2	50.00	Ig_7	2
UHM666.41034__k141_371694_2	5	Pol_BBD	1	20.00		0
UHM626.41025__k141_26508_424	3	BPSS1860	3	100.00	dCMP_cyt_deam_1	1
UHM596.41015__k141_99026_3	3	none	0	0.00		0
UHM20.35743__k141_8819_72	5	CoA_trans	4	80.00	DUF6646	3
UHM40.10834__k141_38110_2	5	Oxidored_molyb	3	60.00	RelA_SpoT	2
UHM610.41019__k141_281546_172	4	Arm-DNA-bind_3	4	100.00		0
UHM666.41034__k141_122241_1	7	DNA_gyraseA_C	5	71.43	CTP_transf_like	3
UHM125.35770__k141_203294_1	3	none	0	0.00		0
UHM633.41028__k141_279812_1	4	none	0	0.00		0
UHM565.40996__k141_149334_52	3	CTP_synth_N	3	100.00		0
UHM38.35752__k141_107813_2	3	none	0	0.00		0
UHM633.41028__k141_103693_1	3	none	0	0.00		0
UHM633.41028__k141_422505_1	3	none	0	0.00		0
UHM666.41034__k141_348194_1	10	none	0	0.00		0
UHM102.35766__k141_17562_2	3	DUF6949	2	66.67	DUF3126	2
UHM598.41016__k141_64134_175	3	Tautomerase	1	33.33	LytTR	1
UHM633.41028__k141_327135_4	8	zf-C2H2	2	25.00		0
UHM648.41909__k141_102732_101	3	Sipho_Gp157	3	100.00	DUF4224	2
UHM656.41033__k141_162015_2	5	Sigma54_AID	4	80.00		0
UHM564.40995__k141_153729_65	4	Ank	2	50.00	Glyoxalase	1
UHM31.35749__k141_134195_2	3	none	0	0.00		0
UHM17.35740__k141_66688_57	7	DJ-1_PfpI	2	28.57	HTH_19	1
UHM145.35771__k141_13248_10	5	Cons_hypoth698	2	40.00	Macro	1
UHM648.41909__k141_44212_11	3	URO-D	2	66.67		0
UHM644.41031__k141_231677_185	3	DUF4440	1	33.33	GFA	1
UHM580.41004__k141_154421_535	3	GAF	2	66.67	MatE	2
UHM624.41024__k141_182919_345	4	DUF6266	4	100.00		0
UHM577.41002__k141_220668_4	3	MFS_1	3	100.00		0
UHM22.35745__k141_87107_2	3	BKACE	1	33.33	Peptidase_M1	1
UHM40.10834__k141_41557_3	5	DUF4349	4	80.00		0
UHM20.35744__k141_191405_117	4	Sigma70_ner	1	25.00	CsbD	1
UHM584.41008__k141_176415_1	3	none	0	0.00		0
UHM41.35757__k141_45931_6	3	CxxCxxCC	3	100.00	Aminotran_1_2	3
UHM666.41034__k141_114618_1	4	none	0	0.00		0
UHM648.41909__k141_106083_1	3	DUF8206	2	66.67		0
UHM648.41909__k141_13119_1	4	Skp1	1	25.00		0
UHM581.41005__k141_52188_7	4	HTH_26	3	75.00	HTH_3	1
UHM610.41019__k141_159254_3	3	Glyoxalase	3	100.00	adh_short	1
UHM20.10828__k141_184639_5	4	Sigma70_ECF	2	50.00	HTH_1	2
UHM634.41029__k141_143063_1	4	none	0	0.00		0
UHM628.41026__k141_81169_2	3	none	0	0.00		0
UHM633.41028__k141_451395_3	5	none	0	0.00		0
UHM628.41026__k141_277841_198	4	SusD-like	4	100.00	PKD	4
UHM102.35766__k141_151860_1	3	none	0	0.00		0
UHM72.35762__k141_88034_15	3	none	0	0.00		0
UHM615.41021__k141_78986_7	4	DUF7218	3	75.00	Sigma70_ECF	3
UHM615.41021__k141_67700_2	3	RMF	1	33.33	HTH_3	1
UHM17.35740__k141_82745_34	7	DNA_methylase	1	14.29	MethyltransfD12	1
UHM624.41024__k141_151831_2	3	none	0	0.00		0
UHM648.41909__k141_275823_6	22	none	0	0.00		0
UHM72.35763__k141_72795_10	4	DUF5977	2	50.00		0
UHM572.40998__k141_21774_31	5	TMP_2	2	40.00	Phage_TAC_18	2
UHM577.41002__k141_16258_1	3	Fer4	1	33.33		0
UHM22.35745__k141_1997_2	3	Amidase_2	3	100.00	Peptidase_S49	2
UHM634.41029__k141_210785_6	3	MRP-S28	1	33.33		0
UHM617.41023__k141_242561_3	11	CUT_C	1	9.09	Terpene_syn_C_2	1
UHM598.41016__k141_120195_1	4	none	0	0.00		0
UHM20.35743__k141_6658_3	3	Sortase	3	100.00	CMD	2
UHM31.35749__k141_164064_42	3	Sigma70_r2	3	100.00	MS_channel_2nd	3
UHM628.41026__k141_85717_357	3	Acetyltransf_1	1	33.33	Acetyltransf_3	1
UHM102.35766__k141_23771_3	4	none	0	0.00		0
UHM634.41029__k141_30805_1	3	Aminotran_4	3	100.00	Lactamase_B	2
UHM648.41909__k141_395212_2	3	none	0	0.00		0
UHM610.41019__k141_11435_1	3	Ribosomal_S21	2	66.67	CPT	1
UHM45.10838__k141_75076_20	3	Ead_Ea22	1	33.33	Methyltransf_11	1
UHM563.40994__k141_111486_101	6	Pmp3	2	33.33	HTH_18	1
UHM624.41024__k141_139388_5	3	Phage_pRha	1	33.33		0
UHM22.35747__k141_117926_9	3	PAS	2	66.67	MerR	2
UHM125.35769__k141_274458_11	4	Amidohydro_1	2	50.00	Plug	1
UHM145.35773__k141_92560_15	4	Phage_Mu_Gp36	4	100.00	Phage_cap_E	3
UHM36.35751__k141_53401_1	3	none	0	0.00		0
UHM644.41031__k141_28106_2	3	TPR_19	2	66.67	YcaO	2
UHM125.35769__k141_110848_3	19	adh_short	6	31.58	LtrA	6
UHM644.41031__k141_250624_1	4	EamA	3	75.00	NTP_transf_9	1
UHM17.35740__k141_156751_1	3	none	0	0.00		0
UHM145.35773__k141_82210_9	4	none	0	0.00		0
UHM72.35762__k141_123916_3	3	FolB	3	100.00	Acetyltransf_CG	1
UHM41.35757__k141_56140_1	11	none	0	0.00		0
UHM617.41023__k141_153528_2	4	Acetyltransf_1	2	50.00	DinB	1
UHM648.41909__k141_316404_2	5	Cu-oxidase	5	100.00	MFS_1	3
UHM36.10832__k141_139323_1	9	none	0	0.00		0
UHM598.41016__k141_270145_2	6	RVT_1	1	16.67		0
UHM610.41019__k141_171850_13	3	Hydrolase_like	1	33.33		0
UHM636.41030__k141_10718_11	4	SSF	1	25.00	ANAPC4_WD40	1
UHM17.10826__k141_152671_1	4	Sua5_yciO_yrdC	2	50.00	PhdYeFM_antitox	1
UHM666.41034__k141_437457_2	3	none	0	0.00		0
UHM125.35769__k141_224846_1	4	Exo_endo_phos	2	50.00		0
UHM31.35749__k141_188919_1	6	none	0	0.00		0
UHM17.35740__k141_127863_2	8	DCD	7	87.50	FUSC_2	5
UHM562.40993__k141_8776_40	6	Phage_lysozyme	4	66.67	Phage_gp49_66	1
UHM596.41015__k141_64274_1	3	none	0	0.00		0
UHM591.41013__k141_69126_1	3	none	0	0.00		0
UHM125.35770__k141_230535_2	3	Cytochrome_CBB3	3	100.00	FixO	2
UHM45.35758__k141_89741_33	3	none	0	0.00		0
UHM633.41028__k141_315833_1	3	PAN_1	1	33.33		0
UHM40.35755__k141_2039_68	3	BLUF	2	66.67	Fasciclin	1
UHM648.41909__k141_202509_2	3	none	0	0.00		0
UHM558.40992__k141_36679_1	7	RVT_1	1	14.29		0
UHM617.41023__k141_132918_2	3	none	0	0.00		0
UHM22.35745__k141_110792_29	3	AA_permease	3	100.00		0
UHM644.41031__k141_250800_23	3	AHSA1	1	33.33	PorV	1
UHM577.41002__k141_225761_3	3	none	0	0.00		0
UHM633.41028__k141_115905_1	3	ABC_tran	2	66.67		0
UHM564.40995__k141_165983_3	3	AP_endonuc_2	1	33.33	EamA	1
UHM628.41026__k141_72320_12	4	OmpA	3	75.00	CHASE3	1
UHM554.40991__k141_193982_83	3	Amidohydro_1	3	100.00		0
UHM41.10835__k141_23868_58	3	none	0	0.00		0
UHM41.35756__k141_124766_7	7	GATase	1	14.29	M60-like_N	1
UHM22.35746__k141_92253_48	5	DUF4406	4	80.00	DUF968	1
UHM17.10826__k141_110664_1	3	none	0	0.00		0
UHM648.41909__k141_126244_33	5	MutS_C	3	60.00	HicB	2
UHM648.41909__k141_12013_2	3	none	0	0.00		0
UHM145.35771__k141_34097_7	3	Methyltransf_11	3	100.00	ANTAR	2
UHM636.41030__k141_60032_1	3	none	0	0.00		0
UHM648.41909__k141_417232_1	3	none	0	0.00		0
UHM72.35762__k141_12654_47	3	Ldh_2	1	33.33	CHAP	1
UHM102.35767__k141_37743_1	3	none	0	0.00		0
UHM581.41005__k141_105526_3	3	PepSY	2	66.67	MCPsignal	2
UHM31.35748__k141_110027_3	3	Hfx_Cass5	1	33.33	Ribonuc_red_sm	1
UHM608.41018__k141_37960_5	4	Sacchrp_dh_C	3	75.00	OMP10	3
UHM617.41023__k141_228019_120	4	RecE_M	2	50.00	YdfE_N	1
UHM624.41024__k141_438192_1	5	none	0	0.00		0
UHM145.35771__k141_98207_4	3	none	0	0.00		0
UHM17.10826__k141_70405_2	3	DeoRC	2	66.67	cNMP_binding	1
UHM573.40999__k141_142818_70	3	Rce1-like	2	66.67		0
UHM633.41028__k141_460240_81	3	Peptidase_M15_4	3	100.00	Phage_TAC_10	3
UHM617.41023__k141_136173_3	3	FlgM	1	33.33		0
UHM562.40993__k141_66317_43	4	B12-binding	2	50.00		0
UHM125.35769__k141_13920_365	8	YmaF	3	37.50	DUF4489	1
UHM570.40997__k141_12369_10	3	HTH_34	3	100.00		0
UHM574.41000__k141_145471_39	3	OMP_b-brl	1	33.33	cNMP_binding	1
UHM17.35739__k141_83357_3	5	HTH_IclR	4	80.00	HTH_67	4
UHM20.35743__k141_32998_74	3	Pirin	2	66.67	CSD	1
UHM125.35770__k141_251217_61	3	Bac_luciferase	3	100.00	Peptidase_M23	1
UHM554.40991__k141_51539_77	3	Dyp_perox_C	3	100.00	BAAT_C	1
UHM125.35769__k141_144238_11	3	none	0	0.00		0
UHM648.41909__k141_285948_2	4	none	0	0.00		0
UHM626.41025__k141_5139_9	5	Cytochrome_CBB3	5	100.00	COX1	5
UHM22.35746__k141_104730_38	3	Plug	2	66.67	HemolysinCabind	1
UHM617.41023__k141_235104_7	3	none	0	0.00		0
UHM17.10826__k141_201357_1	3	IPTL-CTERM	1	33.33	Acetyltransf_3	1
UHM38.35753__k141_224808_2	3	Beta_elim_lyase	2	66.67	Amino_oxidase	1
UHM633.41028__k141_252516_3	3	PelG	3	100.00	GerE	2
UHM656.41033__k141_194766_4	4	HTH_1	4	100.00	FlgN	2
UHM598.41016__k141_83481_75	3	DUF732	2	66.67	Myco_19_kDa	2
UHM31.35748__k141_37913_1	7	none	0	0.00		0
UHM634.41029__k141_160810_7	4	FKBP_C	3	75.00	GreA_GreB	1
UHM20.35743__k141_6525_2	4	YkuD	1	25.00	NUDIX	1
UHM636.41030__k141_15564_1	6	none	0	0.00		0
UHM632.41027__k141_323237_87	3	PmbA_TldD_1st	3	100.00	FeoB_N	1
UHM41.35757__k141_115980_2	3	Peptidase_M23	1	33.33	SRAP	1
UHM648.41909__k141_69059_1	3	none	0	0.00		0
UHM594.41014__k141_62612_4	3	RepB-RCR_reg	2	66.67	Abhydrolase_1	1
UHM17.10826__k141_256798_20	3	none	0	0.00		0
UHM633.41028__k141_347686_1	7	none	0	0.00		0
UHM598.41016__k141_58108_1	20	none	0	0.00		0
UHM628.41026__k141_28184_1	4	none	0	0.00		0
UHM31.35749__k141_124234_1	3	none	0	0.00		0
UHM56.35760__k141_46923_1	5	none	0	0.00		0
UHM633.41028__k141_82142_4	3	DNA_pol_B_2	1	33.33		0
UHM626.41025__k141_77810_36	3	PEP_exosort_dom	1	33.33	Aminotran_5	1
UHM17.10826__k141_299709_2	3	AA_permease	2	66.67		0
UHM45.35758__k141_156272_5	3	Poly_export	3	100.00	PAP2	3
UHM636.41030__k141_202200_17	3	none	0	0.00		0
UHM22.35745__k141_71023_1	5	none	0	0.00		0
UHM20.35743__k141_25197_4	3	Na_H_Exchanger	2	66.67		0
UHM598.41016__k141_272393_1	10	F-box	5	50.00		0
UHM666.41034__k141_254420_14	4	SRAP	2	50.00		0
UHM644.41031__k141_119528_1	4	N_methyl	3	75.00		0
UHM634.41029__k141_43514_9	3	Pkinase	1	33.33		0
UHM18.35742__k141_194977_2	3	FNIII-A_GpJ	3	100.00	DUF1833	2
UHM565.40996__k141_157173_1	3	none	0	0.00		0
UHM626.41025__k141_260048_1	3	none	0	0.00		0
UHM72.35762__k141_123503_37	3	UPF0093	2	66.67	DHBP_synthase	1
UHM633.41028__k141_454354_2	3	none	0	0.00		0
UHM648.41909__k141_193252_13	3	ATP-synt_ab	2	66.67	ATP-synt	2
UHM649.41032__k141_106615_2	3	none	0	0.00		0
UHM581.41005__k141_30043_1	4	Bro-N	1	25.00	Phage_tail_terminator_5	1
UHM633.41028__k141_118346_1	3	none	0	0.00		0
UHM633.41028__k141_336089_5	4	none	0	0.00		0
UHM632.41027__k141_326651_2	3	Cutinase	3	100.00		0
UHM125.35769__k141_275829_10	3	Peptidase_S78	2	66.67		0
UHM598.41016__k141_74136_5	3	MarR_2	1	33.33		0
UHM636.41030__k141_86523_11	3	ADH_zinc_N	1	33.33		0
UHM38.35752__k141_141668_1	3	HAD_2	3	100.00	TAL_FSA	2
UHM45.10838__k141_47808_1	4	none	0	0.00		0
UHM666.41034__k141_294574_7	4	DUF8412	3	75.00	Cupin_6	2
UHM644.41031__k141_335808_2	4	NMT1	1	25.00	Acetyltransf_1	1
UHM585.41009__k141_64510_8	3	HTH_3	2	66.67	GGDEF	2
UHM38.35752__k141_195056_64	3	UreE_N	3	100.00	Amidohydro_1	2
UHM41.35757__k141_93098_8	4	DUF6021	3	75.00	Glyoxalase	1
UHM17.35740__k141_44038_49	3	Phage_TAC_13	2	66.67		0
UHM56.35760__k141_102302_1	4	none	0	0.00		0
UHM20.35743__k141_23537_1	4	none	0	0.00		0
UHM633.41028__k141_231007_1	7	none	0	0.00		0
UHM20.35744__k141_86927_94	4	AC_1	1	25.00		0
UHM624.41024__k141_480131_1	3	none	0	0.00		0
UHM636.41030__k141_285820_1	3	none	0	0.00		0
UHM72.35764__k141_64128_707	4	DAHP_synth_1	2	50.00		0
UHM20.35744__k141_89004_3	3	GGDEF	1	33.33	DinB	1
UHM656.41033__k141_86473_190	3	Methyltransf_25	3	100.00	Acyl-CoA_dh_1	2
UHM565.40996__k141_18555_1	3	Beta-lactamase	1	33.33		0
UHM648.41909__k141_239288_3	4	ABC_tran	2	50.00	ABC2_membrane	1
UHM31.35749__k141_31730_1	4	THAP	2	50.00		0
UHM565.40996__k141_24333_2	5	Oxidored_molyb	4	80.00	adh_short	2
UHM125.35770__k141_182984_1	3	DLH	2	66.67	DEAD	1
UHM626.41025__k141_110299_198	4	cNMP_binding	1	25.00		0
UHM18.35742__k141_143984_1	6	Flg_bb_rod	5	83.33	FliS	3
UHM575.41001__k141_229206_536	5	CarbopepD_reg_2	3	60.00	HTH_26	1
UHM145.35773__k141_240590_239	3	AAA_25	3	100.00		0
UHM40.35754__k141_135597_7	5	LytTR	1	20.00	His_kinase	1
UHM644.41031__k141_237608_1	5	LTXXQ	5	100.00	Response_reg	4
UHM633.41028__k141_135099_7	4	MIF	1	25.00		0
UHM648.41909__k141_90083_2	3	none	0	0.00		0
UHM628.41026__k141_85717_358	3	Peptidase_M48	1	33.33	SprT-like	1
UHM45.35758__k141_34199_1	10	none	0	0.00		0
UHM594.41014__k141_25935_3	3	none	0	0.00		0
UHM38.35753__k141_172175_49	5	DUF998	1	20.00	EamA	1
UHM41.35757__k141_155074_2	5	MS_channel_2nd	1	20.00	adh_short	1
UHM624.41024__k141_135900_2	5	YAcAr	3	60.00	SSB	1
UHM585.41009__k141_17438_13	3	Lip_A_acyltrans	3	100.00	Dus	2
UHM31.35749__k141_10407_1	4	none	0	0.00		0
UHM656.41033__k141_83194_4	3	LPG_synthase_TM	3	100.00	GST_N	3
UHM56.35760__k141_99677_6	3	Integrase_H2C2	2	66.67	RT_RNaseH	1
UHM624.41024__k141_57015_2	5	none	0	0.00		0
UHM145.35771__k141_137624_5	7	QSregVF_b	3	42.86	Rrf2	2
UHM591.41013__k141_346230_13	6	Acetyltransf_1	3	50.00	DUF6134	1
UHM562.40993__k141_174844_2	4	RraA-like	1	25.00	DJ-1_PfpI	1
UHM570.40997__k141_62531_125	5	DEAD_assoc	2	40.00	PG_binding_1	1
UHM31.35749__k141_170376_2	3	GapR_DNA-bd	3	100.00	Phage_CP76	3
UHM22.35747__k141_119890_1	3	BolA	1	33.33		0
UHM666.41034__k141_119816_1	3	Hemocyanin_C	2	66.67		0
UHM582.41006__k141_69920_10	5	OMP_b-brl_3	3	60.00	Plug	2
UHM626.41025__k141_61146_27	4	EamA	3	75.00		0
UHM20.35744__k141_191405_113	6	AAA_22	3	50.00	ABC_tran	1
UHM598.41016__k141_192281_1	4	none	0	0.00		0
UHM20.35743__k141_11177_97	3	Lant_dehydr_C	3	100.00		0
UHM610.41019__k141_88789_28	4	MazG-like	1	25.00	Arm-DNA-bind_3	1
UHM38.35752__k141_91727_1	5	LysE	4	80.00		0
UHM18.35742__k141_202264_1	4	none	0	0.00		0
UHM575.41001__k141_253518_283	3	AAA_21	3	100.00	Abhydrolase_1	1
UHM564.40995__k141_68081_44	4	Abhydrolase_3	3	75.00	DUF3347	2
UHM558.40992__k141_64072_1	4	none	0	0.00		0
UHM648.41909__k141_344052_4	3	Glycos_transf_1	3	100.00	Epimerase	2
UHM634.41029__k141_143813_4	3	none	0	0.00		0
UHM615.41021__k141_17658_34	3	AAA_15	1	33.33		0
UHM633.41028__k141_287067_15	4	GerE	2	50.00	ACOX_C_alpha1	1
UHM554.40991__k141_144456_2	3	HTH_8	1	33.33	DUF3458	1
UHM587.41011__k141_38382_4	3	3HCDH_N	1	33.33	AhpC-TSA	1
UHM22.35746__k141_57203_17	4	Baseplate_J_N	4	100.00	Phage_base_V	3
UHM145.35773__k141_166558_67	4	2OG-FeII_Oxy_3	3	75.00	RHS_repeat	1
UHM666.41034__k141_314371_12	3	DUF2059	2	66.67	DUF3606	1
UHM587.41011__k141_99971_148	3	HTH_1	2	66.67	GAF	1
UHM38.35752__k141_83234_3	7	none	0	0.00		0
UHM590.41012__k141_257592_1	7	YtxH	5	71.43		0
UHM633.41028__k141_71813_1	6	none	0	0.00		0
UHM656.41033__k141_56280_39	4	DUF7574	1	25.00		0
UHM666.41034__k141_117157_2	5	none	0	0.00		0
UHM125.35768__k141_109462_2	3	Phage_integrase	3	100.00		0
UHM648.41909__k141_423998_2	3	none	0	0.00		0
UHM626.41025__k141_160611_2	3	SMI1_KNR4	1	33.33	Fer4	1
UHM617.41023__k141_265543_2	3	none	0	0.00		0
UHM633.41028__k141_489573_1	4	THF_DHG_CYH	1	25.00	S4	1
UHM634.41029__k141_143454_1	4	none	0	0.00		0
UHM41.35756__k141_34758_15	3	DUF7370	2	66.67		0
UHM577.41002__k141_15266_10	4	MutH	4	100.00		0
UHM125.35769__k141_81492_1	3	none	0	0.00		0
UHM20.35744__k141_146342_55	3	Ppx-GppA	3	100.00		0
UHM38.10833__k141_58558_45	3	Tli4_C	1	33.33	Aminotran_1_2	1
UHM72.35764__k141_15018_137	12	NUDIX	1	8.33	AhpC-TSA	1
UHM72.35764__k141_158709_21	4	ABC_membrane	3	75.00		0
UHM615.41021__k141_144450_9	3	DUF6268	3	100.00	Epimerase	3
UHM624.41024__k141_244693_2	5	Neur_chan_LBD	2	40.00		0
UHM648.41909__k141_79364_1	3	none	0	0.00		0
UHM581.41005__k141_133099_1	3	Sigma70_r2	3	100.00	KilA-N	1
UHM666.41034__k141_85252_2	3	none	0	0.00		0
UHM633.41028__k141_441808_94	6	Rap1a	1	16.67	FMN_bind_2	1
UHM22.35747__k141_52505_33	3	AP_endonuc_2	2	66.67	S1_2	2
UHM649.41032__k141_238988_73	5	MMPL	3	60.00	ACR_tran	2
UHM562.40993__k141_144759_187	5	TonB_C	4	80.00	DAGK_cat	3
UHM590.41012__k141_55571_1	3	Phosphodiest	2	66.67	Bac_luciferase	1
UHM577.41002__k141_87697_2	4	THAP4_heme-bd	3	75.00	GCV_T	1
UHM648.41909__k141_104620_49	3	LYSC_C	2	66.67	Pentapeptide	1
UHM636.41030__k141_327871_1	4	AAA_21	1	25.00		0
UHM38.35753__k141_214460_24	5	Anti-Pycsar_Apyc1	1	20.00	DUF5074	1
UHM598.41016__k141_200488_2	3	PspA_IM30	2	66.67	AAA_5	2
UHM102.35766__k141_159396_143	4	4HBT	1	25.00	HAMP	1
UHM666.41034__k141_126320_2	3	Peptidase_M3	3	100.00	3Beta_HSD	1
UHM636.41030__k141_327933_17	3	AAA_21	3	100.00	Flavodoxin_2	1
UHM644.41031__k141_157154_2	3	HTH_30	2	66.67	HTH_1	1
UHM573.40999__k141_134039_19	3	YflT	2	66.67	UDG	2
UHM554.40991__k141_87251_7	8	ABC2_membrane_2	6	75.00	Acetyltransf_1	4
UHM656.41033__k141_78600_2	4	FKBP_C	2	50.00	SH3_3	1
UHM628.41026__k141_56552_3	3	eIF-1a	2	66.67		0
UHM125.35770__k141_265267_7	3	DAO	1	33.33	T7SS_signal	1
UHM17.35740__k141_159366_1	3	DUF1758	1	33.33		0
UHM626.41025__k141_180671_2	5	DPPIV_N	1	20.00	RVT_1	1
UHM633.41028__k141_94616_3	3	none	0	0.00		0
UHM666.41034__k141_42300_3	3	SspB	3	100.00	2-Hacid_dh_C	2
UHM573.40999__k141_26831_17	3	Lactamase_B	3	100.00	ATP-synt_A	2
UHM628.41026__k141_111231_2	4	Topoisom_bac	3	75.00	CSD2	3
UHM31.35748__k141_105400_21	4	DAO	1	25.00	Pep_deformylase	1
UHM38.35752__k141_212452_6	5	AAA_15	1	20.00	Imm33	1
UHM564.40995__k141_167688_1	3	none	0	0.00		0
UHM18.35742__k141_83099_41	5	Mem_trans	5	100.00	EamA	3
UHM648.41909__k141_392869_2	6	Pkinase	1	16.67		0
UHM648.41909__k141_221159_2	3	Response_reg	3	100.00	HATPase_c	3
UHM125.35770__k141_199738_3	8	none	0	0.00		0
UHM644.41031__k141_255799_191	3	ABC_trans_aux	2	66.67	HATPase_c	2
UHM633.41028__k141_381943_4	3	none	0	0.00		0
UHM145.35772__k141_106136_1	4	none	0	0.00		0
UHM20.35743__k141_32571_293	3	Phage_AlpA	3	100.00	HNH_2	1
UHM125.35770__k141_71815_1	5	none	0	0.00		0
UHM598.41016__k141_146790_1	4	none	0	0.00		0
UHM649.41032__k141_193018_1	3	HAD_2	2	66.67	DUF3618	1
UHM666.41034__k141_87645_1	3	none	0	0.00		0
UHM610.41019__k141_12141_1	3	none	0	0.00		0
UHM573.40999__k141_52317_88	4	GH3	3	75.00	DUF6909	3
UHM632.41027__k141_296298_8	3	SseB	2	66.67		0
UHM17.35740__k141_124616_3	3	none	0	0.00		0
UHM610.41019__k141_171764_2	3	RVT_1	2	66.67		0
UHM36.35750__k141_36494_2	3	YfhO	3	100.00	Glyco_transf_4	2
UHM573.40999__k141_53941_12	3	Aldedh	1	33.33	DUF3857	1
UHM648.41909__k141_191646_1	3	HMG_box	1	33.33		0
UHM649.41032__k141_368600_2	3	Glutaredoxin	1	33.33		0
UHM22.35746__k141_27187_588	3	Phage_base_V	1	33.33	Alg8_N	1
UHM586.41010__k141_38065_1	3	Response_reg	2	66.67	Biotin_lipoyl	2
UHM102.10840__k141_70869_1	4	RVT_1	1	25.00		0
UHM591.41013__k141_224308_2	3	DUF6538	2	66.67		0
UHM20.35744__k141_125016_4	4	none	0	0.00		0
UHM644.41031__k141_26798_127	3	none	0	0.00		0
UHM581.41005__k141_50620_1	4	Acetyltransf_1	2	50.00		0
UHM102.35767__k141_17835_7	3	none	0	0.00		0
UHM145.35773__k141_74216_3	3	AAA_21	1	33.33		0
UHM22.35746__k141_122092_25	3	HTH_Rpn_C	2	66.67	DJ-1_PfpI	2
UHM17.10826__k141_73008_62	4	FGase	4	100.00	AAA_15	1
UHM608.41018__k141_140247_295	4	Porin_1	3	75.00	ThsB_TIR	1
UHM45.35759__k141_71013_2	3	Arm-DNA-bind_3	3	100.00	AntA	1
UHM41.10835__k141_26324_2	3	Peptidase_M1	1	33.33		0
UHM656.41033__k141_145725_46	3	T4BSS_DotI_IcmL	2	66.67		0
UHM598.41016__k141_124465_1	4	PDZ	1	25.00	HAD	1
UHM596.41015__k141_104004_2	7	Gate	3	42.86	4HBT	3
UHM644.41031__k141_271450_58	3	Phage_tube_2	2	66.67	DUF1799	1
UHM577.41002__k141_203734_13	4	AMP-binding	1	25.00	ANF_receptor	1
UHM40.35754__k141_19388_5	4	LMWPc	1	25.00		0
UHM20.35744__k141_33370_26	3	none	0	0.00		0
UHM40.35755__k141_24983_236	41	Ivy	8	19.51	Mob_synth_C	5
UHM624.41024__k141_23776_8	7	TctC	1	14.29	Cytochrome_CBB3	1
UHM626.41025__k141_281172_164	5	TctC	5	100.00	MreB_Mbl	2
UHM590.41012__k141_96352_1	5	Exo_endo_phos_2	1	20.00	R1_ORF1_N	1
UHM649.41032__k141_235202_80	13	ASL_C	5	38.46	ACOX_C_alpha1	4
UHM598.41016__k141_84327_2	5	none	0	0.00		0
UHM633.41028__k141_22800_12	3	none	0	0.00		0
UHM610.41019__k141_81751_4	3	none	0	0.00		0
UHM22.35746__k141_20708_1	4	none	0	0.00		0
UHM565.40996__k141_35371_2	5	Na_H_Exchanger	1	20.00	SnoaL_2	1
UHM649.41032__k141_233188_2	3	Abhydrolase_1	2	66.67	DUF6969	1
UHM633.41028__k141_229618_2	4	none	0	0.00		0
UHM38.35752__k141_195056_128	3	Alpha_L_fucos	2	66.67	Phage_base_V	1
UHM558.40992__k141_99015_1	3	none	0	0.00		0
UHM578.41003__k141_46249_5	8	HTH_6	4	50.00	Cytochrom_C	1
UHM145.35773__k141_101136_1	6	Exo_endo_phos	1	16.67		0
UHM17.35740__k141_136699_1	15	none	0	0.00		0
UHM20.10828__k141_9407_27	3	Peptidase_M14	2	66.67	SDF	1
UHM22.35747__k141_68566_2	9	none	0	0.00		0
UHM575.41001__k141_250511_1	5	none	0	0.00		0
UHM607.41017__k141_41251_1	6	OMP_b-brl	2	33.33	CutC	2
UHM648.41909__k141_192303_3	3	DDE_Tnp_4	1	33.33		0
UHM38.10833__k141_42360_1	7	HTH_19	3	42.86		0
UHM56.35760__k141_354_170	5	DUF1482	3	60.00	GamL	1
UHM17.35740__k141_88706_1	7	R1_ORF1_N	2	28.57		0
UHM633.41028__k141_40347_1	3	AAA_17	1	33.33		0
UHM20.35744__k141_20684_3	3	LpxR	2	66.67	HxlR	1
UHM17.35739__k141_43468_1	47	Exo_endo_phos	1	2.13		0
UHM634.41029__k141_102294_1	4	none	0	0.00		0
UHM598.41016__k141_94313_7	3	Ribosomal_S18	1	33.33		0
UHM102.35766__k141_153072_4	4	SRAP	2	50.00	DMP19	1
UHM648.41909__k141_27804_9	4	DUF1731	1	25.00	Peptidase_S41	1
UHM666.41034__k141_384524_2	3	Complex1_51K	3	100.00		0
UHM598.41016__k141_280393_1	4	none	0	0.00		0
UHM633.41028__k141_160965_2	7	none	0	0.00		0
UHM18.35742__k141_59873_1	4	none	0	0.00		0
UHM102.35767__k141_71000_1	3	Glyoxalase	1	33.33		0
UHM583.41007__k141_21889_1	4	Abhydrolase_1	1	25.00		0
UHM573.40999__k141_53649_1	7	Gypsy	1	14.29	Exo_endo_phos	1
UHM17.35740__k141_169163_33	3	malic	1	33.33		0
UHM40.35755__k141_123518_1	4	none	0	0.00		0
UHM636.41030__k141_252804_76	22	7tm_1	1	4.55	UCH	1
UHM45.10838__k141_73596_1	4	none	0	0.00		0
UHM617.41023__k141_72754_6	3	Sec1	1	33.33		0
UHM585.41009__k141_96061_97	3	T6SS_HCP	3	100.00		0
UHM38.35752__k141_96242_5	3	none	0	0.00		0
UHM41.35757__k141_74923_2	4	none	0	0.00		0
UHM656.41033__k141_148617_1	5	none	0	0.00		0
UHM624.41024__k141_37945_15	3	Phage_Mu_F	1	33.33		0
UHM563.40994__k141_116923_199	4	1TM_TonB_rel	3	75.00	Acyl_transf_3	2
UHM125.35770__k141_216120_101	8	Glycos_transf_2	6	75.00	ABC_tran	3
UHM608.41018__k141_190945_9	4	SecDF_P1_head	3	75.00	Aldolase_II	2
UHM36.35751__k141_47139_2	4	DUF7683	1	25.00	Peptidase_M91	1
UHM611.41020__k141_7243_5	5	Peptidase_M56	5	100.00	Lactamase_B	3
UHM649.41032__k141_297371_4	3	CitMHS	2	66.67	AraC_binding_2	1
UHM580.41004__k141_186039_2	5	DAHP_synth_1	2	40.00	PBP	2
UHM610.41019__k141_116475_4	3	ZnuA	3	100.00	RNase_H	2
UHM125.35770__k141_115019_1	47	MSSP	1	2.13		0
UHM563.40994__k141_91218_23	4	AAA	2	50.00		0
UHM610.41019__k141_113195_2	3	MbnP	3	100.00	Alpha_L_fucos	1
UHM38.35752__k141_91248_2	4	none	0	0.00		0
UHM633.41028__k141_238126_3	4	Arf	1	25.00		0
UHM145.35773__k141_161974_1	3	none	0	0.00		0
UHM31.35748__k141_39427_187	3	Pyr_redox	2	66.67	PA14	1
UHM574.41000__k141_54329_1	4	none	0	0.00		0
UHM582.41006__k141_102413_2	3	Peripla_BP_5	1	33.33		0
UHM20.35743__k141_88936_1	8	Peptidase_A8	6	75.00	Robl_LC7	6
UHM573.40999__k141_146949_2	3	ABC_membrane	1	33.33		0
UHM615.41021__k141_30179_1	9	none	0	0.00		0
UHM102.35767__k141_31955_1	3	none	0	0.00		0
UHM598.41016__k141_243147_1	4	none	0	0.00		0
UHM554.40991__k141_97105_29	6	AAA	4	66.67	CysS_C	1
UHM610.41019__k141_263144_1	4	none	0	0.00		0
UHM102.35767__k141_194445_1	3	none	0	0.00		0
UHM102.35766__k141_120130_1	3	PepSY	1	33.33	DAO	1
UHM125.35769__k141_39372_11	5	BLUF	1	20.00	DUF6314	1
UHM591.41013__k141_278993_5	4	HTH_3	2	50.00		0
UHM583.41007__k141_92150_16	3	OMP_b-brl_3	3	100.00	DUF2628	2
UHM41.10835__k141_83076_79	3	Acetyltransf_1	2	66.67	Methyltransf_25	2
UHM636.41030__k141_92062_57	3	none	0	0.00		0
UHM648.41909__k141_27502_1	3	none	0	0.00		0
UHM624.41024__k141_139196_2	3	none	0	0.00		0
UHM20.35744__k141_61929_4	3	Aminotran_5	2	66.67	GcvP2_C	1
UHM125.35770__k141_261832_1	7	DUF4780	1	14.29		0
UHM644.41031__k141_307011_6	4	DUF7678	1	25.00	Zip	1
UHM624.41024__k141_192981_2	4	EAL	2	50.00	Sigma70_r2	1
UHM607.41017__k141_112278_2	3	Sulfatase	1	33.33	HATPase_c	1
UHM626.41025__k141_66870_1	9	none	0	0.00		0
UHM585.41009__k141_135706_2	3	Glycos_transf_2	2	66.67		0
UHM36.10832__k141_165208_73	4	DUF3857	4	100.00	NLPC_P60	2
UHM632.41027__k141_133540_2	3	Asn_synthase	2	66.67	DUF1153	2
UHM18.35742__k141_64063_1	3	none	0	0.00		0
UHM636.41030__k141_211674_1	11	none	0	0.00		0
UHM564.40995__k141_16835_1	3	HTH_11	1	33.33	Beta-barrel_CAF17_C	1
UHM36.10832__k141_51681_47	3	DEAD	3	100.00	Cu-oxidase	3
UHM554.40991__k141_89467_3	3	HAD	3	100.00	MazG	3
UHM102.35767__k141_177360_3	3	Nipped-B_C	1	33.33		0
UHM41.35757__k141_87105_2	10	none	0	0.00		0
UHM574.41000__k141_35005_5	3	ATPase	3	100.00	HypF_C_2	2
UHM558.40992__k141_13477_3	4	GreA_GreB	2	50.00	LprI	2
UHM563.40994__k141_10603_1	3	none	0	0.00		0
UHM125.35769__k141_236603_7	4	DUF8237	1	25.00		0
UHM649.41032__k141_11090_168	3	Biotin_lipoyl	3	100.00	Usp	1
UHM18.35742__k141_144855_1	3	PRE_C2HC	3	100.00		0
UHM648.41909__k141_371627_1	3	GBS_Bsp-like	1	33.33		0
UHM644.41031__k141_56226_83	9	Colicin_immun	6	66.67	DUF4934	1
UHM628.41026__k141_113259_1	4	ATP-cone	1	25.00	DUF445	1
UHM36.35751__k141_3599_255	6	CRS1_YhbY	6	100.00	GreA_GreB	5
UHM648.41909__k141_430731_5	13	F-box	3	23.08		0
UHM45.35758__k141_230325_7	7	DUF2842	6	85.71	COX15-CtaA	3
UHM608.41018__k141_28758_6	6	Colicin_immun	2	33.33	Pyocin_S	2
UHM570.40997__k141_40924_128	4	Lipocalin_4	1	25.00	HATPase_c	1
UHM558.40992__k141_41559_9	4	HATPase_c	4	100.00	Arginase	2
UHM584.41008__k141_146895_1	3	none	0	0.00		0
UHM598.41016__k141_123435_2	4	none	0	0.00		0
UHM570.40997__k141_30502_9	4	MCPsignal	3	75.00	MafI2	1
UHM145.35773__k141_216600_28	7	Phage_antitermQ	2	28.57	Phage_holin_2_1	1
UHM598.41016__k141_45596_1	3	Lectin_C	2	66.67		0
UHM570.40997__k141_84478_3	3	Bestrophin_2	1	33.33		0
UHM607.41017__k141_157498_1	3	LpqE-like	3	100.00	Sigma70_r2	1
UHM40.35755__k141_18579_2	7	RT_RNaseH	1	14.29	Gypsy	1
UHM580.41004__k141_136975_1	3	LMWPc	1	33.33	Sigma70_r2	1
UHM17.10826__k141_294671_12	3	MFS_1	1	33.33		0
UHM31.35749__k141_6300_3	4	none	0	0.00		0
UHM572.40998__k141_73747_2	3	none	0	0.00		0
UHM598.41016__k141_156601_2	3	MTS	2	66.67		0
UHM102.35766__k141_169607_2	8	SDF	1	12.50	ParD_antitoxin	1
UHM648.41909__k141_283843_2	7	BolA	7	100.00	AIRS	6
UHM633.41028__k141_475757_2	3	Pro_CA	3	100.00	Acetyltransf_1	2
UHM611.41020__k141_145595_2	5	AIRS_C	4	80.00	DUF2809	2
UHM22.35747__k141_94622_1	5	none	0	0.00		0
UHM649.41032__k141_98138_29	4	GTP-bdg_M	1	25.00	FeoB_N	1
UHM72.35764__k141_98687_46	6	Acyl_transf_3	1	16.67	DinB	1
UHM31.35749__k141_32400_1	3	none	0	0.00		0
UHM573.40999__k141_105735_18	3	GGDEF	2	66.67	MerR	1
UHM22.35747__k141_68650_68	4	AhpC-TSA	3	75.00	Big_7	2
UHM574.41000__k141_30578_78	8	Chromate_transp	2	25.00	AraC_binding	2
UHM590.41012__k141_86033_1	3	none	0	0.00		0
UHM633.41028__k141_110215_2	4	Phage_integrase	3	75.00	DNA_pol3_beta	2
UHM624.41024__k141_3163_11	3	4HB_MCP_1	2	66.67	Hydrolase_4	1
UHM125.35768__k141_150353_45	12	HTH_20	3	25.00	Abhydrolase_2	2
UHM649.41032__k141_111018_3	5	HTH_1	5	100.00	FGGY_C	3
UHM611.41020__k141_5576_2	5	none	0	0.00		0
UHM36.35750__k141_36749_68	8	FAD_binding_3	6	75.00	Metallophos	6
UHM644.41031__k141_260513_23	4	Glyco_transf_61	2	50.00	Glyoxalase	1
UHM17.35740__k141_142151_23	6	DUF4406	2	33.33	Phage_GPA	2
UHM581.41005__k141_93430_19	3	PGM_PMM_I	2	66.67		0
UHM72.35763__k141_72795_11	3	none	0	0.00		0
UHM644.41031__k141_249662_2	6	DUF2934	1	16.67		0
UHM38.35753__k141_48151_2	9	none	0	0.00		0
UHM40.35754__k141_99810_1	3	BrnA_antitoxin	1	33.33	SIMPL	1
UHM648.41909__k141_241227_3	3	HHH	1	33.33	TetR_N	1
UHM626.41025__k141_174002_1	3	none	0	0.00		0
UHM145.35771__k141_98207_3	5	none	0	0.00		0
UHM649.41032__k141_189212_13	3	RES	1	33.33	DUF4172	1
UHM31.35749__k141_81202_1	3	none	0	0.00		0
UHM591.41013__k141_92070_2	3	SDH_alpha	1	33.33		0
UHM615.41021__k141_101338_2	7	5_3_exonuc	4	57.14	Response_reg	2
UHM585.41009__k141_135005_1	3	Gypsy	1	33.33		0
UHM20.35744__k141_33894_2	3	MliC	1	33.33	Amidohydro_1	1
UHM18.35742__k141_20232_1	7	Exo_endo_phos	1	14.29		0
UHM20.35744__k141_204613_1	3	none	0	0.00		0
UHM56.35760__k141_90188_277	8	DUF2058	6	75.00	DUF3108	5
UHM570.40997__k141_97267_3	4	MS_channel_1st	4	100.00	Peptidase_M18	3
UHM41.35756__k141_124432_2	4	GerE	1	25.00		0
UHM628.41026__k141_294675_80	3	LRR_4	1	33.33	Phytase	1
UHM581.41005__k141_13943_16	3	DUF815	1	33.33	G3P_acyltransf	1
UHM656.41033__k141_287966_2	5	FAD-oxidase_C	5	100.00		0
UHM554.40991__k141_29955_13	6	Peptidase_S24	4	66.67		0
UHM18.35741__k141_121147_1	3	NadA	2	66.67	Adenyl_transf	2
UHM570.40997__k141_111045_815	3	HTH_18	1	33.33	Pentapeptide	1
UHM125.35770__k141_169360_167	3	AAA_21	3	100.00		0
UHM585.41009__k141_91764_1	6	CheD	3	50.00	HbpS-like	1
UHM38.35752__k141_200454_10	3	none	0	0.00		0
UHM38.35752__k141_5109_3	3	none	0	0.00		0
UHM633.41028__k141_16191_2	3	Pilosulin	1	33.33	zf-C2H2	1
UHM102.10840__k141_74861_1	7	UDG	1	14.29	OMP_b-brl	1
UHM633.41028__k141_392108_2	7	His_kinase	2	28.57	DUF6266	1
UHM648.41909__k141_129503_1	3	none	0	0.00		0
UHM615.41021__k141_130142_87	5	ZapA	5	100.00	5-FTHF_cyc-lig	3
UHM636.41030__k141_25049_9	3	Methyltransf_11	1	33.33	CrtO	1
UHM624.41024__k141_115314_1	4	none	0	0.00		0
UHM628.41026__k141_254342_13	6	T6SS_HCP	3	50.00	DUF4225	2
UHM45.35758__k141_173850_3	3	PAPS_reduct	1	33.33		0
UHM125.35768__k141_66792_1	3	ADH_N	1	33.33		0
UHM18.35742__k141_155658_1	3	DUF8499	1	33.33	HTH_26	1
UHM633.41028__k141_91684_2	5	Methyltransf_11	3	60.00		0
UHM611.41020__k141_7844_1	3	MFS_1	1	33.33	PhdYeFM_antitox	1
UHM102.35767__k141_187389_1	3	none	0	0.00		0
UHM633.41028__k141_170988_1	3	none	0	0.00		0
UHM617.41023__k141_57618_188	3	HxlR	3	100.00	DUF8412	3
UHM610.41019__k141_326163_2	5	Peptidase_M14	4	80.00	UbiD	2
UHM591.41013__k141_251538_1	3	AMP-binding	1	33.33		0
UHM632.41027__k141_129306_8	3	PCC	3	100.00		0
UHM648.41909__k141_30899_8	5	Glyco_hydro_18	1	20.00	Pkinase	1
UHM17.35739__k141_71188_7	4	QSregVF_b	2	50.00	NDPSase_N	1
UHM20.35744__k141_36335_3	5	DUF3754	3	60.00	DUF8561	2
UHM22.35745__k141_20805_1	5	none	0	0.00		0
UHM610.41019__k141_218008_5	3	none	0	0.00		0
UHM102.10840__k141_48955_1	7	HTH_26	2	28.57		0
UHM617.41023__k141_44072_4	4	DUF3915	1	25.00		0
UHM22.35747__k141_113115_2	3	DUF5983	2	66.67	DUF4942	1
UHM617.41023__k141_82256_6	3	Aminotran_1_2	3	100.00	Methyltransf_11	3
UHM20.35743__k141_32571_328	4	Phage_tail_3	1	25.00	NinG	1
UHM624.41024__k141_55629_1	7	none	0	0.00		0
UHM573.40999__k141_119818_13	6	dCache_1	5	83.33	ECH_1	4
UHM594.41014__k141_7770_4	3	ELO	1	33.33		0
UHM125.35769__k141_78888_1	3	MFS_1	1	33.33	Glutaredoxin2_C	1
UHM18.35741__k141_62936_1	4	DivIVA	2	50.00		0
UHM72.35763__k141_4582_1	3	ZapA	3	100.00	4HB_MCP_1	2
UHM611.41020__k141_91172_1	3	none	0	0.00		0
UHM656.41033__k141_222129_13	5	DNA_pol3_chi	5	100.00	2-Hacid_dh	5
UHM598.41016__k141_278672_1	3	Lactamase_B_2	1	33.33	DAO	1
UHM598.41016__k141_89342_125	3	Glycos_transf_2	3	100.00	HATPase_c	2
UHM31.35749__k141_128647_1	3	none	0	0.00		0
UHM17.10826__k141_92141_4	3	DJ-1_PfpI	3	100.00	LysE	1
UHM648.41909__k141_380323_5	5	Sigma70_r2	3	60.00	TPR_14	2
UHM564.40995__k141_150070_1	3	HTH_17	1	33.33		0
UHM20.35744__k141_52089_6	3	Por_Secre_tail	1	33.33		0
UHM574.41000__k141_102276_2	3	adh_short	3	100.00	Peptidase_A8	1
UHM31.10830__k141_92678_2	3	none	0	0.00		0
UHM598.41016__k141_218078_2	3	none	0	0.00		0
UHM145.35771__k141_94934_1	8	HTH_18	2	25.00	Methyltransf_21	1
UHM125.35769__k141_246653_1	4	Gypsy	2	50.00		0
UHM591.41013__k141_95683_1	3	none	0	0.00		0
UHM20.35744__k141_108351_1	4	none	0	0.00		0
UHM56.35761__k141_29842_2	4	PRE_C2HC	1	25.00		0
UHM626.41025__k141_220907_1	3	none	0	0.00		0
UHM102.35766__k141_53931_44	3	PEGA	3	100.00	DUF4919	3
UHM554.40991__k141_141697_2	3	DAGK_cat	1	33.33		0
UHM125.35770__k141_210549_1	3	Integrase_H2C2	1	33.33		0
UHM577.41002__k141_49505_1	3	none	0	0.00		0
UHM145.35772__k141_51495_28	3	TP_methylase	3	100.00	GHMP_kinases_N	2
UHM38.10833__k141_4823_2	5	PNTB	4	80.00		0
UHM607.41017__k141_17813_4	3	NADAR	1	33.33	DUF915	1
UHM632.41027__k141_296717_1	3	ICMT	1	33.33	MethyltransfD12	1
UHM554.40991__k141_153120_3	3	none	0	0.00		0
UHM648.41909__k141_89837_1	3	none	0	0.00		0
UHM575.41001__k141_236267_1	40	none	0	0.00		0
UHM598.41016__k141_191888_6	3	none	0	0.00		0
UHM656.41033__k141_321352_4	8	Relaxase	3	37.50	AAA_21	1
UHM45.10838__k141_62858_4	3	AhpC-TSA	3	100.00	ILVD_EDD_N	1
UHM40.10834__k141_30265_104	3	KGG	1	33.33	MatE	1
UHM584.41008__k141_87141_24	4	none	0	0.00		0
UHM31.35749__k141_140712_4	3	RNase_H	1	33.33		0
UHM616.41022__k141_7312_1	3	none	0	0.00		0
UHM580.41004__k141_170123_2	4	Queuosine_synth	1	25.00	DUF697	1
UHM632.41027__k141_274657_136	3	DUF4170	3	100.00		0
UHM633.41028__k141_246046_1	3	Inositol_P	1	33.33		0
UHM56.35760__k141_91881_1	13	none	0	0.00		0
UHM40.35754__k141_8601_1	7	Esterase	4	57.14	Gp49	1
UHM598.41016__k141_13718_2	4	none	0	0.00		0
UHM40.35755__k141_1565_54	5	Peptidase_C92	5	100.00	DcuC	3
UHM31.35749__k141_56045_3	9	Integrase_H2C2	2	22.22		0
UHM17.35740__k141_126892_1	4	AAA_22	1	25.00		0
UHM633.41028__k141_247392_2	3	Asp_protease_2	1	33.33		0
UHM644.41031__k141_48368_1	3	YadA_head	1	33.33		0
UHM577.41002__k141_15987_59	3	YqeY	1	33.33	Cass2	1
UHM610.41019__k141_176416_1	9	none	0	0.00		0
UHM102.35767__k141_225846_1	3	none	0	0.00		0
UHM40.10834__k141_61495_1	5	FMN_red	2	40.00	Acetyltransf_3	1
UHM633.41028__k141_27719_1	4	Response_reg	1	25.00		0
UHM666.41034__k141_67245_1	7	none	0	0.00		0
UHM45.10838__k141_15885_3	7	QSregVF	6	85.71	LDcluster4	6
UHM577.41002__k141_121675_1	3	ExoD	1	33.33	PNPOx_N	1
UHM145.35773__k141_209297_3	3	Catalase	2	66.67	HNH	1
UHM17.10826__k141_234321_2	5	Lsr2	1	20.00	FHA	1
UHM633.41028__k141_453698_2	3	Flp_Fap	2	66.67	NUDIX	2
UHM649.41032__k141_295780_41	3	adh_short	2	66.67		0
UHM18.10827__k141_81487_10	3	HTH_17	3	100.00	DUF5712	3
UHM563.40994__k141_11569_20	3	Arc	2	66.67	AAA_18	2
UHM578.41003__k141_85904_1	4	Phage_CP76	2	50.00	Phg_2220_C	1
UHM634.41029__k141_186590_3	3	none	0	0.00		0
UHM583.41007__k141_196649_2	3	Lipase_GDSL	2	66.67	Lipase_GDSL_2	1
UHM22.35745__k141_76275_4	6	PepSY_TM	6	100.00		0
UHM656.41033__k141_325295_155	3	none	0	0.00		0
UHM40.35755__k141_142219_151	6	Acyl-CoA_dh_1	6	100.00	ACR_tran	2
UHM38.35752__k141_209692_88	3	SURF1	2	66.67	FtsK_alpha	2
UHM624.41024__k141_496744_1	3	Neur_chan_memb	1	33.33	Pacs-1	1
UHM598.41016__k141_199888_63	3	PRC	3	100.00	MTHFR	2
UHM577.41002__k141_153476_618	4	DinB_2	3	75.00	HATPase_c	2
UHM598.41016__k141_49275_212	3	DUF2807	2	66.67	AIRS_C	1
UHM582.41006__k141_32202_3	5	Aq_678	2	40.00		0
UHM633.41028__k141_390046_2	3	TerC	3	100.00	Porphobil_deam	3
UHM563.40994__k141_11077_5	3	Entericidin	2	66.67		0
UHM636.41030__k141_29889_19	3	PhyR_sigma-like	2	66.67	Extensin-like_C	1
UHM636.41030__k141_112829_2	3	HTS	3	100.00	Peptidase_M13	3
UHM17.10826__k141_102632_2	6	DUF4225	2	33.33	Isochorismatase	2
UHM41.35757__k141_29044_3	3	Pribosyltran	2	66.67	Creatinase_N	2
UHM20.35744__k141_5508_3	3	TrbL	3	100.00	T4SS	2
UHM598.41016__k141_200361_1	3	none	0	0.00		0
UHM56.35760__k141_28351_1071	3	DUF732	1	33.33		0
UHM633.41028__k141_271455_41	4	HD	3	75.00		0
UHM558.40992__k141_25664_2	4	RVT_1	1	25.00		0
UHM562.40993__k141_98348_2	3	Adenine_glyco	3	100.00	Vut_1	2
UHM125.35770__k141_235351_1	3	Abhydrolase_1	2	66.67		0
UHM40.35755__k141_151794_2	5	none	0	0.00		0
UHM41.35757__k141_102611_1	4	none	0	0.00		0
UHM17.10826__k141_30118_1	3	HATPase_c	3	100.00	HAD_2	2
UHM628.41026__k141_64141_31	9	BSH_RND	3	33.33	AbiGi	1
UHM624.41024__k141_361410_42	3	TetR_C_13_2	1	33.33	DUF6226	1
UHM41.35757__k141_37227_9	3	3Beta_HSD	2	66.67	Methyltransf_25	1
UHM31.35749__k141_151422_1	5	none	0	0.00		0
UHM56.35760__k141_41368_1	4	RT_RNaseH_2	1	25.00		0
UHM18.35741__k141_103926_6	3	none	0	0.00		0
UHM31.35749__k141_85604_5	4	SRAP	2	50.00	DUF2790	1
UHM633.41028__k141_110862_1	7	ELO	1	14.29		0
UHM45.35758__k141_23708_1	4	none	0	0.00		0
UHM41.35757__k141_91280_3	3	none	0	0.00		0
UHM20.35743__k141_20954_40	3	AI-2E_transport	2	66.67	Methyltransf_4	2
UHM628.41026__k141_287460_2	7	none	0	0.00		0
UHM40.35755__k141_94737_1	4	none	0	0.00		0
UHM17.10826__k141_152911_7	3	Aldo_ket_red	3	100.00	HTH_3	2
UHM633.41028__k141_85160_10	3	GldD_lipo	3	100.00	adh_short	3
UHM633.41028__k141_23399_3	3	none	0	0.00		0
UHM632.41027__k141_58687_2	3	Acetyltransf_1	1	33.33	GAF	1
UHM666.41034__k141_41175_42	8	Fucose_iso_C	5	62.50	Amino_oxidase	1
UHM617.41023__k141_262091_2	3	MFS_1	3	100.00	Ribonuclease_T2	1
UHM72.35763__k141_68300_1	3	ABC_membrane	1	33.33	UbiD	1
UHM636.41030__k141_265649_4	3	none	0	0.00		0
UHM17.10826__k141_244334_2	6	STAS	3	50.00	DUF6268	3
UHM634.41029__k141_132482_1	3	none	0	0.00		0
UHM72.35764__k141_156641_2	3	PNPOx_N	2	66.67	Lipocalin_2	1
UHM125.35769__k141_282008_4	3	Fer4	3	100.00		0
UHM648.41909__k141_318366_2	3	none	0	0.00		0
UHM558.40992__k141_172876_1	5	Gypsy	1	20.00		0
UHM41.35756__k141_111303_34	7	ABC2_membrane	5	71.43	adh_short	4
UHM18.10827__k141_18901_8	3	NUDIX	3	100.00	Methyltransf_11	3
UHM38.35753__k141_245743_2	4	none	0	0.00		0
UHM558.40992__k141_105099_1	19	none	0	0.00		0
UHM636.41030__k141_217269_4	3	Pirin	3	100.00	OsmC	3
UHM31.35749__k141_67619_1	3	none	0	0.00		0
UHM41.35756__k141_16237_1	3	none	0	0.00		0
UHM38.35752__k141_116183_1	3	Cation_efflux	2	66.67	Ribosomal_L28	1
UHM18.10827__k141_127921_2	4	Pirin	1	25.00		0
UHM590.41012__k141_28268_2	3	none	0	0.00		0
UHM666.41034__k141_194157_1	4	none	0	0.00		0
UHM20.35744__k141_192348_1	4	RT_RNaseH	1	25.00		0
UHM648.41909__k141_13266_16	3	Aminotran_5	3	100.00	Glycos_trans_3N	1
UHM636.41030__k141_141077_3	3	DUF3313	3	100.00	Trans_reg_C	3
UHM598.41016__k141_20157_1	3	none	0	0.00		0
UHM102.35767__k141_93193_1	3	none	0	0.00		0
UHM648.41909__k141_223730_24	3	DUF3310	1	33.33		0
UHM572.40998__k141_129579_48	3	ERF	2	66.67		0
UHM584.41008__k141_80055_1	16	Dynactin_p62	1	6.25		0
UHM41.35757__k141_58770_1	6	none	0	0.00		0
UHM591.41013__k141_209491_3	3	CHB_HEX_C_1	1	33.33	Formyl_trans_C	1
UHM649.41032__k141_401176_1	3	Response_reg	1	33.33	EAL	1
UHM644.41031__k141_144449_2	5	Fer2_3	5	100.00	Inh	2
UHM636.41030__k141_20367_14	5	Glucosaminidase	4	80.00		0
UHM17.10826__k141_151411_2	3	COX1	3	100.00	KdpA	1
UHM31.35748__k141_129997_2	3	DsrH	2	66.67	DsrE	2
UHM644.41031__k141_46719_5	3	Rgs_repeat	1	33.33		0
UHM31.10830__k141_103507_63	4	NusG	4	100.00		0
UHM20.35744__k141_18834_1	3	none	0	0.00		0
UHM20.35744__k141_74489_3	6	none	0	0.00		0
UHM591.41013__k141_140603_2	5	EAL	2	40.00	Cadherin_3	2
UHM611.41020__k141_8311_9	3	COX1	1	33.33		0
UHM554.40991__k141_217761_9	3	AAA_31	1	33.33		0
UHM581.41005__k141_170590_1	3	Phospholipase-like	1	33.33	Spermine_synth	1
UHM41.35757__k141_81511_227	3	FBPase	3	100.00	ATP-grasp_5	2
UHM591.41013__k141_22880_1	3	none	0	0.00		0
UHM633.41028__k141_486057_3	3	BACK_BPM_SPOP	1	33.33		0
UHM145.35773__k141_145789_4	3	FAD_binding_6	3	100.00		0
UHM577.41002__k141_63621_2	3	Asp23	3	100.00		0
UHM145.35773__k141_168864_1	13	none	0	0.00		0
UHM17.35740__k141_34414_1	3	none	0	0.00		0
UHM17.35740__k141_88776_10	3	none	0	0.00		0
UHM38.35753__k141_63755_2	3	DEAD	2	66.67	Voltage_CLC	1
UHM125.35768__k141_86176_1	3	DUF3221	1	33.33	PfkB	1
UHM36.10832__k141_186576_2	4	Glycos_transf_1	2	50.00	DJ-1_PfpI	1
UHM38.35753__k141_29627_1	3	none	0	0.00		0
UHM598.41016__k141_171441_34	3	R2K_2	1	33.33	DNA_methylase	1
UHM22.35745__k141_78462_431	3	FAD_binding_2	3	100.00		0
UHM565.40996__k141_3196_90	6	LacI	2	33.33	AhpC-TSA	2
UHM564.40995__k141_107582_86	4	bPH_2	1	25.00	HxlR	1
UHM634.41029__k141_2386_4	3	none	0	0.00		0
UHM125.35769__k141_37633_76	5	none	0	0.00		0
UHM644.41031__k141_18078_2	3	Acetyltransf_1	2	66.67	Biotin_lipoyl	1
UHM634.41029__k141_290685_1	5	Glyco_trans_1_3	4	80.00	HigB-like_toxin	1
UHM145.35773__k141_5825_2	5	Gypsy	2	40.00	RT_RNaseH_2	1
UHM45.35758__k141_140985_1	5	Amidohydro_1	2	40.00	MOSC	1
UHM590.41012__k141_250458_1	4	none	0	0.00		0
UHM633.41028__k141_209856_3	3	none	0	0.00		0
UHM17.35740__k141_172963_234	3	LytTR	1	33.33	adh_short	1
UHM22.35745__k141_4191_20	3	Chorismate_bind	3	100.00	DUF1097	2
UHM20.35744__k141_195580_1	3	none	0	0.00		0
UHM56.35761__k141_142775_1	3	none	0	0.00		0
UHM56.35760__k141_6025_1	3	ZapA	3	100.00	Plug	1
UHM636.41030__k141_334371_200	6	Por_Secre_tail	1	16.67	CarbopepD_reg_2	1
UHM31.10830__k141_12331_85	4	PepSY_TM	4	100.00	Plug	3
UHM591.41013__k141_232051_1	8	Pirin	1	12.50	Anthrone_oxy	1
UHM591.41013__k141_238055_8	5	Glyoxalase	1	20.00	Beta-lactamase	1
UHM581.41005__k141_39234_1	3	none	0	0.00		0
UHM636.41030__k141_21188_2	4	CcmC	4	100.00	CcmE	4
UHM565.40996__k141_166155_293	10	HATPase_c	1	10.00	Lipocalin_4	1
UHM40.10834__k141_120618_1	5	none	0	0.00		0
UHM18.35742__k141_98812_2	5	RVP	3	60.00	Integrase_H2C2	1
UHM581.41005__k141_40578_116	3	none	0	0.00		0
UHM102.10840__k141_28793_93	3	Channel_Tsx	3	100.00	EamA	3
UHM125.35770__k141_263697_1	6	Abhydrolase_1	5	83.33	Methyltransf_30	1
UHM20.35743__k141_23165_212	6	Glyoxalase	2	33.33	ESPR	1
UHM45.35759__k141_23761_1	6	none	0	0.00		0
UHM36.10832__k141_6886_56	3	B12-binding	2	66.67		0
UHM38.35752__k141_38333_4	6	EamA	4	66.67	DUF6279	2
UHM125.35768__k141_93574_1	3	DsbD_N	3	100.00	DUF4186	1
UHM644.41031__k141_224969_85	3	Abhydrolase_3	2	66.67	PATR	2
UHM565.40996__k141_89793_3	3	Phage_CP76	2	66.67	Peptidase_S24	2
UHM18.35741__k141_42962_838	3	none	0	0.00		0
UHM38.35752__k141_124217_2	3	none	0	0.00		0
UHM38.35752__k141_98727_1	3	none	0	0.00		0
UHM56.35761__k141_135026_296	4	Rep3_N	3	75.00		0
UHM22.35746__k141_133944_1	3	none	0	0.00		0
UHM45.35758__k141_156622_1	3	AsmA	2	66.67	RNase_T	1
UHM624.41024__k141_398178_2	3	DUF305	3	100.00		0
UHM22.35747__k141_50757_26	5	AAA	3	60.00	NDK	2
UHM575.41001__k141_173713_1	6	GCE_fung	2	33.33	HATPase_c	1
UHM22.35745__k141_85002_5	3	AhpC-TSA	1	33.33		0
UHM564.40995__k141_37518_3	3	PHB_acc	3	100.00	dCache_1	1
UHM38.35753__k141_139790_1	3	none	0	0.00		0
UHM586.41010__k141_77284_1	5	HTH_18	1	20.00	OmpA_membrane	1
UHM125.35769__k141_170583_1	4	none	0	0.00		0
UHM38.35753__k141_172379_1	3	none	0	0.00		0
UHM72.35763__k141_97317_262	3	AAA_lid_14	3	100.00		0
UHM125.35769__k141_203583_2	5	2-Hacid_dh	5	100.00	HSP33	4
UHM570.40997__k141_39976_73	3	Fer4_12	3	100.00	NIR_SIR_ferr	2
UHM586.41010__k141_78484_4	3	fn3	1	33.33	RHS_repeat	1
UHM18.35742__k141_37747_2	3	none	0	0.00		0
UHM594.41014__k141_61881_2	5	Arm-DNA-bind_5	4	80.00	FtsX	1
UHM596.41015__k141_130527_1	3	DUF4174	1	33.33		0
UHM598.41016__k141_243933_1	5	F-box	4	80.00		0
UHM575.41001__k141_65737_2	3	dCMP_cyt_deam_1	2	66.67	TauE	1
UHM633.41028__k141_52492_5	4	ADH_zinc_N	1	25.00		0
UHM40.35754__k141_38809_35	3	none	0	0.00		0
UHM36.10832__k141_25799_5	3	HD_4	2	66.67		0
UHM598.41016__k141_101153_2	4	EF-hand_1	1	25.00		0
UHM17.35740__k141_41586_1	3	Abhydrolase_8	1	33.33	WXG100	1
UHM626.41025__k141_290436_619	6	Cadherin	1	16.67	DUF6894	1
UHM125.35769__k141_47169_109	4	ArAE_1	1	25.00	DNA_alkylation	1
UHM624.41024__k141_241382_1	3	none	0	0.00		0
UHM20.35743__k141_17621_248	3	HSP33	3	100.00	DivIC	3
UHM22.35747__k141_44127_174	4	LytTR	3	75.00		0
UHM572.40998__k141_112378_1	6	Abhydrolase_1	6	100.00	YhjD	1
UHM644.41031__k141_327784_32	9	FKBP_C	4	44.44	DciA	4
UHM666.41034__k141_104614_1	125	none	0	0.00		0
UHM563.40994__k141_45605_2	6	SpoU_methylase	5	83.33	ALO	1
UHM617.41023__k141_157264_1	5	DUF7218	2	40.00	Ferritin	1
UHM580.41004__k141_227060_1	3	none	0	0.00		0
UHM610.41019__k141_89842_338	4	SGL	4	100.00	GtrA_DPMS_TM	1
UHM570.40997__k141_105314_1	9	OprD	7	77.78	HAMP	5
UHM20.35743__k141_51138_21	3	Abhydrolase_1	1	33.33	Meth_synt_2	1
UHM20.35744__k141_207483_1	4	none	0	0.00		0
UHM598.41016__k141_200468_2	3	none	0	0.00		0
UHM40.35755__k141_21496_4	6	EFP	6	100.00	MliC	5
UHM633.41028__k141_91045_6	12	none	0	0.00		0
UHM649.41032__k141_396631_1	4	AbrB	3	75.00	Alpha-amylase	2
UHM666.41034__k141_6167_22	8	DUF938	8	100.00	PseudoU_synth_2	8
UHM41.35756__k141_106102_160	3	DUF763	1	33.33	ALS_ss_C	1
UHM20.35744__k141_34695_5	3	none	0	0.00		0
UHM608.41018__k141_15759_34	4	Poly_export	4	100.00	Glyco_transf_61	3
UHM598.41016__k141_243285_2	6	Acyl-CoA_dh_N	1	16.67		0
UHM22.35746__k141_40825_3	3	none	0	0.00		0
UHM572.40998__k141_3179_2	3	none	0	0.00		0
UHM554.40991__k141_145368_26	5	CarbopepD_reg_2	5	100.00		0
UHM656.41033__k141_242765_4	3	Peptidase_S49	2	66.67	adh_short	2
UHM38.35753__k141_147763_3	3	YacG	3	100.00	CbiM	2
UHM636.41030__k141_157386_3	3	LysR_substrate	1	33.33	Methyltransf_11	1
UHM36.10832__k141_33980_1	6	none	0	0.00		0
UHM18.10827__k141_86172_2	3	HTH_18	2	66.67	BPD_transp_2	2
UHM565.40996__k141_134525_10	3	CN_hydrolase	3	100.00	PIG-L	2
UHM624.41024__k141_320398_3	3	Recombinase	2	66.67		0
UHM581.41005__k141_106649_3	3	Helicase_C	3	100.00	PemK_toxin	1
UHM18.10827__k141_80909_7	3	DUF1003	3	100.00	Phage_pRha	3
UHM558.40992__k141_48414_116	3	Multi_Drug_Res	1	33.33	E1-E2_ATPase	1
UHM648.41909__k141_15996_1	8	MliC	6	75.00	PGK	6
UHM554.40991__k141_34482_1	5	none	0	0.00		0
UHM624.41024__k141_81095_3	10	GSDH	10	100.00	Arginase	5
UHM102.10840__k141_102095_3	3	BPD_transp_1	3	100.00		0
UHM56.35760__k141_92076_1	4	none	0	0.00		0
UHM22.35747__k141_64959_2	3	HTH_3	1	33.33	OCD_Mu_crystall	1
UHM636.41030__k141_111828_3	4	none	0	0.00		0
UHM22.35747__k141_89869_20	4	none	0	0.00		0
UHM633.41028__k141_240917_53	3	Metallophos	3	100.00		0
UHM125.35769__k141_154920_2	3	SSF	3	100.00	UTRA	1
UHM41.35757__k141_132664_1	6	RVT_1	1	16.67		0
UHM578.41003__k141_26174_3	3	Zn_ribbon_8	2	66.67	RraA-like	1
UHM17.35740__k141_175949_15	3	none	0	0.00		0
UHM38.35752__k141_202452_1	6	DUF1759	1	16.67		0
UHM628.41026__k141_99253_4	3	Lactamase_B	1	33.33	RNase_T	1
UHM616.41022__k141_160164_1	4	Response_reg	1	25.00		0
UHM666.41034__k141_408374_1	3	none	0	0.00		0
UHM626.41025__k141_225089_2	3	none	0	0.00		0
UHM610.41019__k141_96512_124	4	ArsA_HSP20	2	50.00		0
UHM666.41034__k141_164018_1	3	none	0	0.00		0
UHM564.40995__k141_96147_2	4	Usp	4	100.00	GGDEF	4
UHM22.35747__k141_51359_56	3	none	0	0.00		0
UHM20.35744__k141_36425_2	3	none	0	0.00		0
UHM563.40994__k141_86182_169	3	Recombinase	2	66.67	Sigma70_r4	1
UHM632.41027__k141_207105_490	6	MFS_1	6	100.00	Methyltransf_11	4
UHM72.35762__k141_59449_5	4	YkuD_2	4	100.00	Topoisom_bac	3
UHM145.35772__k141_62967_58	3	HisZ_C	3	100.00	Isochorismatase	2
UHM611.41020__k141_109560_57	14	Meth_synt_2	2	14.29	Cho_C	2
UHM125.35769__k141_206426_122	3	Resolvase	1	33.33		0
UHM45.35759__k141_98239_914	3	AAA_33	1	33.33	Abhydrolase_3	1
UHM596.41015__k141_34538_1	7	HMGL-like	1	14.29		0
UHM634.41029__k141_260702_2	3	none	0	0.00		0
UHM125.35770__k141_192434_1	5	MFS_1	1	20.00	DUF892	1
UHM40.35754__k141_49025_9	3	HAMP	3	100.00	Ribosomal_L21p	2
UHM633.41028__k141_444056_2	4	none	0	0.00		0
UHM31.35749__k141_53469_1	4	Sigma70_r2	4	100.00	DUF3224	2
UHM38.35752__k141_140853_1	5	SAP	1	20.00		0
UHM563.40994__k141_127922_152	3	DUF34_NIF3	3	100.00	TP_methylase	2
UHM17.35740__k141_63769_73	3	PBECR1	1	33.33		0
UHM634.41029__k141_307456_109	5	YfjT	3	60.00	PGAP1	1
UHM644.41031__k141_211936_2	3	DUF8176	3	100.00		0
UHM38.35752__k141_61411_2	147	none	0	0.00		0
UHM616.41022__k141_142409_85	3	DUF6443	1	33.33		0
UHM102.35767__k141_33259_1	3	none	0	0.00		0
UHM633.41028__k141_40876_1	4	none	0	0.00		0
UHM22.35746__k141_87224_19	3	DUF2145	3	100.00	Mito_fiss_Elm1	2
UHM636.41030__k141_122012_1	7	DksA_N	4	57.14	ExoX-like_C	3
UHM626.41025__k141_280701_67	5	CSD	4	80.00		0
UHM31.35749__k141_106653_1	3	none	0	0.00		0
UHM624.41024__k141_281101_2	3	none	0	0.00		0
UHM644.41031__k141_144185_144	3	Esterase	2	66.67	PK	1
UHM17.10826__k141_271756_49	3	RusA	2	66.67		0
UHM38.35752__k141_8426_132	3	4HBT	3	100.00		0
UHM145.35772__k141_29307_1	3	COX1	3	100.00	Radical_SAM	1
UHM102.10840__k141_88217_11	3	Beta-barrel_RND	2	66.67	OmdA	1
UHM125.35770__k141_251217_149	6	APH	6	100.00	LytTR	6
UHM648.41909__k141_44820_13	5	BTB	2	40.00		0
UHM624.41024__k141_286348_6	3	none	0	0.00		0
UHM45.10838__k141_85475_2	4	CarbopepD_reg_2	2	50.00	MutS_III	1
UHM583.41007__k141_156532_1	6	AtuA	2	33.33	OMP_b-brl_3	1
UHM570.40997__k141_41085_1	4	OmpA	1	25.00	PseudoU_synth_2	1
UHM17.35740__k141_82702_1	11	Exo_endo_phos_2	1	9.09		0
UHM633.41028__k141_129295_2	3	none	0	0.00		0
UHM656.41033__k141_42467_3	3	Metallophos	3	100.00		0
UHM31.35749__k141_77857_1	3	none	0	0.00		0
UHM644.41031__k141_288263_41	4	TsiV	4	100.00	Sulf_transp	1
UHM562.40993__k141_104598_40	4	Amidase_2	3	75.00	LacI	1
UHM648.41909__k141_11250_1	4	Hormone_recep	1	25.00		0
UHM31.35749__k141_307_3	4	Cupin_7	2	50.00		0
UHM580.41004__k141_209774_12	3	none	0	0.00		0
UHM38.35752__k141_23026_2	3	Kdo	2	66.67	MFS_1	1
UHM564.40995__k141_34204_2	3	Phage-tail_3	2	66.67		0
UHM56.35761__k141_208585_1	3	Ferric_reduct	1	33.33		0
UHM125.35770__k141_198978_1	3	none	0	0.00		0
UHM634.41029__k141_220871_3	3	ExbD	3	100.00	Porin_5	3
UHM125.35769__k141_132003_5	3	DUF7882	1	33.33	Peptidase_M23	1
UHM31.10830__k141_39976_20	3	OHCU_decarbox	1	33.33		0
UHM632.41027__k141_143093_8	3	DUF481	3	100.00	Phage_holin_2_3	3
UHM626.41025__k141_340254_283	5	RecO_C	5	100.00	Ribosomal_L28	3
UHM648.41909__k141_107918_1	3	none	0	0.00		0
UHM20.35744__k141_53777_6	3	CHAP	3	100.00	DUF2383	1
UHM31.35748__k141_100987_4	4	DUF229	2	50.00	Iso_dh	2
UHM608.41018__k141_59019_22	6	Histone_HNS	5	83.33	Rhodanese	3
UHM648.41909__k141_355601_2	3	HCS_D2	3	100.00	EAL	2
UHM41.10835__k141_70185_107	3	LysC	3	100.00	DUF7940	1
UHM648.41909__k141_345677_6	4	RNaseH_like	4	100.00	DbpA	3
UHM125.35770__k141_12999_1	3	RT_RNaseH_2	1	33.33		0
UHM598.41016__k141_220476_2	3	CSD	1	33.33		0
UHM17.35740__k141_172339_6	4	RbpA	4	100.00	FKBP_C	3
UHM617.41023__k141_94385_1	4	Na_H_Exchanger	2	50.00	DUF3053	1
UHM125.35769__k141_77961_2	3	DUF4222	2	66.67	YdaT_toxin	2
UHM20.35744__k141_96249_19	6	none	0	0.00		0
UHM626.41025__k141_334482_2	3	none	0	0.00		0
UHM624.41024__k141_119012_1	3	Acyl_transf_3	1	33.33	OEP	1
UHM570.40997__k141_79902_13	3	Abhydrolase_1	2	66.67	YbjQ_1	1
UHM617.41023__k141_988_4	3	none	0	0.00		0
UHM594.41014__k141_68911_10	3	Beta-prop_ATRN-LZTR1	1	33.33		0
UHM72.35763__k141_94359_31	5	ATP-cone	4	80.00	Aminotran_1_2	1
UHM648.41909__k141_22632_5	6	none	0	0.00		0
UHM574.41000__k141_38251_110	8	Ank	5	62.50	PLDc_N	2
UHM45.35759__k141_98239_1038	5	GAF	2	40.00	FAD_binding_6	1
UHM41.35757__k141_92355_1	3	GCV_T	1	33.33	VCH_CASS14	1
UHM624.41024__k141_130703_2	4	GerE	2	50.00	GreA_GreB	1
UHM570.40997__k141_109859_1	6	Acetyltransf_1	2	33.33	SmpB	1
UHM22.35746__k141_17034_1	3	Ammonium_transp	2	66.67	Aminotran_3	1
UHM45.35758__k141_200844_3	5	DUF4398	2	40.00	PEPcase	2
UHM626.41025__k141_99258_1	5	none	0	0.00		0
UHM20.10828__k141_43121_45	3	Phage_GPA	2	66.67		0
UHM17.10826__k141_264176_30	4	TMP-TENI	4	100.00	Sigma70_r2	2
UHM17.10826__k141_286283_1	6	His_Phos_2	2	33.33		0
UHM649.41032__k141_216385_4	3	Abhydrolase_1	3	100.00	TetR_C_13	2
UHM38.35753__k141_64279_76	3	AHSA1	2	66.67	Asp_protease_2	1
UHM565.40996__k141_50590_11	3	CSD	1	33.33		0
UHM145.35771__k141_109209_5	4	AAA_21	4	100.00		0
UHM666.41034__k141_420506_2	3	ASL_C2	3	100.00	Ala_racemase_N	1
UHM572.40998__k141_122911_2	4	Glyco_transf_20	2	50.00	ThrE	1
UHM36.10832__k141_175518_27	3	MMR_HSR1	3	100.00	AAA_19	2
UHM590.41012__k141_260015_2	3	PH	1	33.33		0
UHM666.41034__k141_247732_4	3	none	0	0.00		0
UHM586.41010__k141_44419_201	4	EamA	3	75.00	MFS_1	2
UHM125.35769__k141_273248_1	3	RVT_1	1	33.33		0
UHM594.41014__k141_22831_5	12	Homeodomain	1	8.33		0
UHM598.41016__k141_173476_2	6	none	0	0.00		0
UHM562.40993__k141_29610_87	3	HTH_18	3	100.00	SusD-like_3	2
UHM40.35754__k141_134054_2	3	Tox-REase-5	2	66.67	EAL	1
UHM38.10833__k141_48061_1	3	CarbopepD_reg_2	1	33.33	Aldo_ket_red	1
UHM634.41029__k141_247844_2	3	Polysacc_deac_1	2	66.67	HTH_1	1
UHM633.41028__k141_455603_2	3	none	0	0.00		0
UHM45.35758__k141_128219_52	3	ALAD	3	100.00		0
UHM633.41028__k141_18664_1	3	Nucleos_tra2_C	1	33.33		0
UHM41.35756__k141_111445_1	3	Ferritin	2	66.67	COXG	1
UHM17.10826__k141_297963_2	5	EamA	2	40.00	baeRF_family12	1
UHM578.41003__k141_77274_2	3	Multi_Drug_Res	2	66.67	HTH_1	1
UHM610.41019__k141_316148_1	3	none	0	0.00		0
UHM41.35756__k141_51791_114	3	RusA	2	66.67		0
UHM626.41025__k141_77442_5	3	Glyco_transf_92	2	66.67		0
UHM632.41027__k141_129860_55	8	UCP029502	8	100.00	Mor	1
UHM36.35751__k141_40260_53	3	Anticodon_1	2	66.67	DUF5606	1
UHM649.41032__k141_283260_47	3	DUF808	2	66.67	VWA_2	2
UHM22.35747__k141_28997_812	3	AlkZ-like	1	33.33	Metallophos	1
UHM594.41014__k141_90997_25	3	none	0	0.00		0
UHM125.35770__k141_206041_1	3	none	0	0.00		0
UHM634.41029__k141_302835_2	3	none	0	0.00		0
UHM17.35740__k141_60034_20	5	Iron_permease	3	60.00	B12-binding	2
UHM632.41027__k141_7935_1	5	none	0	0.00		0
UHM591.41013__k141_349508_1	5	Lig_chan	1	20.00		0
UHM36.35751__k141_23867_2	6	PseudoU_synth_2	4	66.67	Peptidase_M15_3	3
UHM636.41030__k141_140993_1	3	Zip	2	66.67	Amidohydro_1	1
UHM20.35743__k141_73592_6	4	MATCAP	2	50.00	Aminotran_1_2	1
UHM648.41909__k141_208497_1	6	none	0	0.00		0
UHM633.41028__k141_280548_62	4	Thioredoxin	3	75.00	MFS_1	2
UHM633.41028__k141_4013_3	5	Dus	2	40.00	His_biosynth	1
UHM72.35763__k141_47369_2	4	Anticodon_1	2	50.00	Uma2	1
UHM648.41909__k141_351876_3	3	Herpes_teg_N	2	66.67		0
UHM575.41001__k141_24767_2	3	3-dmu-9_3-mt	2	66.67		0
UHM649.41032__k141_107670_2	4	AAA_14	3	75.00		0
UHM666.41034__k141_312464_75	3	LiaF-TM	3	100.00		0
UHM145.35773__k141_56209_1	3	none	0	0.00		0
UHM563.40994__k141_19056_434	5	Peptidase_S24	4	80.00		0
UHM22.35746__k141_16858_1	5	DUF932	2	40.00	DUF4747	1
UHM17.10826__k141_126583_267	3	Glycos_transf_2	2	66.67	UDPG_MGDP_dh	1
UHM573.40999__k141_138283_6	3	SpoU_methylase	2	66.67	AAA_5	1
UHM145.35771__k141_121768_1	3	none	0	0.00		0
UHM20.10828__k141_58838_2	4	FUR	1	25.00	Iron_permease	1
UHM624.41024__k141_171743_7	3	none	0	0.00		0
UHM125.35770__k141_50923_1	3	none	0	0.00		0
UHM636.41030__k141_200935_2	8	META	8	100.00	2-Hacid_dh	7
UHM31.35748__k141_8586_17	3	ArsC	2	66.67	DUF4225	2
UHM102.35766__k141_24657_1417	4	Asp_Glu_race	4	100.00	GSDH	2
UHM649.41032__k141_22576_1	5	Phosphorylase	1	20.00	LacI	1
UHM125.35770__k141_179819_1	3	none	0	0.00		0
UHM577.41002__k141_169793_1	6	none	0	0.00		0
UHM624.41024__k141_225481_1	5	none	0	0.00		0
UHM18.35741__k141_114558_21	4	AAA_33	3	75.00	Thg1	3
UHM36.35750__k141_100269_1	4	ABM	3	75.00	2-Hacid_dh	1
UHM626.41025__k141_192510_1	3	none	0	0.00		0
UHM554.40991__k141_6590_46	3	DUF1428	1	33.33	Cytochrome_CBB3	1
UHM102.35766__k141_167645_8	3	Creatinase_N	3	100.00	adh_short	2
UHM102.35767__k141_62869_4	3	none	0	0.00		0
UHM36.10832__k141_117481_1	4	Ribonuc_red_sm	3	75.00	HAMP	2
UHM102.35766__k141_79425_3	3	MFS_1	2	66.67	SBF	2
UHM586.41010__k141_23126_1	4	ABM	1	25.00	ADH_N	1
UHM624.41024__k141_388333_37	3	DUF2997	2	66.67	Abhydrolase_1	1
UHM570.40997__k141_19878_117	3	DUF4369	2	66.67	AraC_binding	1
UHM20.35743__k141_107728_3	3	AAA_25	2	66.67		0
UHM608.41018__k141_196901_1	4	SET	4	100.00	HTH_ParB	2
UHM596.41015__k141_196059_1	3	none	0	0.00		0
UHM624.41024__k141_507994_3	3	GreA_GreB	2	66.67	ELFV_dehydrog	2
UHM628.41026__k141_108068_3	7	Cystatin	1	14.29		0
UHM644.41031__k141_331786_4	3	DUF3108_like	2	66.67	CMD	1
UHM577.41002__k141_153476_332	8	MgtC	2	25.00	CPSase_sm_chain	2
UHM17.10826__k141_162526_3	4	AAA_19	1	25.00	Top1B_N_bact	1
UHM656.41033__k141_106373_44	7	DUF2388	2	28.57	MFS_1	2
UHM633.41028__k141_72718_3	3	none	0	0.00		0
UHM634.41029__k141_10309_36	4	DUF8412	2	50.00	Lactamase_B	1
UHM562.40993__k141_118748_2	3	none	0	0.00		0
UHM617.41023__k141_236678_3	6	OMP_b-brl_2	1	16.67	Abhydrolase_1	1
UHM666.41034__k141_223704_68	6	GerE	4	66.67		0
UHM45.35759__k141_130013_1	4	none	0	0.00		0
UHM18.35742__k141_142692_3	3	DUF333	2	66.67	SRAP	2
UHM636.41030__k141_63530_1	3	Phage_integrase	1	33.33		0
UHM17.35740__k141_72618_303	4	NamZ_C	4	100.00	Glyco_hydro_3	4
UHM626.41025__k141_125305_4	5	CT_C_D	3	60.00		0
UHM626.41025__k141_125305_5	6	ADH_N	2	33.33	Acyl_transf_3	1
UHM41.35756__k141_39782_10	3	CHAP	1	33.33	RHS	1
UHM644.41031__k141_30083_1	6	DXP_synthase_N	1	16.67		0
UHM626.41025__k141_246914_2	3	none	0	0.00		0
UHM125.35770__k141_172210_2	5	Integrase_H2C2	3	60.00	RT_RNaseH	3
UHM36.35751__k141_66105_374	3	DUF3703	3	100.00		0
UHM636.41030__k141_69125_7	3	none	0	0.00		0
UHM145.35771__k141_46870_178	3	CdiA_CT_tRNase	2	66.67	DUF7684	1
UHM574.41000__k141_27034_1	5	Terminase_6C	3	60.00	KTSC	1
UHM644.41031__k141_338329_101	3	PspA_IM30	3	100.00	DUF4401	1
UHM624.41024__k141_154324_1	20	FHIPEP	1	5.00		0
UHM648.41909__k141_48348_1	3	none	0	0.00		0
UHM607.41017__k141_112379_104	3	Plug	2	66.67	GDE_C	1
UHM554.40991__k141_159061_1	4	RVT_1	1	25.00		0
UHM572.40998__k141_122721_36	3	AAA_15	3	100.00	Beta-lactamase	2
UHM38.35753__k141_193081_2	3	DJ-1_PfpI	3	100.00	PurS	2
UHM31.35748__k141_93115_2	3	UreD	2	66.67		0
UHM125.35769__k141_108446_61	3	AAA_21	3	100.00		0
UHM125.35769__k141_49938_8	9	none	0	0.00		0
UHM649.41032__k141_157688_3	3	DcuC	2	66.67	AP_endonuc_2	1
UHM649.41032__k141_226034_1	4	EPSP_synthase	3	75.00	TadE	1
UHM608.41018__k141_31233_3	5	none	0	0.00		0
UHM649.41032__k141_65481_3	3	Ala_racemase_C	2	66.67	AAA_25	1
UHM18.35741__k141_16415_1	3	HNH	1	33.33	Lumazine_bd_2	1
UHM575.41001__k141_14168_1	5	Creatininase	1	20.00		0
UHM587.41011__k141_121996_1	3	none	0	0.00		0
UHM633.41028__k141_63052_1	3	none	0	0.00		0
UHM36.35751__k141_24483_1	3	OmpA_membrane	1	33.33		0
UHM634.41029__k141_276646_6	3	FGase	2	66.67	HTH_1	1
UHM72.35763__k141_98439_1	5	none	0	0.00		0
UHM591.41013__k141_318528_7	3	SRAP	2	66.67	ORC-CDC6-like	1
UHM626.41025__k141_262658_1	3	none	0	0.00		0
UHM17.35740__k141_15144_1	5	RA	1	20.00	EF-hand_1	1
UHM648.41909__k141_302045_2	4	PPDK_N	2	50.00	TPP_enzyme_M	1
UHM624.41024__k141_186806_1	4	FtsK_4TM	1	25.00		0
UHM633.41028__k141_95061_2	3	none	0	0.00		0
UHM648.41909__k141_122152_16	3	FUR	2	66.67	Sigma70_r4	1
UHM633.41028__k141_93183_6	5	Anticodon_1	3	60.00	HSP20	3
UHM598.41016__k141_203511_2	3	APH	3	100.00		0
UHM554.40991__k141_43634_59	4	DinI	2	50.00	DUF229	1
UHM648.41909__k141_136365_2	3	LacI	1	33.33	DUF4440	1
UHM649.41032__k141_65771_2	3	none	0	0.00		0
UHM125.35770__k141_302105_1	6	none	0	0.00		0
UHM22.35747__k141_46109_2	4	none	0	0.00		0
UHM41.35756__k141_111371_83	3	AAA_21	3	100.00	HAMP	2
UHM591.41013__k141_40764_1	3	DUF892	1	33.33	Response_reg	1
UHM38.35752__k141_119295_42	8	Ferritin_fold-like	6	75.00	DUF3107	6
UHM610.41019__k141_81909_1	5	Exo_endo_phos	4	80.00		0
UHM615.41021__k141_60894_1	3	none	0	0.00		0
UHM554.40991__k141_14313_279	4	HTH_18	3	75.00		0
UHM56.35760__k141_48856_1	7	none	0	0.00		0
UHM633.41028__k141_63573_250	9	TauE	2	22.22	DUF4833	2
UHM38.35752__k141_135425_2	3	Collagen	2	66.67	BppU_N	1
UHM649.41032__k141_358021_2	4	Phage_holin_3_6	4	100.00	Dus	3
UHM624.41024__k141_175295_2	3	Transgly_assoc	1	33.33	5_nucleotid_C	1
UHM633.41028__k141_279927_1	5	none	0	0.00		0
UHM648.41909__k141_347038_22	3	LytTR	3	100.00	Lipase_GDSL_2	1
UHM22.35745__k141_18669_2	4	Aldedh	1	25.00	Lnb_N	1
UHM38.35752__k141_193280_5	5	Ribosomal_S21	3	60.00	DUF6496	2
UHM145.35771__k141_93604_4	3	Dus	3	100.00	7TMR-DISM_7TM	3
UHM558.40992__k141_154640_1	6	none	0	0.00		0
UHM634.41029__k141_200665_1	4	PIN	1	25.00		0
UHM585.41009__k141_90487_2	3	DnaJ	3	100.00	Flavodoxin_2	2
UHM577.41002__k141_113126_3	8	ATP_bind_1	8	100.00	IDH	5
UHM615.41021__k141_76989_24	3	HTH_1	1	33.33	SLT_4	1
UHM584.41008__k141_69967_136	10	Ribosomal_S6	2	20.00	YfhO	1
UHM22.35747__k141_122564_13	4	His_kinase	3	75.00	HhH-GPD	2
UHM563.40994__k141_99497_1	3	none	0	0.00		0
UHM18.35741__k141_27624_2	5	HK97-gp10_like	5	100.00	Tail_completion_gp17	4
UHM587.41011__k141_72098_2	5	Hexapep	3	60.00		0
UHM656.41033__k141_1277_18	3	DJ-1_PfpI	2	66.67		0
UHM38.35752__k141_195060_2	3	DUF1697	2	66.67	DUF1949	1
UHM656.41033__k141_232317_1	3	none	0	0.00		0
UHM649.41032__k141_421430_2	5	none	0	0.00		0
UHM636.41030__k141_190127_9	3	Globin	1	33.33		0
UHM596.41015__k141_68915_141	3	Na_H_antiport_1	1	33.33		0
UHM102.35766__k141_71409_2	3	Sigma70_r2	3	100.00	FGase	3
UHM587.41011__k141_117496_1	3	none	0	0.00		0
UHM648.41909__k141_210352_2	4	adh_short	4	100.00	DAO	3
UHM72.35762__k141_76206_2	8	Patatin	6	75.00	SIMPL	1
UHM17.35740__k141_136738_1	4	none	0	0.00		0
UHM633.41028__k141_110617_1	5	HSP70	1	20.00		0
UHM145.35772__k141_107315_2	4	PfkB	1	25.00		0
UHM41.35757__k141_128858_2	4	none	0	0.00		0
UHM20.35743__k141_121958_30	3	Amidase_3	1	33.33	Phage_holin_5_2	1
UHM570.40997__k141_74144_174	6	none	0	0.00		0
UHM558.40992__k141_174506_9	3	DUF3313	1	33.33		0
UHM648.41909__k141_58613_1	4	none	0	0.00		0
UHM585.41009__k141_20288_43	5	GGDEF	5	100.00	DUF5694	2
UHM607.41017__k141_50207_2	5	EamA	4	80.00	GGDEF	3
UHM564.40995__k141_29335_73	3	SelO	1	33.33	MerR	1
UHM22.35746__k141_110732_246	5	DUF3053	4	80.00	CSD	1
UHM666.41034__k141_168861_230	4	EF_TS	3	75.00	Metallophos	3
UHM72.35764__k141_69077_1	56	none	0	0.00		0
UHM666.41034__k141_75712_8	3	Thioredoxin_4	1	33.33	ABC_membrane	1
UHM633.41028__k141_330409_2	6	DUF7660	1	16.67	DUF3987	1
UHM562.40993__k141_10081_1	3	none	0	0.00		0
UHM582.41006__k141_65602_1	9	none	0	0.00		0
UHM573.40999__k141_146244_2	4	Cupin_1	3	75.00		0
UHM648.41909__k141_322756_1	3	none	0	0.00		0
UHM626.41025__k141_175165_1	3	SBP_bac_5	1	33.33		0
UHM125.35768__k141_1872_3	5	Peptidase_M24	4	80.00	ABC_membrane	1
UHM617.41023__k141_117638_5	3	HATPase_c	1	33.33		0
UHM608.41018__k141_24942_1	3	none	0	0.00		0
UHM633.41028__k141_514694_16	11	zf-CCHC	1	9.09	LRR_At5g56370	1
UHM18.35742__k141_179460_2	4	Phage_AlpA	3	75.00	AIG1	3
UHM38.35752__k141_202743_2	4	PhaG_MnhG_YufB	4	100.00		0
UHM617.41023__k141_312739_145	3	DinI	2	66.67	Peptidase_M3	1
UHM41.35756__k141_71782_5	3	Phe_tRNA-synt_N	3	100.00	TetR_N	3
UHM562.40993__k141_73750_9	3	HTH_1	1	33.33	AAA_SelU	1
UHM45.10838__k141_26815_181	3	Amidohydro_1	1	33.33	AraC_binding	1
UHM22.35745__k141_48715_2	3	E1-E2_ATPase	2	66.67	Band_7	1
UHM594.41014__k141_40885_2	4	none	0	0.00		0
UHM585.41009__k141_57001_70	8	Phage_integrase	1	12.50	GIY-YIG	1
UHM564.40995__k141_137524_104	5	SLFN_AlbA_2	1	20.00	HTH_35	1
UHM22.35747__k141_40871_15	3	DUF1801	2	66.67	Metallophos	1
UHM624.41024__k141_105679_1	3	none	0	0.00		0
UHM636.41030__k141_155967_2	7	I-set	1	14.29		0
UHM633.41028__k141_451685_5	4	Peptidase_S10	1	25.00		0
UHM38.35753__k141_206202_24	3	ComP_DUS	3	100.00	N_methyl	1
UHM102.35767__k141_198442_3	4	Integrase_H2C2	4	100.00		0
UHM633.41028__k141_183467_18	3	TetR_C_13	1	33.33	TetR_N	1
UHM20.35743__k141_2874_14	3	MFS_1	1	33.33	OmpA	1
UHM610.41019__k141_50143_1	4	none	0	0.00		0
UHM584.41008__k141_80581_1	3	none	0	0.00		0
UHM20.10828__k141_90071_1	5	B12-binding	1	20.00	Arm-DNA-bind_3	1
UHM648.41909__k141_265421_1	6	Serpin	1	16.67		0
UHM624.41024__k141_329685_5	4	NYN	2	50.00	Amidohydro_2	1
UHM608.41018__k141_59065_2	8	CSD	1	12.50		0
UHM573.40999__k141_61225_112	3	DinB_2	3	100.00	DSBA	2
UHM598.41016__k141_17267_4	4	none	0	0.00		0
UHM610.41019__k141_40999_1	4	Peptidase_M17	3	75.00	Peptidase_M17_N_1	1
UHM145.35773__k141_96717_1	3	none	0	0.00		0
UHM145.35771__k141_64864_150	3	DNA_methylase	1	33.33	Acetyltransf_1	1
UHM554.40991__k141_45945_3	7	Phage_lysozyme	6	85.71	HI1402_helical	2
UHM644.41031__k141_285843_2	3	IU_nuc_hydro	2	66.67	MCPsignal	1
UHM649.41032__k141_216157_2	3	eIF-1a	1	33.33	Xre_MbcA_ParS_C	1
UHM644.41031__k141_115386_51	3	DUF4148	2	66.67	Cation_efflux	2
UHM17.10826__k141_12662_1	6	IMPDH	1	16.67	Aminotran_1_2	1
UHM41.35757__k141_166026_92	3	none	0	0.00		0
UHM628.41026__k141_159977_1	3	none	0	0.00		0
UHM598.41016__k141_269477_1	3	none	0	0.00		0
UHM145.35773__k141_126804_1	3	Integrase_H2C2	2	66.67		0
UHM598.41016__k141_177132_15	3	none	0	0.00		0
UHM564.40995__k141_96690_2	3	Fer4	3	100.00		0
UHM644.41031__k141_227154_4	3	none	0	0.00		0
UHM633.41028__k141_491454_2	12	none	0	0.00		0
UHM636.41030__k141_73457_260	3	PCRF	3	100.00	Abhydrolase_1	2
UHM617.41023__k141_217164_1	3	none	0	0.00		0
UHM617.41023__k141_62559_6	3	none	0	0.00		0
UHM40.35755__k141_101639_1	5	none	0	0.00		0
UHM598.41016__k141_96250_56	4	MFS_1	3	75.00	ChaC	1
UHM125.35770__k141_94207_3	4	Haem_bd	2	50.00	peroxidase	1
UHM145.35771__k141_32006_2	3	BSH_CzcB	1	33.33	CarboxypepD_reg	1
UHM125.35770__k141_128054_2	4	GFO_IDH_MocA	1	25.00		0
UHM564.40995__k141_731_1	3	DUF4432	1	33.33	PseudoU_synth_2	1
UHM644.41031__k141_74235_3	3	none	0	0.00		0
UHM575.41001__k141_98040_5	6	none	0	0.00		0
UHM624.41024__k141_150119_1	4	Abhydrolase_1	1	25.00		0
UHM145.35772__k141_132435_72	4	Sf6_terminase	1	25.00	Phage_lysozyme	1
UHM38.35752__k141_125173_1	3	none	0	0.00		0
UHM615.41021__k141_92035_2	3	Arm-DNA-bind_3	1	33.33		0
UHM583.41007__k141_73467_1	5	Tubulin	3	60.00	SOS1_NGEF_PH	1
UHM578.41003__k141_64270_417	3	Glyco_transf_25	3	100.00	Fer2_3	1
UHM582.41006__k141_69535_99	4	HAMP	2	50.00	Ivy	1
UHM36.35750__k141_101499_1	7	ABC_membrane	3	42.86		0
UHM666.41034__k141_308589_1	259	PRE_C2HC	1	0.39		0
UHM565.40996__k141_38015_125	3	Phage_rep_O_C	1	33.33	Phg_2220_C	1
UHM633.41028__k141_168277_2	6	F-box	3	50.00		0
UHM45.35758__k141_134440_8	4	2Fe-2S_thioredx	3	75.00	Complex1_51K	2
UHM125.35769__k141_55134_25	4	X-Tfes_XVIPCD	4	100.00		0
UHM40.35755__k141_1565_24	3	AAA_5	1	33.33	Beta-lactamase	1
UHM17.10826__k141_181970_327	3	none	0	0.00		0
UHM628.41026__k141_76656_1	52	none	0	0.00		0
UHM564.40995__k141_126961_1	3	none	0	0.00		0
UHM45.35758__k141_99020_15	6	FGGY_C	1	16.67		0
UHM666.41034__k141_432760_1	3	tRNA-synt_1	1	33.33	AAA_31	1
UHM17.10826__k141_92838_1	3	MCPsignal	1	33.33		0
UHM590.41012__k141_12070_2	3	none	0	0.00		0
UHM145.35773__k141_258686_1	3	none	0	0.00		0
UHM145.35773__k141_185602_12	3	none	0	0.00		0
UHM145.35772__k141_62125_1	3	none	0	0.00		0
UHM573.40999__k141_72803_2	6	AAA_22	4	66.67	LIAS_N	3
UHM56.35761__k141_182114_1	3	none	0	0.00		0
UHM41.35757__k141_71638_2	3	4PPT_N	3	100.00	Response_reg	3
UHM633.41028__k141_58296_2	4	none	0	0.00		0
UHM102.35766__k141_91654_1	3	LolA	1	33.33	FtsK_4TM	1
UHM594.41014__k141_14127_39	3	Flavodoxin_2	3	100.00	Acyl-CoA_dh_2	3
UHM648.41909__k141_16129_2	3	F-box	2	66.67		0
UHM607.41017__k141_50144_8	3	HAD_2	2	66.67	2-oxogl_dehyd_N	2
UHM644.41031__k141_55377_21	4	Lig_chan-Glu_bd	2	50.00	CoA_binding	2
UHM18.10827__k141_74987_3	3	Phage_portal_2	3	100.00	GpA_ATPase	2
UHM584.41008__k141_45154_4	3	DUF883_C	2	66.67	HisKA_2	1
UHM563.40994__k141_147808_9	4	CobT	3	75.00	NYN	3
UHM36.10832__k141_142063_335	4	Peptidase_M15_3	3	75.00		0
UHM125.35770__k141_115624_1	4	GGDEF	4	100.00	GDT1	1
UHM125.35769__k141_101447_1	3	none	0	0.00		0
UHM633.41028__k141_523158_2	3	FCD	2	66.67	Na_H_Exchanger	1
UHM636.41030__k141_205969_1	4	AnkG_N	4	100.00	Methyltransf_11	1
UHM591.41013__k141_243874_1	5	DUF1759	1	20.00	DUF5641	1
UHM649.41032__k141_260052_15	7	AhpC-TSA	2	28.57	PDDEXK_2	1
UHM648.41909__k141_245089_1	4	none	0	0.00		0
UHM648.41909__k141_312404_1	3	none	0	0.00		0
UHM22.35747__k141_85245_91	3	Rce1-like	2	66.67	PLDc_2	1
UHM626.41025__k141_259703_49	7	5-FTHF_cyc-lig	7	100.00	EVE	4
UHM102.10840__k141_76435_2	4	AraC_binding	1	25.00	AIG1	1
UHM145.35771__k141_113712_21	7	SCO1-SenC	6	85.71	DUF4442	5
UHM56.35760__k141_95007_1	6	RVT_1	1	16.67		0
UHM649.41032__k141_28848_2	4	DUF305	3	75.00	adh_short	1
UHM610.41019__k141_273247_1	6	Glucan_synthase	1	16.67		0
UHM634.41029__k141_252500_2	3	DUF3817	1	33.33	HTH_20	1
UHM125.35769__k141_256342_1	3	Terminase_3	3	100.00		0
UHM590.41012__k141_165385_3	3	ATP-grasp	2	66.67		0
UHM577.41002__k141_136933_1	5	DEAD	4	80.00		0
UHM575.41001__k141_47333_2	3	Molybdopterin	1	33.33		0
UHM656.41033__k141_36883_2	3	TonB_C	2	66.67		0
UHM615.41021__k141_9942_5	6	GerE	4	66.67	DUF892	3
UHM585.41009__k141_136634_1	5	tRNA-synt_2	4	80.00		0
UHM22.35747__k141_75775_134	4	NinB	2	50.00	DUF4406	1
UHM102.35767__k141_118941_4	3	MS_channel_1st	3	100.00	2-Hacid_dh	3
UHM72.35763__k141_54811_51	3	His_kinase	2	66.67	OMP_b-brl	2
UHM634.41029__k141_166435_1	5	none	0	0.00		0
UHM590.41012__k141_59779_5	3	none	0	0.00		0
UHM40.35754__k141_58103_14	3	Peptidase_S8	2	66.67	DUF2231	2
UHM649.41032__k141_217738_53	4	MS_channel_2nd	2	50.00	PMSR	1
UHM598.41016__k141_107996_1	3	none	0	0.00		0
UHM17.35740__k141_114997_17	3	ATP-synt_ab	2	66.67	ATP-synt_DE_N	2
UHM583.41007__k141_131788_1	3	TetR_N	3	100.00	Big_3_5	1
UHM145.35772__k141_122758_2	4	DNA_methylase	1	25.00		0
UHM17.10826__k141_129408_2	3	FAA_hydrolase	1	33.33		0
UHM581.41005__k141_155007_3	3	NicO	2	66.67	Gly_transporter	1
UHM644.41031__k141_283992_220	5	Metallophos	5	100.00	TonB_C	2
UHM633.41028__k141_237634_9	5	none	0	0.00		0
UHM582.41006__k141_42945_1	3	none	0	0.00		0
UHM628.41026__k141_275673_109	3	Polyketide_cyc2	3	100.00		0
UHM580.41004__k141_100129_8	3	HTH_26	3	100.00	Sigma70_r1_2	2
UHM145.35773__k141_260528_2	4	Sugar-bind	2	50.00		0
UHM634.41029__k141_178109_1	3	Sigma70_r2	2	66.67		0
UHM580.41004__k141_97648_9	4	CcmB	1	25.00	AAA	1
UHM45.10838__k141_51323_3	4	Asp23	4	100.00		0
UHM636.41030__k141_28588_3	3	MT-A70	3	100.00		0
UHM125.35770__k141_151757_2	3	none	0	0.00		0
UHM125.35770__k141_103686_86	3	DUF808	1	33.33	SRAP	1
UHM563.40994__k141_130094_80	3	cNMP_binding	2	66.67	HD	1
UHM564.40995__k141_14143_2	4	TraG-D_C	1	25.00	Couple_hipA	1
UHM56.35761__k141_28548_2	5	RT_RNaseH	1	20.00	RVT_1	1
UHM125.35770__k141_126733_4	3	none	0	0.00		0
UHM56.35760__k141_92416_1	3	DUF421	2	66.67		0
UHM590.41012__k141_219665_1	5	none	0	0.00		0
UHM38.35752__k141_103837_1	4	Acetyltransf_1	2	50.00	BCCT	1
UHM626.41025__k141_256519_1	4	SusD-like	1	25.00	Lactamase_B	1
UHM585.41009__k141_57113_1	3	RcpC	2	66.67		0
UHM633.41028__k141_421161_3	3	FA_desaturase	1	33.33		0
UHM38.35752__k141_5674_1	6	DUF3419	2	33.33	Glyco_hydro_25	2
UHM72.35762__k141_17104_202	5	DUF34_NIF3	5	100.00	Abhydrolase_1	3
UHM617.41023__k141_15087_1	4	ANKFN1_mid	1	25.00	ANKFN1_ab	1
UHM633.41028__k141_415863_6	3	adh_short	2	66.67	ANF_receptor	1
UHM577.41002__k141_159009_1	3	DUF6766	1	33.33	Aminoglyc_resit	1
UHM633.41028__k141_47689_5	3	none	0	0.00		0
UHM72.35763__k141_43976_230	4	YdjC	3	75.00	DXP_synthase_N	2
UHM31.35749__k141_19409_1	14	none	0	0.00		0
UHM145.35771__k141_7553_399	3	AAA	3	100.00	DUF2345	2
UHM31.35748__k141_39427_1	9	DUF2510	3	33.33	CHAT	2
UHM649.41032__k141_73006_1	5	His_kinase	2	40.00	ketoacyl-synt	1
UHM573.40999__k141_95962_1	3	none	0	0.00		0
UHM570.40997__k141_34058_9	3	TrkA_C	3	100.00	ABC2_membrane	3
UHM578.41003__k141_66564_9	14	VKOR	3	21.43	HTH_18	1
UHM632.41027__k141_41968_2	5	ILVD_EDD_N	4	80.00		0
UHM575.41001__k141_241489_258	4	Phage_CII	3	75.00	Phage_rep_O	3
UHM632.41027__k141_78574_1	3	none	0	0.00		0
UHM648.41909__k141_301056_6	3	Lant_dehydr_N	2	66.67	HTH_18	2
UHM22.35746__k141_87645_1	3	PBP_like_2	2	66.67	Flavoprotein	1
UHM581.41005__k141_22938_1	3	none	0	0.00		0
UHM20.35744__k141_188732_1	4	none	0	0.00		0
UHM20.35744__k141_4492_9	3	Rubrerythrin	2	66.67	B3_4	2
UHM20.10828__k141_19195_1	5	Sigma70_r2	3	60.00	ABC_sub_bind	3
UHM18.35742__k141_76788_1	3	RVT_1	1	33.33		0
UHM20.35744__k141_113571_12	3	Peptidase_C93	3	100.00	HNH	3
UHM72.35762__k141_68511_6	4	Response_reg	4	100.00	Beta-barrel_CAF17_C	1
UHM145.35772__k141_102139_130	3	Laminin_G_3	1	33.33	DUF4249	1
UHM633.41028__k141_491882_1	3	none	0	0.00		0
UHM125.35770__k141_2257_1	3	none	0	0.00		0
UHM598.41016__k141_287223_1	3	none	0	0.00		0
UHM40.10834__k141_50022_9	3	Peptidase_M23	1	33.33	BcrAD_BadFG	1
UHM648.41909__k141_40870_1	3	none	0	0.00		0
UHM18.10827__k141_113227_2	3	none	0	0.00		0
UHM587.41011__k141_151757_13	4	FKBP_C	3	75.00	YjdM	2
UHM18.10827__k141_67476_1	6	none	0	0.00		0
UHM125.35768__k141_135671_42	6	Sigma70_r2	2	33.33	DUF1375	1
UHM582.41006__k141_43378_437	3	none	0	0.00		0
UHM628.41026__k141_150375_2	7	none	0	0.00		0
UHM125.35770__k141_238580_2	3	Integrase_H2C2	1	33.33		0
UHM633.41028__k141_509332_2	3	RlmL_1st	2	66.67	MFS_1	1
UHM18.35742__k141_217805_2	5	RT_RNaseH	1	20.00		0
UHM648.41909__k141_10592_1	3	none	0	0.00		0
UHM633.41028__k141_349481_1	3	none	0	0.00		0
UHM558.40992__k141_28088_40	4	Pantoate_transf	4	100.00	Thx	3
UHM636.41030__k141_228262_1	4	none	0	0.00		0
UHM617.41023__k141_197468_2	4	SDH_alpha	3	75.00	LptD	3
UHM648.41909__k141_95137_1	3	none	0	0.00		0
UHM607.41017__k141_109143_1	3	none	0	0.00		0
UHM649.41032__k141_173703_11	3	Amidase_3	1	33.33		0
UHM628.41026__k141_212835_24	3	AAA_25	1	33.33	Terminase_6N	1
UHM41.35756__k141_38774_1	3	BATS	1	33.33		0
UHM633.41028__k141_99252_2	4	none	0	0.00		0
UHM583.41007__k141_3354_2	4	Dabb	4	100.00	FumaraseC_C	2
UHM577.41002__k141_26814_1	3	PspA_IM30	2	66.67		0
UHM644.41031__k141_308662_4	3	PFK	1	33.33	TENA_THI-4	1
UHM591.41013__k141_124334_2	3	Ku	2	66.67		0
UHM125.35769__k141_202849_98	4	Molybdopterin	1	25.00	HycI	1
UHM626.41025__k141_151410_37	3	none	0	0.00		0
UHM125.35770__k141_275504_1	3	LprI	2	66.67	HTH_18	1
UHM564.40995__k141_97878_1	3	none	0	0.00		0
UHM41.35757__k141_186035_4	3	none	0	0.00		0
UHM616.41022__k141_70454_1	3	Methyltransf_11	1	33.33		0
UHM633.41028__k141_189385_8	3	MACPF	3	100.00		0
UHM145.35772__k141_133216_1	3	none	0	0.00		0
UHM31.35749__k141_141607_2	6	PyocinActivator	1	16.67	HTH_17	1
UHM598.41016__k141_233309_21	3	CMD	3	100.00	EAL	2
UHM572.40998__k141_59654_2	7	DUF930	5	71.43	SBP_bac_1	4
UHM633.41028__k141_119721_1	4	none	0	0.00		0
UHM610.41019__k141_101959_16	5	none	0	0.00		0
UHM649.41032__k141_388936_2	4	Oxidored_molyb	1	25.00	EamA	1
UHM580.41004__k141_94442_13	7	HTH_1	1	14.29	2OG-FeII_Oxy_2	1
UHM145.35771__k141_33181_1	6	none	0	0.00		0
UHM22.35747__k141_82230_1	4	Glucokinase	3	75.00	HgmA_C	1
UHM574.41000__k141_136220_349	7	COX1	7	100.00	CtaG_Cox11	7
UHM633.41028__k141_54883_1	3	LGFP	1	33.33		0
UHM36.35750__k141_93426_4	6	DUF2345	1	16.67		0
UHM20.35743__k141_100456_3	4	none	0	0.00		0
UHM666.41034__k141_239688_1	3	none	0	0.00		0
UHM633.41028__k141_386247_2	3	none	0	0.00		0
UHM594.41014__k141_92435_2	8	HCNGP	1	12.50		0
UHM31.35749__k141_74589_5	3	none	0	0.00		0
UHM38.35753__k141_280293_66	3	Abhydrolase_6	1	33.33	ACP_syn_III	1
UHM572.40998__k141_11592_1	3	CBM_14	1	33.33		0
UHM649.41032__k141_365061_4	4	none	0	0.00		0
UHM564.40995__k141_174918_5	3	T6SS_HCP	1	33.33	DUF4225	1
UHM648.41909__k141_381138_109	7	Phage_lysozyme	7	100.00		0
UHM591.41013__k141_207895_1	3	none	0	0.00		0
UHM636.41030__k141_326877_1	3	none	0	0.00		0
UHM125.35769__k141_138095_12	4	HGTP_anticodon	4	100.00	IMS	3
UHM41.35757__k141_124267_1	3	none	0	0.00		0
UHM41.35756__k141_12206_3	3	DUF805	1	33.33		0
UHM648.41909__k141_230039_2	3	none	0	0.00		0
UHM611.41020__k141_108286_9	5	HTH_26	5	100.00	FtsX	4
UHM17.35740__k141_79012_1	6	none	0	0.00		0
UHM636.41030__k141_323709_57	3	GTP-eEF1A_C	2	66.67		0
UHM582.41006__k141_32305_1	3	none	0	0.00		0
UHM17.35740__k141_4579_1	4	none	0	0.00		0
UHM72.35764__k141_92575_1	3	none	0	0.00		0
UHM38.35752__k141_105972_17	6	Fumerase	6	100.00	Gate	2
UHM633.41028__k141_386598_6	5	none	0	0.00		0
UHM587.41011__k141_99562_42	3	DUF4124	3	100.00	Epimerase	3
UHM36.10832__k141_63248_2	3	Chromo	1	33.33		0
UHM617.41023__k141_236512_42	3	DUF4412	1	33.33	CDP-OH_P_transf	1
UHM570.40997__k141_13877_35	4	PAAR_motif	1	25.00	HxlR	1
UHM628.41026__k141_190184_1	3	none	0	0.00		0
UHM31.35748__k141_95784_1	4	none	0	0.00		0
UHM565.40996__k141_97074_223	3	HTH_3	3	100.00	GST_C_4	1
UHM18.10827__k141_89317_1	6	ACR_tran	3	50.00	Acyl-CoA_dh_1	3
UHM575.41001__k141_17203_1	3	PAS	2	66.67	DUF6436	2
UHM145.35772__k141_62540_3	4	Phage_lysozyme	2	50.00		0
UHM633.41028__k141_75409_5	4	none	0	0.00		0
UHM644.41031__k141_116421_1	3	Urease_alpha	1	33.33		0
UHM578.41003__k141_45476_2	4	none	0	0.00		0
UHM36.35751__k141_1261_4	3	Transgly_assoc	2	66.67	Fe-S_biosyn	1
UHM38.10833__k141_7552_2	3	Laminin_G_3	2	66.67		0
UHM125.35769__k141_20843_1	6	Gypsy	3	50.00	RT_RNaseH	2
UHM607.41017__k141_100765_2	7	Acetyltransf_1	4	57.14	DCC1-like	2
UHM624.41024__k141_490305_2	3	HTH_1	1	33.33	adh_short	1
UHM648.41909__k141_120943_3	3	GntR	3	100.00	AAA_21	3
UHM598.41016__k141_52096_1	3	none	0	0.00		0
UHM626.41025__k141_292199_1	3	Cpn10	1	33.33		0
UHM649.41032__k141_345958_1	4	SRAP	1	25.00		0
UHM72.35762__k141_80624_12	3	Response_reg	2	66.67	3HCDH_N	1
UHM562.40993__k141_128252_533	3	Aldedh	2	66.67	SBF	1
UHM634.41029__k141_155934_2	4	none	0	0.00		0
UHM626.41025__k141_18521_82	4	HTTM	1	25.00	Beta-lactamase	1
UHM20.10828__k141_78927_1	4	none	0	0.00		0
UHM573.40999__k141_154665_2	4	IPPT	1	25.00	DUF2007	1
UHM56.35760__k141_21505_1	3	none	0	0.00		0
UHM563.40994__k141_117830_1	5	TerL_ATPase	4	80.00	DUF4062	1
UHM22.35747__k141_45411_3	7	SnoaL	1	14.29	DUF4344	1
UHM125.35768__k141_77665_69	3	MscL	1	33.33	ClpB_D2-small	1
UHM41.35756__k141_116221_4	5	GNVR	3	60.00	Methyltransf_11	2
UHM20.10828__k141_148520_1	3	Fic	1	33.33		0
UHM17.35739__k141_91400_1	3	Lactamase_B	3	100.00	Aminotran_4	1
UHM598.41016__k141_255954_27	3	LytTR	3	100.00	GH43_C2	2
UHM648.41909__k141_16631_2	3	TIL	1	33.33		0
UHM145.35771__k141_76289_916	4	Acyl_LnsA	1	25.00	Mrr_cat	1
UHM17.35740__k141_40898_1	10	none	0	0.00		0
UHM102.35766__k141_69770_1	4	FMN_dh	3	75.00	PhdYeFM_antitox	1
UHM563.40994__k141_93790_1	3	TAGT	3	100.00	Terminase_2	2
UHM38.35753__k141_129951_38	3	DAO	2	66.67	GSDH	2
UHM102.35766__k141_164526_5	4	tRNA-synt_2e	4	100.00	LemA	2
UHM648.41909__k141_298793_3	9	zf-C2H2	1	11.11		0
UHM632.41027__k141_204047_1	4	none	0	0.00		0
UHM626.41025__k141_228722_2	3	Cytochrom_C	2	66.67	RHS_repeat	1
UHM554.40991__k141_175263_3	4	Bac_luciferase	4	100.00		0
UHM633.41028__k141_441808_93	4	DUF4010	2	50.00	HTH_20	1
UHM22.35746__k141_50844_3	3	GATase	2	66.67	Chorismate_bind	2
UHM583.41007__k141_13957_11	4	PNP_UDP_1	1	25.00	Glyoxalase_3	1
UHM565.40996__k141_7065_1	3	LacI	1	33.33	Peripla_BP_3	1
UHM594.41014__k141_42759_7	3	AAA	1	33.33		0
UHM624.41024__k141_495945_75	3	LTXXQ	2	66.67	MS_channel_1st	1
UHM633.41028__k141_211997_18	3	Cation_ATPase	3	100.00		0
UHM633.41028__k141_63271_1	3	CMD	3	100.00		0
UHM648.41909__k141_306308_7	6	none	0	0.00		0
UHM648.41909__k141_300367_1	3	PIG-L	2	66.67		0
UHM40.35755__k141_1131_1	3	none	0	0.00		0
UHM610.41019__k141_75300_43	3	none	0	0.00		0
UHM125.35768__k141_105664_1	7	TerL_ATPase	6	85.71	Phage_portal	6
UHM570.40997__k141_13801_5	4	HTH_1	2	50.00	DUF1349	2
UHM581.41005__k141_41923_2	6	Tlde1_dom	1	16.67	HAMP	1
UHM632.41027__k141_117339_1	4	none	0	0.00		0
UHM563.40994__k141_79452_2	3	DUF4178	3	100.00	AdoMet_dc	3
UHM18.35741__k141_23604_18	3	none	0	0.00		0
UHM649.41032__k141_384588_2	4	DUF2147	1	25.00		0
UHM581.41005__k141_62716_25	3	RNase_E_G	3	100.00	Bac_DNA_binding	1
UHM666.41034__k141_104895_2	4	3HCDH	4	100.00	Usp	3
UHM628.41026__k141_99253_5	6	DUF6481	2	33.33	Aminotran_1_2	2
UHM617.41023__k141_271453_2	4	NADHdh	4	100.00	Fer4	3
UHM38.35753__k141_97620_113	3	Relaxase	2	66.67	DEAD	1
UHM72.35762__k141_77223_19	3	NikA-like	3	100.00	DUF932	3
UHM649.41032__k141_228525_1	4	2_5_RNA_ligase2	2	50.00	Lipase_GDSL	1
UHM580.41004__k141_164420_2	4	Flavin_Reduct	3	75.00	CMD	1
UHM38.10833__k141_9939_1	5	GFA	1	20.00	tRNA_edit	1
UHM648.41909__k141_261324_2	5	none	0	0.00		0
UHM610.41019__k141_326037_9	3	Ig_CycH	3	100.00	2-Hacid_dh	2
UHM636.41030__k141_219722_1	3	none	0	0.00		0
UHM610.41019__k141_55236_4	11	DUF3077	9	81.82	HNH	1
UHM18.35742__k141_67892_1	5	none	0	0.00		0
UHM125.35770__k141_201051_1	4	none	0	0.00		0
UHM125.35770__k141_141854_1	3	none	0	0.00		0
UHM583.41007__k141_32780_61	5	Arginase	4	80.00	Ank	3
UHM38.35753__k141_123370_3	7	Beta-lactamase	6	85.71	Penicil_amidase	3
UHM587.41011__k141_153271_280	5	Aldo_ket_red	1	20.00	DJ-1_PfpI	1
UHM632.41027__k141_106074_3	3	HbpS-like	3	100.00	DUF6862	1
UHM617.41023__k141_96112_1	3	gag-asp_proteas	1	33.33	DUF1759	1
UHM45.35759__k141_31874_160	3	SusD-like	3	100.00	ROK	3
UHM38.35752__k141_172095_49	8	Sod_Fe_C	5	62.50	DUF2784	3
UHM17.10826__k141_294108_3	3	LysC	1	33.33		0
UHM616.41022__k141_47011_44	3	AAT	2	66.67	CHASE3	1
UHM31.35748__k141_79877_2	3	DUF7847	2	66.67	CON_HrpB	2
UHM125.35770__k141_267826_661	8	Ribonuc_L-PSP	6	75.00	Transgly	3
UHM608.41018__k141_87196_2	4	Acetyltransf_1	1	25.00	DUF2388	1
UHM633.41028__k141_16805_13	4	LtrA	4	100.00		0
UHM22.35745__k141_37191_2	3	Radical_SAM	2	66.67		0
UHM634.41029__k141_36827_2	3	none	0	0.00		0
UHM102.10840__k141_31568_14	3	Hydantoinase_B	1	33.33	FAD_binding_2	1
UHM72.35762__k141_53399_78	4	COX1	4	100.00	Cytochrome_CBB3	3
UHM125.35770__k141_131688_3	3	none	0	0.00		0
UHM22.35747__k141_40848_3	5	Zn_peptidase	2	40.00	DUF2478	1
UHM633.41028__k141_380425_1	3	HTH_18	1	33.33	RecC_4th	1
UHM598.41016__k141_181655_2	4	none	0	0.00		0
UHM22.35746__k141_98658_3	3	SusD-like	1	33.33	DUF4397	1
UHM20.10828__k141_11121_3	5	RP-C	2	40.00	Glycos_trans_3N	1
UHM45.35759__k141_13939_1	4	FHIPEP	1	25.00		0
UHM72.35762__k141_82280_623	4	SMI1_KNR4	3	75.00	FG-GAP_3	1
UHM598.41016__k141_188944_1	3	zf-C2H2	1	33.33		0
UHM554.40991__k141_171652_3	6	GST_C	1	16.67	3HCDH_N	1
UHM628.41026__k141_32039_27	3	EAL	3	100.00	Glu_synthase	1
UHM574.41000__k141_74932_9	15	Response_reg	3	20.00	HATPase_c	2
UHM608.41018__k141_65268_33	3	Acetyltransf_1	3	100.00	MbnB_TglH_ChrH	3
UHM125.35769__k141_717_6	3	none	0	0.00		0
UHM626.41025__k141_123269_3	10	ABC_membrane	8	80.00	SAM_HAT_C	6
UHM45.35758__k141_152201_1	3	Shikimate_dh_N	1	33.33	Clp_N	1
UHM656.41033__k141_237073_1	6	HATPase_c	3	50.00	Acetyltransf_1	2
UHM598.41016__k141_81021_7	3	Terminase_6C	1	33.33	DDE_Tnp_1	1
UHM41.10835__k141_21876_6	6	LysR_substrate	6	100.00	PspC	4
UHM17.35739__k141_31280_14	3	HSP70	3	100.00	DUF222	2
UHM610.41019__k141_124195_1	3	none	0	0.00		0
UHM648.41909__k141_314342_4	3	Lectin_C	1	33.33		0
UHM102.35767__k141_97692_1	3	Anticodon_1	1	33.33	Usp	1
UHM656.41033__k141_176756_2	3	Plug	3	100.00	Glyoxalase	2
UHM575.41001__k141_228469_1	3	HTH_IclR	1	33.33	RbsD_FucU	1
UHM36.35751__k141_50034_1	3	GH3	2	66.67		0
UHM17.10826__k141_226779_5	3	MFS_1	2	66.67		0
UHM36.10832__k141_32832_318	3	none	0	0.00		0
UHM656.41033__k141_135447_2	3	RVT_1	1	33.33		0
UHM648.41909__k141_217487_1	3	none	0	0.00		0
UHM577.41002__k141_172473_27	4	none	0	0.00		0
UHM598.41016__k141_121094_2	3	none	0	0.00		0
UHM572.40998__k141_126101_7	4	none	0	0.00		0
UHM40.10834__k141_84248_37	20	HTH_20	12	60.00	HTH_3	4
UHM633.41028__k141_502073_12	3	EryCIII-like_C	2	66.67		0
UHM570.40997__k141_5681_30	5	ApbA	4	80.00		0
UHM41.10835__k141_9308_38	4	CSD	4	100.00	DUF805	4
UHM554.40991__k141_32527_4	3	DUF892	3	100.00		0
UHM582.41006__k141_30706_3	6	Arr-ms	1	16.67		0
UHM586.41010__k141_37072_1	3	FA_desaturase	1	33.33	Dioxygenase_C	1
UHM40.10834__k141_18635_2	5	UDG	2	40.00	Sulfatase	1
UHM590.41012__k141_155575_4	3	DEAD	2	66.67	HTH_36	1
UHM563.40994__k141_62064_193	3	HTH_1	1	33.33	PAAR_motif	1
UHM563.40994__k141_13037_1	3	AAA	1	33.33	Ank	1
UHM644.41031__k141_272201_32	3	GAF	2	66.67		0
UHM648.41909__k141_406085_2	3	none	0	0.00		0
UHM41.10835__k141_45144_54	5	Methyltransf_30	5	100.00		0
UHM40.35755__k141_26575_5	3	DNA_methylase	1	33.33	DUF5131	1
UHM591.41013__k141_148649_4	3	none	0	0.00		0
UHM38.35752__k141_174295_2	6	none	0	0.00		0
UHM125.35769__k141_136185_39	3	TatA_B_E	3	100.00	AAA_31	1
UHM590.41012__k141_166942_1	3	none	0	0.00		0
UHM554.40991__k141_119502_74	6	Abhydrolase_1	4	66.67	Beta-barrel_RND	1
UHM607.41017__k141_140977_81	3	BSH_CzcB	2	66.67	DAO	1
UHM45.35758__k141_2661_119	5	Ppnp	3	60.00	YagK_YfjJ_C	2
UHM610.41019__k141_266160_1	3	DUF2975	2	66.67	Sigma70_r1_2	2
UHM649.41032__k141_151089_4	5	ICL	4	80.00	HTH_19	3
UHM72.35762__k141_54430_2	3	none	0	0.00		0
UHM18.35742__k141_145724_2	3	none	0	0.00		0
UHM563.40994__k141_15396_41	5	DUF4189	3	60.00	Ribonuc_L-PSP	1
UHM565.40996__k141_69796_3	3	DUF2789	2	66.67		0
UHM648.41909__k141_345150_419	9	GldC-like	8	88.89	Lipocalin_2	4
UHM598.41016__k141_98426_5	3	none	0	0.00		0
UHM40.10834__k141_114406_1	3	none	0	0.00		0
UHM649.41032__k141_397960_1	4	none	0	0.00		0
UHM590.41012__k141_203333_2	4	Glyco_hydro_108	2	50.00	ketoacyl-synt	1
UHM563.40994__k141_107774_198	7	Phage_CP76	7	100.00	YdaS_toxin	1
UHM31.35748__k141_125612_5	3	YARHG	3	100.00	Amidase_3	2
UHM666.41034__k141_441361_54	3	DUF2817	2	66.67	Peptidase_M14	1
UHM18.35741__k141_26280_3	10	MFS_1	4	40.00	DUF1428	3
UHM598.41016__k141_105966_1	4	CPSase_L_D1	2	50.00	ATP-grasp	1
UHM17.35740__k141_142338_2	4	Gag_N	1	25.00		0
UHM632.41027__k141_187667_1	3	BolA	3	100.00		0
UHM617.41023__k141_309004_2	4	GapR_DNA-bd	3	75.00	Ribonuclease_T2	1
UHM17.10826__k141_36241_111	5	CusF_Ec	2	40.00	RCC1	2
UHM632.41027__k141_200596_13	3	ParE_toxin	3	100.00	Beta-barrel_SelB	1
UHM644.41031__k141_309447_3	3	HTH_19	1	33.33	Esterase	1
UHM617.41023__k141_53384_7	4	none	0	0.00		0
UHM617.41023__k141_247300_2	3	DUF1949	2	66.67	Cellulase	2
UHM656.41033__k141_322486_2	4	HAAS	2	50.00	HATPase_c	1
UHM72.35762__k141_99449_2	3	EAL	2	66.67	adh_short	1
UHM626.41025__k141_226874_90	3	FCD	2	66.67		0
UHM72.35764__k141_15018_101	4	CTP_synth_N	1	25.00	CarboxypepD_reg	1
UHM582.41006__k141_53876_119	3	DUF4302	3	100.00	Sigma70_r2	1
UHM18.35742__k141_7004_148	3	EAL	1	33.33		0
UHM617.41023__k141_187337_1	6	none	0	0.00		0
UHM573.40999__k141_175538_1	3	none	0	0.00		0
UHM22.35747__k141_16494_3	3	Resolvase	1	33.33	PLDc_2	1
UHM666.41034__k141_91695_2	3	Integrase_H2C2	1	33.33	Baculo_F	1
UHM633.41028__k141_490218_1	3	none	0	0.00		0
UHM633.41028__k141_473219_3	3	none	0	0.00		0
UHM587.41011__k141_3047_2	15	Peptidase_C93	2	13.33	GHMP_kinases_C	2
UHM610.41019__k141_235861_2	5	tRNA-synt_2e	2	40.00		0
UHM598.41016__k141_216715_2	5	MACPF	3	60.00		0
UHM607.41017__k141_33642_3	3	none	0	0.00		0
UHM577.41002__k141_55687_5	3	AraC_binding	1	33.33		0
UHM586.41010__k141_83869_1	3	none	0	0.00		0
UHM41.10835__k141_26451_16	4	SCO1-SenC	2	50.00	Beta-barrel_RND_2	1
UHM578.41003__k141_6823_3	3	HTH_18	1	33.33		0
UHM145.35771__k141_99105_1	3	DUF4236	2	66.67	Hydrolase_3	1
UHM18.35742__k141_137349_1	5	none	0	0.00		0
UHM563.40994__k141_58311_9	4	AAA_11	4	100.00		0
UHM72.35762__k141_100444_13	10	Ribosomal_L9_C	4	40.00	HAD_2	4
UHM20.35744__k141_92169_1	3	none	0	0.00		0
UHM644.41031__k141_165107_5	3	Methyltr_RsmB-F	3	100.00	MarC	2
UHM575.41001__k141_166763_4	3	none	0	0.00		0
UHM31.35748__k141_12220_3	3	DUF6443	3	100.00	AbpB_N	1
UHM598.41016__k141_193650_3	6	F-box	1	16.67		0
UHM633.41028__k141_51125_2	3	Phage_holin_4_2	3	100.00	TerC	3
UHM585.41009__k141_69290_1	3	DCD	3	100.00	DFP	2
UHM608.41018__k141_73550_5	3	GerE	3	100.00	HATPase_c	2
UHM586.41010__k141_102975_1	5	PRE_C2HC	1	20.00		0
UHM577.41002__k141_120587_2	3	Acetyltransf_5	2	66.67	ANF_receptor	1
UHM648.41909__k141_105575_1	4	none	0	0.00		0
UHM584.41008__k141_27347_2	3	Integrase_H2C2	3	100.00		0
UHM666.41034__k141_205299_2	4	HTH_3	1	25.00		0
UHM633.41028__k141_193113_18	3	none	0	0.00		0
UHM575.41001__k141_247192_19	3	HemN_C	3	100.00	TraB_PrgY_gumN	2
UHM633.41028__k141_474947_1	3	none	0	0.00		0
UHM607.41017__k141_130001_2	6	Methyltransf_10	3	50.00	DUF2130	2
UHM41.35757__k141_107728_3	5	Exo_endo_phos	1	20.00	Exo_endo_phos_2	1
UHM22.35747__k141_108314_9	3	Sigma70_ECF	3	100.00	PDZ	2
UHM598.41016__k141_275110_2	3	CDC24_OB3	2	66.67	OEP	2
UHM125.35770__k141_256979_1	6	none	0	0.00		0
UHM607.41017__k141_43816_1	23	none	0	0.00		0
UHM608.41018__k141_54786_436	3	CarbopepD_reg_2	1	33.33	ABC2_membrane	1
UHM102.35767__k141_134505_2	3	Integrase_H2C2	1	33.33		0
UHM40.10834__k141_120979_1	3	Inhibitor_I78	1	33.33	SMI1_KNR4	1
UHM666.41034__k141_329342_23	3	HemolysinCabind	1	33.33	SHOCT	1
UHM563.40994__k141_134999_197	3	HTH_1	1	33.33	MFS_1	1
UHM38.35753__k141_150095_2	7	GldC-like	6	85.71	DEAD	3
UHM563.40994__k141_104042_2	3	AAA_22	3	100.00	CBU_0592	1
UHM649.41032__k141_30695_2	3	HTH_27	3	100.00		0
UHM626.41025__k141_300281_1	3	none	0	0.00		0
UHM565.40996__k141_2612_23	6	DNA_binding_1	6	100.00	DUF3016	1
UHM17.10826__k141_218770_10	4	PapC_N	4	100.00	PapB	2
UHM582.41006__k141_8455_2	4	GST_C_3	3	75.00	Fumerase	3
UHM648.41909__k141_317013_1	6	Exo_endo_phos_2	1	16.67		0
UHM562.40993__k141_175554_2	3	Methyltransf_11	3	100.00	DEAD	2
UHM666.41034__k141_324812_1	4	none	0	0.00		0
UHM45.35758__k141_56904_2	8	FCD	4	50.00	HTH_1	4
UHM40.35754__k141_94591_9	3	MCPsignal	3	100.00		0
UHM633.41028__k141_135515_2	5	F-box	1	20.00		0
UHM649.41032__k141_39053_2	3	ACCA	3	100.00	Glyoxalase	3
UHM633.41028__k141_76277_1	3	none	0	0.00		0
UHM31.35749__k141_87558_1	5	none	0	0.00		0
UHM125.35770__k141_91740_1	6	none	0	0.00		0
UHM22.35746__k141_64785_1	22	none	0	0.00		0
UHM31.10830__k141_54818_1	3	Aldose_epim	1	33.33		0
UHM583.41007__k141_39554_3	3	CBM77	2	66.67	LemA	2
UHM572.40998__k141_59136_188	3	PspA_IM30	1	33.33	PLDc_N	1
UHM633.41028__k141_273791_1	6	PhdYeFM_antitox	2	33.33		0
UHM38.35752__k141_164593_8	6	LytTR	5	83.33	AAA_21	1
UHM45.35758__k141_90521_24	6	Curlin_rpt	5	83.33	CsgE	2
UHM558.40992__k141_29766_166	3	none	0	0.00		0
UHM574.41000__k141_166048_6	3	Ferritin	2	66.67	Sulfate_transp	2
UHM633.41028__k141_25996_6	4	GILT	3	75.00		0
UHM573.40999__k141_34567_76	3	none	0	0.00		0
UHM125.35768__k141_140544_11	6	dCMP_cyt_deam_1	3	50.00		0
UHM578.41003__k141_15695_28	4	4HBT	3	75.00	Zn_ribbon_3	2
UHM633.41028__k141_308368_2	3	none	0	0.00		0
UHM56.35760__k141_76813_9	4	HTH_17	2	50.00	DUF4224	1
UHM565.40996__k141_25764_10	5	Phage_lysozyme	5	100.00		0
UHM18.35742__k141_124978_2	4	none	0	0.00		0
UHM145.35772__k141_62125_2	11	Lipocalin_2	1	9.09	NMT1	1
UHM40.10834__k141_57040_3	6	none	0	0.00		0
UHM610.41019__k141_3843_54	5	E1-E2_ATPase	5	100.00	HMA	4
UHM648.41909__k141_134892_1	3	none	0	0.00		0
UHM20.10828__k141_166600_42	3	HTH_3	1	33.33		0
UHM633.41028__k141_168870_2	3	none	0	0.00		0
UHM626.41025__k141_39009_62	3	MFS_1	1	33.33		0
UHM628.41026__k141_66797_2	5	none	0	0.00		0
UHM581.41005__k141_87994_1	3	none	0	0.00		0
UHM649.41032__k141_285888_2	3	Baculo_F	2	66.67		0
UHM36.35751__k141_61720_1	4	Amidohydro_1	1	25.00	Bestrophin_2	1
UHM626.41025__k141_260476_2	4	Hexapep	1	25.00	SBP_bac_5	1
UHM608.41018__k141_87676_1	3	none	0	0.00		0
UHM125.35769__k141_283365_1	4	none	0	0.00		0
UHM648.41909__k141_408211_2	3	Dimer_Tnp_hAT	2	66.67		0
UHM590.41012__k141_50138_20	3	FtsX	3	100.00	Biotin_lipoyl	2
UHM633.41028__k141_220593_1	3	LplA-B_cat	1	33.33	ACCA	1
UHM587.41011__k141_143200_1	5	NYN_YacP	2	40.00	ANAPC4_WD40	2
UHM634.41029__k141_189460_3	3	RdgC	1	33.33		0
UHM634.41029__k141_108817_58	6	Helicase_C	2	33.33	DEAD	1
UHM626.41025__k141_84324_2	3	HEPN	2	66.67		0
UHM22.35746__k141_92253_60	3	SU10_adaptor	3	100.00	VF_A0006	1
UHM41.35757__k141_37742_1	6	DUF1759	1	16.67		0
UHM72.35762__k141_114001_2	5	Y1_Tnp	5	100.00	Gly-zipper_YMGG	1
UHM626.41025__k141_15484_22	3	NlpE	1	33.33	HSDR_N	1
UHM17.10826__k141_76599_29	6	TetR_C_2	3	50.00	DUF6998	2
UHM628.41026__k141_252197_2	3	Bac_rhamnosid	2	66.67	TetR_N	2
UHM20.35743__k141_1355_48	3	ACOX_C_alpha1	2	66.67	OsmC	1
UHM40.35755__k141_117008_247	3	DUF3566	3	100.00	bPH_2	1
UHM102.35767__k141_94076_1	3	Integrase_H2C2	1	33.33		0
UHM632.41027__k141_16511_31	3	PMSR	3	100.00	Aminotran_1_2	2
UHM633.41028__k141_71083_1	5	CobN-Mg_chel	1	20.00	Phage_base_V	1
UHM648.41909__k141_53828_2	5	none	0	0.00		0
UHM38.35752__k141_2835_2	3	RVT_1	3	100.00		0
UHM634.41029__k141_299996_1	4	none	0	0.00		0
UHM617.41023__k141_212751_45	4	Baseplate_J	1	25.00		0
UHM38.35753__k141_108783_2	4	Integrase_H2C2	1	25.00		0
UHM558.40992__k141_82028_1	5	none	0	0.00		0
UHM649.41032__k141_206510_1	6	adh_short	1	16.67		0
UHM624.41024__k141_377538_6	4	none	0	0.00		0
UHM590.41012__k141_107256_1	3	none	0	0.00		0
UHM584.41008__k141_110716_1	5	none	0	0.00		0
UHM558.40992__k141_149649_13	6	CBAH	1	16.67	HisKA_2	1
UHM632.41027__k141_18636_2	5	DUF3853	1	20.00	Response_reg	1
UHM648.41909__k141_225889_1	3	NTP_transf_3	1	33.33		0
UHM648.41909__k141_184676_1	3	none	0	0.00		0
UHM72.35763__k141_48818_8	4	TctC	4	100.00	Peptidase_M16	4
UHM596.41015__k141_126921_2	4	GGDEF_2	4	100.00	PQQ_2	3
UHM20.35743__k141_83430_100	3	HemN_C	3	100.00	Ham1p_like	2
UHM554.40991__k141_224536_35	6	none	0	0.00		0
UHM573.40999__k141_51864_1	4	none	0	0.00		0
UHM581.41005__k141_53476_51	6	DUF1653	4	66.67	AAT	1
UHM554.40991__k141_128221_224	5	Flagellin_C	5	100.00	Lys_phage	3
UHM666.41034__k141_210252_118	3	FAD_binding_3	2	66.67	Chromate_transp	1
UHM617.41023__k141_15686_1	4	PRTRC_E	3	75.00		0
UHM22.35746__k141_66542_1	5	Peptidase_C48	2	40.00		0
UHM125.35770__k141_3543_1	4	Integrase_H2C2	1	25.00		0
UHM41.35756__k141_106191_88	4	HTH_3	2	50.00	HTH_31	1
UHM573.40999__k141_117541_2	3	DUF637	2	66.67	CitMHS	1
UHM633.41028__k141_251911_9	3	none	0	0.00		0
UHM40.35754__k141_6768_24	3	GDPD	3	100.00	TPR_8	1
UHM575.41001__k141_65444_6	3	ECH_1	3	100.00	PTPS	3
UHM656.41033__k141_60258_2	3	Lipid_A_deac	2	66.67	Sulfatase	1
UHM22.35745__k141_41389_5	3	EAL	3	100.00	YCII	1
UHM633.41028__k141_144673_7	3	none	0	0.00		0
UHM31.35749__k141_2400_2	4	PMT_2	2	50.00		0
UHM648.41909__k141_220082_1	6	CarbopepD_reg_2	1	16.67		0
UHM31.35749__k141_19013_1	6	Ble-like_N	1	16.67	HTH_1	1
UHM56.35761__k141_149515_1	30	none	0	0.00		0
UHM125.35770__k141_260165_2	4	none	0	0.00		0
UHM572.40998__k141_110286_21	3	AAA_13	1	33.33	Mrr_cat	1
UHM31.35749__k141_63592_42	3	GH3	1	33.33	Abhydrolase_1	1
UHM125.35770__k141_98279_2	5	Gln-synt_C	5	100.00	AAA_19	3
UHM20.35744__k141_189111_1	3	CSD	1	33.33		0
UHM125.35769__k141_12578_9	4	HATPase_c	3	75.00	AhpC-TSA	1
UHM18.10827__k141_34570_1	4	CMD	1	25.00	PseudoU_synth_2	1
UHM31.35749__k141_111374_1	5	Hydrolase_2	1	20.00	FAD-oxidase_C	1
UHM610.41019__k141_86508_20	3	DUF2971	2	66.67	Penicil_amidase	1
UHM563.40994__k141_69054_29	3	ABC_membrane	1	33.33	3-dmu-9_3-mt	1
UHM22.35747__k141_56395_271	6	Glu_synthase	4	66.67	Glyco_hydro_88	1
UHM45.35759__k141_123084_2	5	Alkyl_sulf_C	1	20.00	ABC-2_memb_rel	1
UHM41.35757__k141_118382_1	3	none	0	0.00		0
UHM102.35766__k141_20504_1	5	none	0	0.00		0
UHM648.41909__k141_285316_5	3	Metallophos	2	66.67	F-box	1
UHM56.35761__k141_183819_1	5	none	0	0.00		0
UHM626.41025__k141_65659_2	3	Por_Secre_tail	1	33.33	DUF1801	1
UHM558.40992__k141_138412_2	3	none	0	0.00		0
UHM125.35769__k141_133004_93	4	SBP_bac_11	4	100.00	AAA_21	1
UHM72.35762__k141_80791_1	3	Acetyltransf_1	1	33.33	Sigma70_ECF	1
UHM564.40995__k141_25136_29	3	Nitroreductase	2	66.67		0
UHM41.35757__k141_39709_6	3	Response_reg	2	66.67	PGM_PMM_I	1
UHM22.35747__k141_56833_1	6	Acetyltransf_1	4	66.67		0
UHM626.41025__k141_174717_1	3	none	0	0.00		0
UHM628.41026__k141_247481_1	3	Peptidase_C93	1	33.33		0
UHM72.35762__k141_22679_1	5	CarbopepD_reg_2	3	60.00	AMP-binding	2
UHM666.41034__k141_231527_1	3	cEGF	1	33.33		0
UHM626.41025__k141_325209_1	3	none	0	0.00		0
UHM577.41002__k141_96448_186	3	none	0	0.00		0
UHM598.41016__k141_23961_4	3	AP_endonuc_2	1	33.33	HAMP	1
UHM634.41029__k141_308451_2	3	Orai-1	1	33.33		0
UHM636.41030__k141_79913_3	4	none	0	0.00		0
UHM585.41009__k141_62653_2	3	CTP_transf_like	1	33.33		0
UHM648.41909__k141_385847_2	4	AAA	2	50.00		0
UHM563.40994__k141_47783_21	4	DUF1810	2	50.00		0
UHM40.35755__k141_24983_85	5	DAGK_prokar	3	60.00	HATPase_c	1
UHM578.41003__k141_46428_2	4	CDP-OH_P_transf	4	100.00	Maf	2
UHM617.41023__k141_28278_1	5	none	0	0.00		0
UHM20.35744__k141_49863_1	3	none	0	0.00		0
UHM591.41013__k141_91487_1	3	none	0	0.00		0
UHM617.41023__k141_307528_7	3	AAA_21	2	66.67	TctC	1
UHM626.41025__k141_237068_7	3	DUF6602	1	33.33	PEP_exosort_dom	1
UHM17.10826__k141_46132_11	3	Bac_luciferase	2	66.67	Endonuclease_NS	2
UHM594.41014__k141_136271_1	3	HNH	1	33.33		0
UHM634.41029__k141_207174_48	4	none	0	0.00		0
UHM56.35760__k141_33877_1	130	MSSP	1	0.77		0
UHM36.10832__k141_51537_1	3	none	0	0.00		0
UHM102.10840__k141_21275_1	3	none	0	0.00		0
UHM591.41013__k141_179449_1	18	none	0	0.00		0
UHM587.41011__k141_12030_1	4	HATPase_c	2	50.00	DUF1572	2
UHM624.41024__k141_161337_2	3	ABC_tran	1	33.33	Lactamase_B	1
UHM666.41034__k141_259689_293	3	Proteasome	2	66.67	Aldo_ket_red	1
UHM36.35750__k141_88634_3	3	Acetyltransf_1	2	66.67	Lumazine_bd_2	1
UHM554.40991__k141_206820_45	5	Exo_endo_phos	4	80.00		0
UHM41.35757__k141_15207_1	5	Methyltrans_RNA	1	20.00	DUF2076	1
UHM45.35758__k141_156663_281	3	Fasciclin	1	33.33	DUF6794	1
UHM558.40992__k141_65244_14	7	Adenylsucc_synt	5	71.43	Peptidase_M23	4
UHM590.41012__k141_232442_22	4	AAA_5	1	25.00		0
UHM607.41017__k141_129214_2	4	Impact_N	2	50.00	GlyRS_ins_1	1
UHM573.40999__k141_92270_49	4	none	0	0.00		0
UHM38.35752__k141_114992_9	5	Anticodon_3	5	100.00	Cytochrom_C	4
UHM598.41016__k141_191570_1	4	AAA_15	3	75.00	TPR_1	2
UHM145.35773__k141_188795_2	3	none	0	0.00		0
UHM554.40991__k141_185004_20	3	none	0	0.00		0
UHM648.41909__k141_40421_2	3	DltD	3	100.00	MBOAT	1
UHM17.10826__k141_182282_3	8	SSB	5	62.50	RNase_T	5
UHM634.41029__k141_9004_5	3	Lipase_GDSL_2	2	66.67	DUF4249	1
UHM102.35766__k141_2618_2	5	Sulfate_transp	4	80.00	DUF87	2
UHM18.35742__k141_46099_74	5	VF530	1	20.00		0
UHM22.35746__k141_150794_1	3	DUF6198	3	100.00	Anticodon_1	2
UHM598.41016__k141_15250_1	3	adh_short	2	66.67	Abhydrolase_3	1
UHM22.35747__k141_33819_21	3	HTH_DeoR	3	100.00		0
UHM125.35769__k141_12586_1	5	none	0	0.00		0
UHM38.35752__k141_81253_121	5	AIRS	3	60.00	TetR_C_11	1
UHM125.35770__k141_18359_40	5	Arf	1	20.00	Transpeptidase	1
UHM632.41027__k141_290235_1	3	DUF4407	2	66.67	PQQ	2
UHM102.10840__k141_38450_1	6	none	0	0.00		0
UHM102.35767__k141_143764_2	3	Pep_deformylase	2	66.67	HTH_IclR	1
UHM648.41909__k141_27804_21	4	dNK	3	75.00		0
UHM644.41031__k141_206648_309	9	cNMP_binding	1	11.11	NUDIX	1
UHM570.40997__k141_5681_16	3	ABC_membrane	3	100.00	NAGPA	2
UHM565.40996__k141_13885_1	3	none	0	0.00		0
UHM648.41909__k141_248521_8	4	none	0	0.00		0
UHM22.35745__k141_66612_1	6	none	0	0.00		0
UHM56.35761__k141_168034_1	3	none	0	0.00		0
UHM626.41025__k141_221693_4	3	ADH_N	2	66.67		0
UHM573.40999__k141_82857_2	4	BOF	3	75.00	NAD_binding_9	2
UHM125.35768__k141_108935_40	6	none	0	0.00		0
UHM617.41023__k141_10725_25	3	none	0	0.00		0
UHM636.41030__k141_256506_65	3	DUF4468	3	100.00	DUF3592	1
UHM125.35769__k141_88347_4	4	DUF6531	4	100.00		0
UHM22.35746__k141_69570_69	3	CarbopepD_reg_2	3	100.00	Urocanase	3
UHM644.41031__k141_205713_1	4	Sod_Fe_C	3	75.00		0
UHM583.41007__k141_196697_5	3	Hemerythrin	1	33.33		0
UHM624.41024__k141_353726_3	3	none	0	0.00		0
UHM72.35762__k141_48332_2	8	CHAP	4	50.00	HTH_Tnp_1	1
UHM633.41028__k141_36336_1	8	none	0	0.00		0
UHM36.35751__k141_41888_2	3	Peptidase_M17	3	100.00	Amidase_5	2
UHM598.41016__k141_83091_1	3	none	0	0.00		0
UHM598.41016__k141_188539_3	3	Ribul_P_3_epim	2	66.67		0
UHM31.35749__k141_99758_1	4	none	0	0.00		0
UHM20.35744__k141_105165_1	3	RVT_1	1	33.33		0
UHM626.41025__k141_133554_1	3	none	0	0.00		0
UHM624.41024__k141_470730_7	4	DUF5935	4	100.00	Glycos_transf_1	3
UHM608.41018__k141_191425_1	7	FA_desaturase	1	14.29		0
UHM17.10826__k141_92994_1	3	none	0	0.00		0
UHM666.41034__k141_115465_2	3	DUF2955	1	33.33	NadA	1
UHM624.41024__k141_259347_2	3	none	0	0.00		0
UHM632.41027__k141_179332_25	3	Lactamase_B	1	33.33	TauE	1
UHM20.35743__k141_41826_75	3	AgrB	3	100.00	ABC_sub_bind	2
UHM18.35741__k141_52131_7	3	Orn_Arg_deC_N	3	100.00	adh_short	2
UHM570.40997__k141_12369_13	3	Cons_hypoth698	3	100.00	Macro	2
UHM56.35760__k141_28351_1052	3	AAA_21	2	66.67	HD	1
UHM616.41022__k141_148428_1	5	none	0	0.00		0
UHM563.40994__k141_124483_1	3	Bac_luciferase	3	100.00	Flavin_Reduct	2
UHM40.35755__k141_72399_1	10	none	0	0.00		0
UHM56.35761__k141_18052_1	3	none	0	0.00		0
UHM20.35744__k141_30820_6	4	HNH_4	1	25.00		0
UHM31.10830__k141_94552_419	3	RRM_1	1	33.33		0
UHM45.35758__k141_139932_1	4	DEAD	1	25.00	DUF6591	1
UHM18.35742__k141_219177_1	3	none	0	0.00		0
UHM598.41016__k141_17377_4	3	Gp_dh_C	3	100.00	Glycolipid_bind	2
UHM607.41017__k141_84639_34	5	Acetyltransf_1	2	40.00	Aldedh	1
UHM644.41031__k141_31233_184	3	none	0	0.00		0
UHM598.41016__k141_208181_3	3	none	0	0.00		0
UHM574.41000__k141_173303_16	6	CTP_transf_like	5	83.33	Aldedh	5
UHM20.35744__k141_52424_28	3	EAL	3	100.00	MerR	1
UHM598.41016__k141_269295_1	6	HGTP_anticodon	1	16.67	DUF4142	1
UHM633.41028__k141_86277_3	3	HTH_1	2	66.67	Polysacc_lyase	1
UHM125.35770__k141_91151_2	5	none	0	0.00		0
UHM628.41026__k141_266441_1	5	none	0	0.00		0
UHM666.41034__k141_291748_1	3	none	0	0.00		0
UHM649.41032__k141_309857_76	3	FAA_hydrolase	3	100.00	PEMT	2
UHM20.35743__k141_79718_77	3	none	0	0.00		0
UHM624.41024__k141_32473_1	7	none	0	0.00		0
UHM41.35757__k141_197603_3	3	none	0	0.00		0
UHM565.40996__k141_13748_20	4	AAA_21	3	75.00	EPSP_synthase	2
UHM624.41024__k141_405222_1	5	DUF4780	3	60.00		0
UHM598.41016__k141_189576_3	3	none	0	0.00		0
UHM17.35739__k141_80930_4	5	Epimerase	2	40.00	NAD_binding_10	1
UHM581.41005__k141_10855_2	3	tRNA-synt_2	1	33.33	Sod_Fe_C	1
UHM22.35747__k141_25762_8	3	SnoaL_2	3	100.00	Peptidase_M23	1
UHM38.35752__k141_95666_91	5	DUF1761	2	40.00	LRR_1	2
UHM575.41001__k141_229206_184	4	Peptidase_M3	4	100.00		0
UHM40.10834__k141_65028_31	3	none	0	0.00		0
UHM633.41028__k141_54407_5	3	none	0	0.00		0
UHM41.35756__k141_62781_11	3	WCX	1	33.33		0
UHM598.41016__k141_227418_3	9	none	0	0.00		0
UHM584.41008__k141_89859_2	4	CxxCxxCC	3	75.00	SIMPL	2
UHM562.40993__k141_145333_2	3	GspH	3	100.00		0
UHM611.41020__k141_88569_3	3	MobC	2	66.67	HTH_17	1
UHM648.41909__k141_156613_1	3	none	0	0.00		0
UHM564.40995__k141_29399_19	4	FtsX	3	75.00	GntR	1
UHM583.41007__k141_85312_1	3	none	0	0.00		0
UHM45.35758__k141_49484_8	4	Transposon_TraM	4	100.00		0
UHM102.35766__k141_99966_225	4	DUF2071	3	75.00	HypA	3
UHM591.41013__k141_204541_2	6	none	0	0.00		0
UHM38.35753__k141_6825_1	3	none	0	0.00		0
UHM636.41030__k141_16628_2	4	HTH_19	2	50.00	HTH_3	2
UHM581.41005__k141_95496_1	3	Apiosidase	1	33.33		0
UHM38.35752__k141_82971_41	7	DUF418	7	100.00	3HCDH	6
UHM22.35747__k141_70294_48	3	AAA	3	100.00	Peptidase_M20	2
UHM656.41033__k141_167216_2	3	Aldedh	3	100.00	Acyl-CoA_dh_1	2
UHM18.35742__k141_151082_1	3	none	0	0.00		0
UHM72.35762__k141_62331_1	6	AHSA1	1	16.67		0
UHM17.10826__k141_167213_1	4	HAD_PNKP	4	100.00	Monooxy_af470-like	3
UHM72.35762__k141_5848_111	3	Rubredoxin	3	100.00	Pribosyltran	3
UHM633.41028__k141_32974_82	3	DAGK_prokar	2	66.67	PMI_typeI_cat	2
UHM633.41028__k141_349988_1	3	none	0	0.00		0
UHM22.35745__k141_126142_2	3	Ribosomal_S15	3	100.00	CTP_transf_like	3
UHM633.41028__k141_77276_2	3	none	0	0.00		0
UHM22.35747__k141_92304_144	3	MS_channel_2nd	3	100.00	HxlR	3
UHM587.41011__k141_80764_3	4	ArsB	1	25.00	Cellulase	1
UHM22.35746__k141_33648_1	3	HATPase_c	3	100.00		0
UHM22.35747__k141_17981_83	6	HATPase_c	2	33.33	Glycos_transf_2	2
UHM577.41002__k141_5777_5	3	Sel1	3	100.00	SNase	2
UHM41.35756__k141_20752_2	3	ZnuA	3	100.00	FUR	2
UHM626.41025__k141_191238_1	3	none	0	0.00		0
UHM20.35744__k141_126957_1	3	Gypsy	2	66.67		0
UHM624.41024__k141_372315_6	3	none	0	0.00		0
UHM102.35767__k141_113016_1	3	none	0	0.00		0
UHM125.35769__k141_185616_1	7	none	0	0.00		0
UHM634.41029__k141_92511_18	4	Gly-zipper_YMGG	1	25.00	NADAR	1
UHM20.35743__k141_71232_3	5	PLDc_2	2	40.00	RCC1	1
UHM628.41026__k141_10242_116	4	LuxE	4	100.00	Penicil_amidase	4
UHM20.35744__k141_53907_1	3	none	0	0.00		0
UHM649.41032__k141_16467_31	3	AMP-binding	3	100.00	Sortase	3
UHM636.41030__k141_218343_146	4	AP_endonuc_2	3	75.00	Glucosamine_iso	1
UHM666.41034__k141_230351_1	3	none	0	0.00		0
UHM656.41033__k141_107616_2	4	TP_methylase	4	100.00	Lip_A_acyltrans	2
UHM41.35757__k141_112774_615	3	Ribonuc_red_sm	3	100.00	TetR_C_3	3
UHM633.41028__k141_217032_2	3	none	0	0.00		0
UHM563.40994__k141_87500_80	3	CSD	1	33.33	RNase_T	1
UHM577.41002__k141_134007_1	3	SSB	1	33.33		0
UHM31.35749__k141_77342_1	5	none	0	0.00		0
UHM608.41018__k141_90335_4	3	Phosphoesterase	3	100.00	Laminin_G_3	2
UHM632.41027__k141_108574_1	3	AAA_21	1	33.33	DUF930	1
UHM574.41000__k141_151012_5	3	DUF2817	1	33.33	Plug	1
UHM632.41027__k141_119686_1	7	SBP_bac_3	2	28.57	Lig_chan-Glu_bd	2
UHM38.10833__k141_35359_1	3	SBF	1	33.33	MFS_1	1
UHM40.35754__k141_64318_1	3	DUF4124	2	66.67		0
UHM649.41032__k141_397525_5	3	AsnC_trans_reg	1	33.33	DUF6958	1
UHM41.35756__k141_23196_2	3	HATPase_c	3	100.00	DAHP_synth_1	1
UHM628.41026__k141_46496_125	4	HTH_1	4	100.00	DNA_pol3_alpha	1
UHM38.35752__k141_190286_1	6	RVT_1	1	16.67		0
UHM624.41024__k141_289852_4	3	MCPsignal	2	66.67	Transgly_assoc	1
UHM56.35760__k141_61485_1	5	none	0	0.00		0
UHM633.41028__k141_352049_3	3	Glycos_transf_2	3	100.00	GH3	3
UHM626.41025__k141_10690_1	3	none	0	0.00		0
UHM648.41909__k141_159817_1	3	Terminase_4	2	66.67		0
UHM633.41028__k141_60636_1	3	none	0	0.00		0
UHM40.35755__k141_9072_2	3	none	0	0.00		0
UHM633.41028__k141_5341_3	4	tRNA_m1G_MT	2	50.00		0
UHM38.35753__k141_239436_2	3	RVT_1	2	66.67		0
UHM587.41011__k141_32651_96	3	Acetyltransf_1	2	66.67		0
UHM40.10834__k141_83741_5	6	Arginase	4	66.67	5-FTHF_cyc-lig	3
UHM565.40996__k141_97602_24	3	PTS_2-RNA	2	66.67	Abhydrolase_1	1
UHM649.41032__k141_261267_156	4	cNMP_binding	1	25.00		0
UHM656.41033__k141_46706_8	3	HTH_46	1	33.33	HTH_OrfB_IS605	1
UHM649.41032__k141_13951_12	6	CsbD	2	33.33	Asp_Arg_Hydrox	1
UHM644.41031__k141_50640_1	6	none	0	0.00		0
UHM648.41909__k141_396278_11	3	none	0	0.00		0
UHM633.41028__k141_152100_7	3	none	0	0.00		0
UHM649.41032__k141_53789_1	4	none	0	0.00		0
UHM590.41012__k141_208005_1	3	Sigma54_activat	1	33.33		0
UHM649.41032__k141_344891_230	3	none	0	0.00		0
UHM18.10827__k141_80909_17	3	none	0	0.00		0
UHM22.35745__k141_94365_3	4	Acyl_transf_3	4	100.00	Glycos_transf_2	1
UHM649.41032__k141_275305_112	3	Hc1	2	66.67		0
UHM628.41026__k141_276431_157	5	AHSA1	4	80.00	RibD_C	1
UHM17.35740__k141_81540_1	3	RT_RNaseH	1	33.33		0
UHM633.41028__k141_340398_2	3	DAO	2	66.67	CYTH	1
UHM648.41909__k141_153583_121	4	MscL	3	75.00		0
UHM581.41005__k141_53992_18	3	HSP70	2	66.67	Glu_cyclase_2	2
UHM624.41024__k141_241001_101	4	KGG	2	50.00	DUF3509	2
UHM624.41024__k141_262353_17	5	RelA_SpoT	1	20.00	Phage_capsid_3	1
UHM145.35771__k141_3383_1	4	Phage_tail_2	2	50.00	Phage_attach	1
UHM45.35758__k141_98674_2	3	none	0	0.00		0
UHM145.35771__k141_101822_4	3	ApbA	2	66.67	DUF4287	1
UHM45.10838__k141_48025_66	5	HVO_A0114	4	80.00	HCBP_related	4
UHM40.35755__k141_123196_2	4	none	0	0.00		0
UHM636.41030__k141_223326_67	3	none	0	0.00		0
UHM565.40996__k141_64520_50	5	CBS	2	40.00		0
UHM617.41023__k141_159291_5	3	EVE	3	100.00		0
UHM598.41016__k141_83348_2	6	Lipase_GDSL	4	66.67	DUF2189	2
UHM572.40998__k141_99707_1	5	VanZ-LLP1	1	20.00	QueF	1
UHM72.35764__k141_131576_35	5	DUF3579	1	20.00	F420_oxidored	1
UHM72.35762__k141_56856_33	3	HATPase_c	1	33.33	ADH_N	1
UHM580.41004__k141_94157_1	3	tRNA-synt_1c	1	33.33		0
UHM634.41029__k141_170134_45	3	HTH_1	3	100.00	MFS_1	1
UHM20.35743__k141_2640_26	3	GntR	3	100.00	GSHPx	3
UHM578.41003__k141_15315_2	4	DUF6515	2	50.00	tRNA_m1G_MT	2
UHM22.35747__k141_92002_1	3	CSD	2	66.67		0
UHM649.41032__k141_426601_1	5	Exo_endo_phos	2	40.00	DUF6934	1
UHM598.41016__k141_261700_1	3	EF-hand_1	2	66.67	Peptidase_M15	1
UHM38.35753__k141_160007_2	3	RHS	2	66.67	DUF6896	1
UHM590.41012__k141_170917_1	4	none	0	0.00		0
UHM145.35772__k141_37340_7	4	Aminotran_1_2	4	100.00		0
UHM594.41014__k141_48200_10	3	IPK	1	33.33		0
UHM40.35755__k141_745_7	4	EAL	4	100.00	HATPase_c	3
UHM648.41909__k141_171327_1	4	none	0	0.00		0
UHM580.41004__k141_121532_1	3	DAGK_cat	3	100.00		0
UHM41.35756__k141_11939_5	3	PilZ	1	33.33	HAMP	1
UHM580.41004__k141_181889_1	3	HNH_3	2	66.67		0
UHM18.35742__k141_95149_1	26	none	0	0.00		0
UHM656.41033__k141_59026_4	3	CarbopepD_reg_2	1	33.33		0
UHM102.35766__k141_125922_232	4	DXP_synthase_N	4	100.00	AAA	3
UHM587.41011__k141_80632_2	3	CecR_C	2	66.67		0
UHM573.40999__k141_138111_400	5	Alginate_exp	2	40.00	DUF6896	1
UHM656.41033__k141_114262_2	3	Hydrolase_like	3	100.00	Pro_CA	1
UHM633.41028__k141_248169_1	4	none	0	0.00		0
UHM617.41023__k141_202539_208	3	UDG	3	100.00	DUF3187	1
UHM598.41016__k141_158969_2	3	E1_DerP2_DerF2	1	33.33		0
UHM574.41000__k141_16680_3	4	Peptidase_M56	2	50.00	adh_short	2
UHM636.41030__k141_284405_4	3	none	0	0.00		0
UHM594.41014__k141_20135_10	5	HSP70	1	20.00		0
UHM20.10828__k141_48156_30	3	GLEYA	2	66.67		0
UHM45.35758__k141_29657_4	4	DAGK_cat	1	25.00		0
UHM102.35767__k141_86510_2	3	Integrase_H2C2	1	33.33		0
UHM580.41004__k141_91466_2	7	Helicase_C	1	14.29		0
UHM45.35758__k141_58412_14	5	SnoaL_2	1	20.00		0
UHM648.41909__k141_66901_1	3	none	0	0.00		0
UHM666.41034__k141_312593_1	5	RVT_1	1	20.00	RT_RNaseH	1
UHM628.41026__k141_172433_79	3	PEP_mutase	3	100.00	zf-dskA_traR	2
UHM577.41002__k141_209490_3	3	GDPD	2	66.67		0
UHM145.35771__k141_100371_15	5	Topoisom_bac	5	100.00	HxlR	3
UHM145.35771__k141_7004_159	4	AraC_binding	3	75.00	DKNYY	1
UHM598.41016__k141_210704_13	3	none	0	0.00		0
UHM18.35742__k141_13585_1	3	none	0	0.00		0
UHM72.35762__k141_10232_67	3	RNase_T	2	66.67	DUF4276	1
UHM580.41004__k141_29511_2	4	4HBT	3	75.00	DUF599	2
UHM18.35742__k141_185392_1	9	NosD	1	11.11		0
UHM634.41029__k141_44111_2	4	HicA_toxin	4	100.00	Phage_AlpA	1
UHM572.40998__k141_115202_1	5	Aminotran_1_2	4	80.00	Peptidase_M15_2	2
UHM632.41027__k141_304457_1	3	none	0	0.00		0
UHM554.40991__k141_48900_20	3	Beta-barrel_RND	3	100.00	Asp_protease_2	1
UHM145.35773__k141_139034_2	3	GP38	2	66.67		0
UHM45.35759__k141_53531_15	5	HhH-GPD	1	20.00	HEAT	1
UHM45.35758__k141_126998_1	3	none	0	0.00		0
UHM22.35747__k141_102909_4	4	MFS_1	4	100.00	AAA_21	3
UHM666.41034__k141_222804_41	4	Response_reg	4	100.00	DUF2894	1
UHM624.41024__k141_452721_1	3	none	0	0.00		0
UHM656.41033__k141_207552_7	7	DUF1304	3	42.86	PRC	3
UHM125.35769__k141_122027_4	7	none	0	0.00		0
UHM596.41015__k141_73084_1	3	none	0	0.00		0
UHM611.41020__k141_21360_2	3	SMI1_KNR4	2	66.67	HTH_Tnp_1	1
UHM38.35752__k141_166823_1	5	SlyX	1	20.00	LacI	1
UHM632.41027__k141_120162_8	4	DUF1016_N	1	25.00	DDE_Tnp_1	1
UHM17.35740__k141_100599_1	32	none	0	0.00		0
UHM38.35752__k141_147103_23	3	none	0	0.00		0
UHM624.41024__k141_292707_5	3	FtsA	1	33.33	GntR	1
UHM648.41909__k141_371009_1	3	none	0	0.00		0
UHM611.41020__k141_75851_1	3	SNase	1	33.33		0
UHM591.41013__k141_149596_1	3	none	0	0.00		0
UHM636.41030__k141_55953_14	3	none	0	0.00		0
UHM585.41009__k141_11025_4	3	GST_C	1	33.33		0
UHM666.41034__k141_211246_1	3	none	0	0.00		0
UHM649.41032__k141_232121_5	6	Glycos_transf_3	4	66.67	DUF2795	4
UHM22.35745__k141_107390_112	3	BiPBP_C	3	100.00	RNase_E_G	1
UHM102.10840__k141_104249_4	3	VapB_antitoxin	1	33.33		0
UHM617.41023__k141_109211_4	3	DUF5606	2	66.67	SPOUT_MTase	2
UHM587.41011__k141_25664_1	3	LprI	1	33.33		0
UHM564.40995__k141_26385_14	5	DDE_Tnp_IS66	1	20.00	FCD	1
UHM628.41026__k141_265376_1	3	HTH_1	2	66.67	PBP_like_2	1
UHM558.40992__k141_134886_1	4	none	0	0.00		0
UHM611.41020__k141_171308_4	3	ABM	2	66.67	OEP	2
UHM598.41016__k141_106561_1	3	DMRL_synthase	3	100.00	Oxidored_FMN	2
UHM125.35770__k141_106678_6	3	DUF3810	3	100.00	DAO	2
UHM582.41006__k141_1714_1	3	none	0	0.00		0
UHM125.35769__k141_161128_1	4	Integrase_H2C2	1	25.00		0
UHM634.41029__k141_120055_1	7	HMGL-like	2	28.57	Glu_synthase	1
UHM125.35770__k141_194755_1	3	none	0	0.00		0
UHM644.41031__k141_68822_82	3	DUF1491	2	66.67	MPAB_Lcp_cat	1
UHM564.40995__k141_167971_38	3	MFS_1	1	33.33	FliE	1
UHM17.35739__k141_17244_2	5	IMS	2	40.00	EsV_1_7_cys	1
UHM20.35744__k141_58809_126	3	ParE_toxin	3	100.00	DUF6095	3
UHM648.41909__k141_187364_1	4	none	0	0.00		0
UHM610.41019__k141_156085_52	9	PDZ	8	88.89		0
UHM570.40997__k141_86595_58	3	Ku	2	66.67		0
UHM626.41025__k141_252319_1	3	none	0	0.00		0
UHM40.35754__k141_20404_2	3	RdgC	2	66.67		0
UHM17.35740__k141_9023_10	3	LRR_1	2	66.67		0
UHM22.35746__k141_57829_2	5	RF-1	5	100.00	Acyl-ACP_TE	4
UHM554.40991__k141_192294_57	3	none	0	0.00		0
UHM633.41028__k141_109002_1	3	none	0	0.00		0
UHM17.10826__k141_227780_80	3	Cupin_8	1	33.33		0
UHM573.40999__k141_179800_2	3	none	0	0.00		0
UHM564.40995__k141_82627_1	3	none	0	0.00		0
UHM145.35772__k141_27603_80	3	HTH_18	2	66.67		0
UHM581.41005__k141_160550_4	4	DUF3008	3	75.00		0
UHM17.35739__k141_93693_21	3	Epimerase_2	3	100.00	Glycos_transf_2	2
UHM40.35754__k141_107000_2	5	HTH_1	1	20.00		0
UHM583.41007__k141_84516_2	4	LysE	2	50.00	GerE	1
UHM634.41029__k141_164310_3	4	PCRF	2	50.00	Abhydrolase_3	1
UHM40.35755__k141_112360_3	3	none	0	0.00		0
UHM636.41030__k141_305747_27	3	none	0	0.00		0
UHM570.40997__k141_65407_1	3	DoxX	1	33.33	MliC	1
UHM598.41016__k141_38090_1	3	none	0	0.00		0
UHM31.35749__k141_64839_1	6	R1_ORF1_N	3	50.00		0
UHM41.35757__k141_171486_1	3	none	0	0.00		0
UHM41.35757__k141_110062_4	3	HTH_19	2	66.67		0
UHM666.41034__k141_161677_9	3	HATPase_c	2	66.67		0
UHM17.35739__k141_18347_2	3	HpcH_HpaI	2	66.67		0
UHM18.35741__k141_51487_2	3	Phage_portal	3	100.00	TerL_ATPase	1
UHM20.10828__k141_172325_16	3	Histone_HNS	1	33.33	Peripla_BP_6	1
UHM596.41015__k141_205879_1	3	CBM_14	1	33.33		0
UHM666.41034__k141_328006_1	7	none	0	0.00		0
UHM22.35747__k141_24731_215	3	VKOR	1	33.33		0
UHM590.41012__k141_165671_8	3	none	0	0.00		0
UHM578.41003__k141_114124_3	3	none	0	0.00		0
UHM598.41016__k141_58416_1	4	none	0	0.00		0
UHM648.41909__k141_144474_1	3	Arc	2	66.67		0
UHM558.40992__k141_1485_1	5	HTH_Tnp_Tc3_2	1	20.00		0
UHM628.41026__k141_253412_1	3	none	0	0.00		0
UHM648.41909__k141_223243_2	5	Glyoxalase	4	80.00	Asparaginase_2	2
UHM18.35741__k141_77085_2	3	MCPsignal	3	100.00	GAD-like	1
UHM22.35746__k141_123515_1	6	none	0	0.00		0
UHM624.41024__k141_87053_1	3	none	0	0.00		0
UHM615.41021__k141_114176_59	3	YajQ	3	100.00	PLDc_2	3
UHM648.41909__k141_144723_2	3	none	0	0.00		0
UHM577.41002__k141_165754_2	6	CTP_synth_N	4	66.67	DNA_gyraseB	4
UHM633.41028__k141_482398_2	3	HATPase_c	3	100.00	CMAS	3
UHM22.35747__k141_116225_183	3	Chorismate_bind	1	33.33		0
UHM624.41024__k141_476397_1	3	PhaC_N	1	33.33	Aminotran_1_2	1
UHM56.35761__k141_130039_1	4	none	0	0.00		0
UHM18.35742__k141_6217_1	5	none	0	0.00		0
UHM636.41030__k141_161599_55	3	FAD_binding_4	3	100.00	FMN_bind_2	2
UHM577.41002__k141_34619_2	3	FAD_binding_3	3	100.00	OEP	2
UHM20.35744__k141_71008_1	3	none	0	0.00		0
UHM624.41024__k141_275865_1	3	none	0	0.00		0
UHM598.41016__k141_106481_1	4	HTH_6	4	100.00	GKRP-like_C	2
UHM17.35739__k141_34945_3	4	DUF4129	4	100.00	AAA	4
UHM598.41016__k141_102572_1	3	ABC_tran	1	33.33	ABC2_membrane	1
UHM40.35755__k141_138287_2	7	DUF481	7	100.00	HTH_11	4
UHM666.41034__k141_339223_3	3	Nitrate_red_del	2	66.67	Molybdopterin	2
UHM633.41028__k141_65207_1	3	none	0	0.00		0
UHM626.41025__k141_49927_5	4	LRR_1	1	25.00	DUF8197	1
UHM38.10833__k141_54981_1	3	none	0	0.00		0
UHM17.10826__k141_98263_15	4	Band_7	4	100.00	4HB_MCP_1	1
UHM145.35772__k141_45186_1	7	none	0	0.00		0
UHM38.35752__k141_216214_27	4	Ig_7	4	100.00	CHU_C	4
UHM125.35768__k141_152116_7	4	ThrE	2	50.00	SBP_bac_3	1
UHM22.35745__k141_117836_1	4	3-dmu-9_3-mt	1	25.00		0
UHM45.10838__k141_56786_11	7	ACT_5	7	100.00	PALP	7
UHM102.35767__k141_173722_1	3	none	0	0.00		0
UHM20.35743__k141_121879_1	7	Ammonium_transp	5	71.43	AraC_binding	1
UHM656.41033__k141_265432_19	4	B12-binding	2	50.00	CarboxypepD_reg	1
UHM598.41016__k141_276839_1	3	none	0	0.00		0
UHM580.41004__k141_154452_3	3	Phage_Coat_B	3	100.00		0
UHM648.41909__k141_279385_26	5	none	0	0.00		0
UHM648.41909__k141_75885_5	5	none	0	0.00		0
UHM584.41008__k141_59899_1	3	none	0	0.00		0
UHM608.41018__k141_117145_18	3	Transp_cyt_pur	3	100.00	Aldedh	3
UHM145.35771__k141_46726_1	3	HTH_1	2	66.67		0
UHM624.41024__k141_153105_1	5	CutC	4	80.00	Methyltransf_11	1
UHM633.41028__k141_171544_3	3	GerE	1	33.33	LprI	1
UHM598.41016__k141_228316_2	3	2-Hacid_dh_C	2	66.67		0
UHM573.40999__k141_158220_244	5	Peptidase_S24	1	20.00		0
UHM31.35749__k141_12560_37	4	LysE	2	50.00	SUFU	2
UHM608.41018__k141_146209_1	5	Fer2	2	40.00	HTH_1	1
UHM17.10826__k141_38814_1	3	PMT	1	33.33	AsnC_trans_reg	1
UHM648.41909__k141_143792_7	4	none	0	0.00		0
UHM633.41028__k141_103203_1	3	none	0	0.00		0
UHM17.10826__k141_264936_29	3	Phage_DNA_bind	2	66.67		0
UHM558.40992__k141_91146_6	3	Rieske	3	100.00	FAA_hydrolase	3
UHM38.35753__k141_25122_2	5	none	0	0.00		0
UHM610.41019__k141_57875_32	3	TctC	1	33.33	DUF3606	1
UHM617.41023__k141_308959_3	4	none	0	0.00		0
UHM558.40992__k141_168362_3	3	none	0	0.00		0
UHM648.41909__k141_19520_1	5	none	0	0.00		0
UHM20.35744__k141_87264_3	3	none	0	0.00		0
UHM574.41000__k141_193998_1200	3	Chorismate_bind	2	66.67	Adenylsucc_synt	2
UHM31.10830__k141_38039_135	4	none	0	0.00		0
UHM72.35763__k141_42374_1	3	Iron_permease	1	33.33		0
UHM610.41019__k141_144457_3	3	PCRF	2	66.67	AhpC-TSA	1
UHM626.41025__k141_25260_3	4	none	0	0.00		0
UHM586.41010__k141_90008_2	3	OMP_b-brl_3	1	33.33	CBM_14	1
UHM624.41024__k141_356796_1	5	DNA_binding_1	3	60.00	BA14K	2
UHM656.41033__k141_205833_33	4	RcnB	1	25.00	TOBE	1
UHM656.41033__k141_265168_3	3	MFS_1	1	33.33	Oxidored_FMN	1
UHM617.41023__k141_218435_1	3	DUF488	2	66.67		0
UHM565.40996__k141_115134_8	3	PHO4	3	100.00	LacI	1
UHM563.40994__k141_51185_110	3	Phage_int_SAM_5	3	100.00		0
UHM554.40991__k141_76794_1	3	YlaC	1	33.33		0
UHM626.41025__k141_10559_2	4	DUF1801	2	50.00	AAA_21	2
UHM666.41034__k141_303690_1	3	none	0	0.00		0
UHM38.35752__k141_26520_382	3	HTH_18	3	100.00	MauE	2
UHM564.40995__k141_29152_2	3	CHAT	3	100.00	OmpA	3
UHM40.10834__k141_75494_4	3	DUF465	3	100.00		0
UHM36.35751__k141_1927_1	6	HAD	2	33.33		0
UHM644.41031__k141_4823_14	3	H_PPase	2	66.67	Sulfotransfer_3	1
UHM617.41023__k141_8563_1	3	KGG	1	33.33	ROS_MUCR	1
UHM145.35771__k141_43878_1	3	HTH_3	1	33.33		0
UHM102.35767__k141_189150_1	6	RVP	1	16.67		0
UHM598.41016__k141_12942_1	5	zf-C2H2	1	20.00		0
UHM36.35751__k141_24319_89	4	Flg_hook	1	25.00	SBF	1
UHM564.40995__k141_103928_37	3	Couple_hipA	1	33.33		0
UHM56.35760__k141_4666_1	7	Response_reg	7	100.00	Glycos_transf_2	4
UHM125.35770__k141_214155_98	5	SseB	4	80.00	DUF1844	2
UHM634.41029__k141_231170_2	3	Acyl-CoA_dh_1	1	33.33		0
UHM624.41024__k141_272927_4	5	Inhibitor_I78	3	60.00	CDH	3
UHM45.10838__k141_18097_8	3	Sigma70_r2	3	100.00		0
UHM626.41025__k141_350868_1	6	none	0	0.00		0
UHM624.41024__k141_156196_43	3	Anticodon_1	3	100.00	DivIVA	3
UHM617.41023__k141_148981_1	5	Abhydrolase_11	1	20.00	Abhydrolase_1	1
UHM587.41011__k141_52066_1	3	none	0	0.00		0
UHM575.41001__k141_82347_1	5	none	0	0.00		0
UHM17.10826__k141_162559_38	3	HTH_IclR	3	100.00	DDE_Tnp_1	1
UHM18.35741__k141_133271_2	3	SpoU_methylase	2	66.67	Peptidase_M16	2
UHM632.41027__k141_995_3	3	none	0	0.00		0
UHM41.10835__k141_33302_1	3	none	0	0.00		0
UHM632.41027__k141_226530_1	4	Gp53-like_C	1	25.00		0
UHM41.35756__k141_52774_90	8	Mfa_like_1	1	12.50		0
UHM636.41030__k141_265094_3	3	Slo-like_RCK	1	33.33		0
UHM624.41024__k141_78090_8	3	Peptidase_S24	1	33.33	BrxR_CTD	1
UHM20.10828__k141_47604_16	3	Phage_P22_Y8K6	1	33.33	Ogr_Delta	1
UHM18.35742__k141_104531_2	3	MCPsignal	3	100.00	Dus	2
UHM624.41024__k141_494215_7	5	DUF498	5	100.00	LysM	4
UHM145.35771__k141_10988_1	6	none	0	0.00		0
UHM40.35754__k141_15905_29	11	DUF5110	5	45.45	AAA_21	2
UHM581.41005__k141_30919_5	3	Hist_deacetyl	1	33.33	ADPRTs_Tse2	1
UHM644.41031__k141_60715_1	3	Inhibitor_I69	1	33.33		0
UHM565.40996__k141_9894_1	3	MFS_1	2	66.67	OsmC	1
UHM617.41023__k141_123543_1	3	DUF4488	2	66.67		0
UHM666.41034__k141_344291_2	3	none	0	0.00		0
UHM125.35769__k141_173578_2	3	BTB	1	33.33		0
UHM125.35768__k141_67815_3	3	Beta-Casp	2	66.67	HTH_1	1
UHM22.35745__k141_78225_1	3	none	0	0.00		0
UHM656.41033__k141_247995_1	7	Exo_endo_phos	6	85.71	OEP	3
UHM633.41028__k141_174531_2	3	Aldo_ket_red	1	33.33	Bac_luciferase	1
UHM18.10827__k141_108558_2	3	DUF4145	1	33.33	HTH_17	1
UHM632.41027__k141_277312_1	3	Metallophos	1	33.33	Alpha-amylase	1
UHM632.41027__k141_205689_2	4	GcrA	2	50.00		0
UHM617.41023__k141_158175_5	3	none	0	0.00		0
UHM577.41002__k141_183936_15	4	Ysc84	2	50.00	AsnC_trans_reg	1
UHM648.41909__k141_382850_17	3	none	0	0.00		0
UHM570.40997__k141_60578_191	7	Glyco_hydro_25	4	57.14	Pyridox_ox_2	1
UHM565.40996__k141_134382_2	3	OMP_b-brl_3	2	66.67	adh_short	1
UHM36.10832__k141_86792_39	4	CbtA_toxin	4	100.00	DUF5983	4
UHM18.35742__k141_208432_1	3	DUF1759	2	66.67		0
UHM617.41023__k141_320899_102	4	PycTM	2	50.00	TIR_2	1
UHM598.41016__k141_53299_1	9	none	0	0.00		0
UHM40.35755__k141_137398_1	4	HTS	2	50.00	AAA_21	1
UHM573.40999__k141_172683_4	3	FliS	3	100.00	Flg_bb_rod	2
UHM632.41027__k141_144700_5	3	MoCoBD_1	2	66.67	DUF1016_N	1
UHM624.41024__k141_398066_1	3	none	0	0.00		0
UHM577.41002__k141_25616_5	4	none	0	0.00		0
UHM656.41033__k141_143635_3	3	DUF4397	3	100.00	Fasciclin	3
UHM617.41023__k141_172923_1	3	Anticodon_1	1	33.33		0
UHM648.41909__k141_146308_2	3	PLDc_N	1	33.33		0
UHM17.35739__k141_97631_2	3	Phage_lysozyme	2	66.67		0
UHM617.41023__k141_225604_2	3	none	0	0.00		0
UHM581.41005__k141_161122_29	6	DUF222	1	16.67		0
UHM558.40992__k141_120888_109	6	DUF2795	6	100.00	Glycos_transf_3	5
UHM628.41026__k141_76716_3	3	none	0	0.00		0
UHM628.41026__k141_250555_2	4	Peptidase_M61	3	75.00	MS_channel_2nd	2
UHM648.41909__k141_230727_3	3	none	0	0.00		0
UHM558.40992__k141_84771_71	3	DUF4132	1	33.33	Band_7	1
UHM633.41028__k141_292265_3	3	LprI	1	33.33		0
UHM617.41023__k141_40193_8	3	Amidase	3	100.00	G_glu_transpept	1
UHM20.35744__k141_100102_1	3	none	0	0.00		0
UHM649.41032__k141_199333_1	3	DUF3297	2	66.67		0
UHM563.40994__k141_29172_15	4	HTH_1	2	50.00	TetR_N	2
UHM634.41029__k141_51379_1	5	none	0	0.00		0
UHM648.41909__k141_422744_3	5	Glyoxalase	1	20.00	OmpA	1
UHM125.35770__k141_53987_161	5	FMN_bind_2	2	40.00	Band_7	2
UHM56.35760__k141_38352_1	3	none	0	0.00		0
UHM634.41029__k141_203396_1	4	RVT_1	1	25.00		0
UHM38.35752__k141_34790_24	4	FA_hydroxylase	3	75.00	DUF1214	2
UHM31.35748__k141_82168_3	4	LytTR	2	50.00	B12-binding_2	2
UHM633.41028__k141_310505_2	3	none	0	0.00		0
UHM596.41015__k141_204728_1	3	none	0	0.00		0
UHM628.41026__k141_36404_374	3	CHAT	1	33.33	Asn_synthase	1
UHM648.41909__k141_5344_1	7	none	0	0.00		0
UHM125.35768__k141_121183_1	5	none	0	0.00		0
UHM610.41019__k141_51700_160	3	Ribosomal_L27	3	100.00		0
UHM596.41015__k141_123072_271	3	Phage_Tail_Tip	1	33.33	Terminase_2	1
UHM20.35744__k141_93655_51	4	Sigma70_ECF	4	100.00	Rotamase	3
UHM563.40994__k141_63232_27	9	Na_H_Exchanger	1	11.11	DUF6460	1
UHM644.41031__k141_13355_9	5	AAA_21	5	100.00	ANAPC3	1
UHM20.35744__k141_125254_60	4	Muramidase	4	100.00		0
UHM633.41028__k141_145061_1	4	none	0	0.00		0
UHM145.35772__k141_30693_80	3	GST_C_4	2	66.67		0
UHM587.41011__k141_103112_1	3	GCV_T	1	33.33	Mpo1-like	1
UHM574.41000__k141_5206_3	3	Capsule_synth	1	33.33	Poly_export	1
UHM125.35769__k141_14122_2	3	Nitroreductase	1	33.33	LANC_like	1
UHM610.41019__k141_210938_3	4	GFO_IDH_MocA	1	25.00	Nitroreductase	1
UHM18.35742__k141_10473_96	4	LMWPc	4	100.00	Smr	1
UHM125.35770__k141_9535_1	3	none	0	0.00		0
UHM636.41030__k141_23560_76	4	none	0	0.00		0
UHM563.40994__k141_116962_1	13	DUF3077	7	53.85	Peptidase_S24	2
UHM38.35752__k141_206311_1	3	none	0	0.00		0
UHM598.41016__k141_36848_164	3	M20_dimer	3	100.00	Peptidase_A3	1
UHM611.41020__k141_43441_1	4	BSH_CzcB	2	50.00	RibD_C	1
UHM31.10830__k141_17991_44	3	Amidase	3	100.00		0
UHM145.35771__k141_44013_2	3	HicB_lk_antitox	1	33.33		0
UHM72.35764__k141_698_1	3	none	0	0.00		0
UHM648.41909__k141_346632_4	3	none	0	0.00		0
UHM644.41031__k141_21076_4	3	Cupin_2	1	33.33	GFO_IDH_MocA	1
UHM598.41016__k141_273125_348	6	DUF4397	2	33.33	Phosphodiest	2
UHM636.41030__k141_296901_2	3	none	0	0.00		0
UHM22.35747__k141_81280_1	3	DUF1367	1	33.33	Exc	1
UHM17.35739__k141_58569_5	3	WG_beta_rep	3	100.00		0
UHM125.35769__k141_157621_16	3	DUF1272	2	66.67	DUF6461	1
UHM41.35756__k141_93597_20	3	AAA_21	2	66.67		0
UHM633.41028__k141_157845_4	3	MFS_1	1	33.33		0
UHM38.35753__k141_272269_8	3	Na_H_antiport_1	3	100.00		0
UHM586.41010__k141_11869_1	3	none	0	0.00		0
UHM633.41028__k141_353765_1	5	F-box	1	20.00		0
UHM102.35767__k141_175427_1	5	BiPBP_C	2	40.00	MazG-like	2
UHM634.41029__k141_31517_1	6	F-box	1	16.67		0
UHM666.41034__k141_123587_1	3	none	0	0.00		0
UHM20.35743__k141_77524_1	10	DoxX_2	5	50.00	DUF3817	3
UHM17.10826__k141_15325_2	6	Bestrophin_2	6	100.00	HAMP	6
UHM656.41033__k141_317022_40	5	none	0	0.00		0
UHM634.41029__k141_52739_18	3	none	0	0.00		0
UHM562.40993__k141_145518_1	3	none	0	0.00		0
UHM20.35743__k141_78299_2	3	none	0	0.00		0
UHM125.35770__k141_76754_1	4	none	0	0.00		0
UHM610.41019__k141_158591_1	3	zf-CCHC	1	33.33		0
UHM145.35771__k141_7004_96	5	FA_desaturase	4	80.00	DUF6266	1
UHM656.41033__k141_306598_1	5	YkuD	4	80.00		0
UHM38.35752__k141_1077_2	4	AhpC-TSA	1	25.00	LytTR	1
UHM72.35764__k141_15796_157	5	CSD	3	60.00	Aminotran_1_2	2
UHM648.41909__k141_178969_16	7	F-box	1	14.29		0
UHM608.41018__k141_170058_107	7	PGA_cap	4	57.14	Band_7	2
UHM617.41023__k141_33427_12	3	none	0	0.00		0
UHM41.10835__k141_33978_2	5	Response_reg	3	60.00		0
UHM649.41032__k141_261267_121	3	Methyltransf_11	3	100.00	adh_short	1
UHM125.35770__k141_276004_95	7	Usp	1	14.29	MFS_1	1
UHM125.35770__k141_34346_21	5	NucS_C	5	100.00	HAD	4
UHM633.41028__k141_137291_2	3	none	0	0.00		0
UHM598.41016__k141_121542_1	3	PIN	3	100.00	AAA_14	1
UHM17.35740__k141_99082_2	6	HypF_C_2	5	83.33		0
UHM634.41029__k141_229284_1	3	TraD	2	66.67		0
UHM644.41031__k141_252723_1	3	Acetyltransf_1	1	33.33	Aminotran_1_2	1
UHM634.41029__k141_194176_2	3	DUF892	1	33.33		0
UHM648.41909__k141_299128_2	3	none	0	0.00		0
UHM20.35743__k141_45936_22	5	LacI	2	40.00	CsbD	1
UHM125.35770__k141_27711_1	6	none	0	0.00		0
UHM633.41028__k141_232307_1	8	SPRY	1	12.50	UDPGT	1
UHM633.41028__k141_127404_1	3	none	0	0.00		0
UHM22.35746__k141_92145_149	5	Ribonuclease_T2	1	20.00	TPR_1	1
UHM633.41028__k141_248837_221	3	Thioredoxin_9	2	66.67	Peptidase_M3	1
UHM644.41031__k141_251934_13	7	GGDEF	3	42.86	Pterin_4a	1
UHM649.41032__k141_126558_2	3	HTH_1	2	66.67	SCPU	1
UHM594.41014__k141_99384_4	4	none	0	0.00		0
UHM656.41033__k141_11266_2	3	PEP_mutase	3	100.00	SWIM	2
UHM22.35747__k141_34388_1	6	none	0	0.00		0
UHM590.41012__k141_117717_2	6	DEAD	5	83.33	Cu-oxidase	5
UHM610.41019__k141_281051_2	3	CarbopepD_reg_2	3	100.00	HATPase_c	3
UHM649.41032__k141_298080_1	5	none	0	0.00		0
UHM624.41024__k141_321118_38	3	Ferritin	3	100.00	tRNA-synt_1c	1
UHM648.41909__k141_175235_4	5	none	0	0.00		0
UHM587.41011__k141_139021_15	3	HSP15_C	2	66.67	adh_short	1
UHM626.41025__k141_132501_1	3	none	0	0.00		0
UHM18.35742__k141_35088_2	3	Peptidase_S74	1	33.33	Response_reg	1
UHM18.35742__k141_215789_49	10	HGTP_anticodon	9	90.00	HTH_23	6
UHM587.41011__k141_138100_2	3	LytTR	2	66.67	Kelch_1	2
UHM565.40996__k141_57462_13	3	AAA_25	3	100.00		0
UHM564.40995__k141_120453_3	4	Ribonuc_L-PSP	1	25.00	4HBT	1
UHM145.35771__k141_114957_1466	4	Sigma70_r2	2	50.00	Methyltransf_25	1
UHM578.41003__k141_106089_2	3	DUF1491	3	100.00	HATPase_c	3
UHM56.35760__k141_71907_1	3	none	0	0.00		0
UHM644.41031__k141_16783_1	3	none	0	0.00		0
UHM17.35739__k141_81414_15	4	DUF6249	1	25.00	AAA_31	1
UHM615.41021__k141_112799_88	3	Phage_CP76	3	100.00	Phage_CI_C	3
UHM596.41015__k141_9084_1	3	none	0	0.00		0
UHM573.40999__k141_109542_21	5	Phage_holin_3_6	2	40.00		0
UHM616.41022__k141_79756_97	3	none	0	0.00		0
UHM564.40995__k141_141380_68	3	OTCace	3	100.00		0
UHM666.41034__k141_252064_32	4	AAA	4	100.00	Acetyltransf_1	4
UHM18.10827__k141_136178_2	3	none	0	0.00		0
UHM648.41909__k141_17903_1	5	none	0	0.00		0
UHM17.35739__k141_63862_44	3	DUF2085	2	66.67	PdxJ	2
UHM594.41014__k141_24385_2	5	RNase_T	3	60.00	Cohesin	1
UHM562.40993__k141_162468_1	5	none	0	0.00		0
UHM633.41028__k141_41112_1	7	none	0	0.00		0
UHM666.41034__k141_17838_1	5	none	0	0.00		0
UHM608.41018__k141_53148_126	3	AAA_21	2	66.67	PEP_mutase	1
UHM17.35740__k141_29533_1	3	none	0	0.00		0
UHM125.35769__k141_101385_1	3	PTS-HPr	2	66.67	AP_endonuc_2	1
UHM648.41909__k141_392468_2	3	PGI	3	100.00		0
UHM56.35760__k141_7728_1	3	none	0	0.00		0
UHM22.35745__k141_83451_2	3	Trans_reg_C	3	100.00	Anticodon_2	1
UHM36.10832__k141_71911_1	3	AsmA	2	66.67	TetR_C_46	2
UHM102.35766__k141_54626_7	3	MarR	3	100.00	MerR	2
UHM20.35744__k141_168503_1	3	AAA_25	1	33.33	DNA_methylase	1
UHM626.41025__k141_253659_1	3	none	0	0.00		0
UHM626.41025__k141_266722_1	5	none	0	0.00		0
UHM590.41012__k141_142263_33	4	Lact_bio_phlase	2	50.00	ABC_tran	1
UHM570.40997__k141_21400_97	4	Peptidase_S26	1	25.00	BsuBI_PstI_RE	1
UHM634.41029__k141_299218_5	3	none	0	0.00		0
UHM72.35762__k141_65415_126	5	Phage_integrase	5	100.00		0
UHM598.41016__k141_264818_1	8	F-box	2	25.00	Zap1_zf1	1
UHM590.41012__k141_39346_2	3	none	0	0.00		0
UHM22.35747__k141_9739_116	3	tRNA-synt_1c	2	66.67	Pro_isomerase	2
UHM125.35770__k141_249704_3	5	AAA_24	1	20.00		0
UHM102.35767__k141_105098_2	4	Exo_endo_phos_2	3	75.00	DUF4780	1
UHM575.41001__k141_74528_1	3	none	0	0.00		0
UHM648.41909__k141_217198_2	3	DUF4272	1	33.33	Rrf2	1
UHM583.41007__k141_199737_7	3	DNA_methylase	2	66.67		0
UHM562.40993__k141_188064_18	3	DUF3701	2	66.67	DUF7205	1
UHM40.35755__k141_56209_11	3	dnstrm_HI1420	2	66.67	TEN_YD-shell	1
UHM585.41009__k141_113830_97	3	DJ-1_PfpI	1	33.33	Acetyltransf_1	1
UHM17.35739__k141_5158_2	3	Abhydrolase_1	1	33.33	Glu_synthase	1
UHM17.10826__k141_271780_8	3	PRK	1	33.33	RNase_II_C_S1	1
UHM590.41012__k141_282794_1	3	none	0	0.00		0
UHM17.35740__k141_91611_19	3	none	0	0.00		0
UHM40.35755__k141_92581_5	3	HTH_1	2	66.67		0
UHM72.35762__k141_66803_2	4	2-Hacid_dh	3	75.00		0
UHM648.41909__k141_52362_9	3	PTL_trimer	2	66.67		0
UHM17.35740__k141_96441_1	3	none	0	0.00		0
UHM656.41033__k141_13107_1	3	none	0	0.00		0
UHM72.35764__k141_75469_74	6	Fer4_12	5	83.33	B3_4	4
UHM38.35752__k141_211021_1	13	none	0	0.00		0
UHM587.41011__k141_74077_2	3	Beta-lactamase	3	100.00	AAA_22	1
UHM20.35744__k141_60265_1	3	Integrase_H2C2	1	33.33		0
UHM20.35743__k141_127430_2	9	DAO	3	33.33	Peptidase_M10	3
UHM558.40992__k141_177849_147	4	ABC_membrane	2	50.00	HAMP	2
UHM573.40999__k141_84675_36	5	AraC_binding	3	60.00	ACR_tran	1
UHM616.41022__k141_73175_5	3	none	0	0.00		0
UHM583.41007__k141_106602_4	3	MFS_1	3	100.00	Sigma70_ECF	3
UHM633.41028__k141_199637_6	5	none	0	0.00		0
UHM22.35747__k141_29325_3	3	Phage_holin_2_4	1	33.33		0
UHM649.41032__k141_410517_1	3	none	0	0.00		0
UHM636.41030__k141_76409_229	3	AMP-binding	3	100.00	Methyltransf_31	3
UHM102.35766__k141_112256_2	4	NicO	4	100.00	Acetyltransf_1	2
UHM31.35748__k141_6830_1	8	Peptidase_C39	2	25.00	Peptidase_M15_4	1
UHM585.41009__k141_30753_2	3	Inhibitor_I78	1	33.33		0
UHM585.41009__k141_147231_70	4	GAF	2	50.00	RHS_repeat	1
UHM570.40997__k141_95004_1	3	Glycos_transf_3	3	100.00	DUF1315	2
UHM40.35754__k141_58492_2	4	RP-C	2	50.00	Sortase	1
UHM20.35744__k141_140043_6	4	AAA_15	2	50.00	HTH_1	1
UHM31.35749__k141_68057_2	4	none	0	0.00		0
UHM125.35768__k141_5573_1	3	none	0	0.00		0
UHM20.35744__k141_110163_216	3	none	0	0.00		0
UHM656.41033__k141_228684_58	5	SPOUT_MTase	3	60.00	NUDIX	2
UHM563.40994__k141_135824_4	3	Fer2	3	100.00		0
UHM20.10828__k141_155521_2	3	DCD	3	100.00	GGDEF	2
UHM562.40993__k141_128042_2	3	none	0	0.00		0
UHM607.41017__k141_70121_2	3	ChrB_C	1	33.33	DUF2845	1
UHM607.41017__k141_186326_4	3	none	0	0.00		0
UHM41.10835__k141_61681_3	3	none	0	0.00		0
UHM565.40996__k141_174008_26	3	adh_short	3	100.00	Peptidase_S49	2
UHM626.41025__k141_84761_1	3	none	0	0.00		0
UHM596.41015__k141_165939_149	5	PAD_porph	5	100.00	Plug	3
UHM632.41027__k141_260677_4	3	Peptidase_C39	1	33.33		0
UHM17.10826__k141_250793_25	17	HxlR	3	17.65	HypF_C_2	3
UHM608.41018__k141_129372_2	4	Gypsy	2	50.00		0
UHM565.40996__k141_165610_3	3	HNH_2	2	66.67		0
UHM616.41022__k141_129994_1	4	P22_Gp10_C	2	50.00		0
UHM20.10828__k141_152179_2	3	HTH_1	2	66.67	Glyoxalase_6	1
UHM40.35754__k141_125387_3	3	LprI	1	33.33	DUF6434	1
UHM648.41909__k141_424621_1	3	none	0	0.00		0
UHM20.35743__k141_107927_22	5	ACT	5	100.00	ABC_membrane	4
UHM125.35770__k141_105689_1	8	none	0	0.00		0
UHM596.41015__k141_6969_2	3	Exonuc_VII_L	1	33.33	AMP-binding	1
UHM636.41030__k141_107984_20	3	none	0	0.00		0
UHM581.41005__k141_79513_3	3	2OG-FeII_Oxy_2	2	66.67	DUF1801	1
UHM125.35769__k141_53374_1	4	JmjC_2	2	50.00	BamC-like_N	2
UHM611.41020__k141_182279_4	3	none	0	0.00		0
UHM628.41026__k141_63359_228	3	GerE	3	100.00		0
UHM575.41001__k141_134414_1	4	none	0	0.00		0
UHM633.41028__k141_362790_5	3	DUF4138	2	66.67		0
UHM125.35768__k141_79077_2	3	none	0	0.00		0
UHM649.41032__k141_143861_2	3	AMP-binding	3	100.00	MFS_1	1
UHM102.35767__k141_124081_63	3	Abhydrolase_3	2	66.67	Usp	1
UHM649.41032__k141_239047_2	4	none	0	0.00		0
UHM607.41017__k141_172854_1	3	HTH_1	2	66.67	LysR_substrate	1
UHM633.41028__k141_89375_7	3	Glyco_hydro_31_3rd	1	33.33		0
UHM145.35771__k141_67012_89	3	none	0	0.00		0
UHM666.41034__k141_350357_48	3	adh_short	3	100.00	TetR_N	3
UHM562.40993__k141_53809_78	3	HOK_GEF	1	33.33		0
UHM20.35744__k141_191405_140	4	Lig_chan-Glu_bd	3	75.00	TPP_enzyme_C	2
UHM18.35742__k141_210411_1	4	none	0	0.00		0
UHM31.35749__k141_194851_1	5	none	0	0.00		0
UHM145.35772__k141_86285_2	5	Beta-barrel_RND	2	40.00	TENA_THI-4	2
UHM18.10827__k141_30719_1	3	DUF4407	2	66.67		0
UHM611.41020__k141_93981_1	4	Ribonuc_L-PSP	2	50.00	Autotransporter	1
UHM636.41030__k141_230836_3	8	none	0	0.00		0
UHM633.41028__k141_437940_6	3	none	0	0.00		0
UHM598.41016__k141_38969_2	5	none	0	0.00		0
UHM666.41034__k141_444986_6	4	none	0	0.00		0
UHM648.41909__k141_307220_1	3	none	0	0.00		0
UHM611.41020__k141_6780_2	3	His_kinase	3	100.00	GcpE	1
UHM626.41025__k141_186527_1	5	none	0	0.00		0
UHM17.10826__k141_145218_20	3	GST_N	1	33.33	Glyoxalase	1
UHM590.41012__k141_135673_5	8	TerC	7	87.50	HTH_1	4
UHM632.41027__k141_216231_1	4	none	0	0.00		0
UHM125.35769__k141_19350_3	3	none	0	0.00		0
UHM17.35740__k141_10355_1	3	AsnC_trans_reg	2	66.67	Metallophos	2
UHM633.41028__k141_104327_1	5	none	0	0.00		0
UHM584.41008__k141_133417_1	3	none	0	0.00		0
UHM72.35762__k141_39461_15	5	ANTAR	1	20.00	Y_phosphatase	1
UHM580.41004__k141_92717_2	3	AFG1_ATPase	3	100.00	HATPase_c	1
UHM18.10827__k141_94242_10	3	Histone_HNS	2	66.67	DUF5694	1
UHM581.41005__k141_149343_158	5	4HBT	1	20.00	VasX_N	1
UHM18.35742__k141_51188_1	5	none	0	0.00		0
UHM573.40999__k141_96018_1	4	MADF_DNA_bdg	1	25.00		0
UHM577.41002__k141_136990_40	3	Phage_holin_8	2	66.67	Lys_phage	1
UHM562.40993__k141_156865_134	4	Smr	4	100.00	CutC	2
UHM626.41025__k141_348009_1	4	none	0	0.00		0
UHM102.35767__k141_200688_1	17	EKR	1	5.88		0
UHM617.41023__k141_135217_5	3	none	0	0.00		0
UHM633.41028__k141_179187_2	3	F-box	1	33.33		0
UHM145.35773__k141_149527_1	6	none	0	0.00		0
UHM562.40993__k141_110455_3	3	HSDR_N	1	33.33		0
UHM626.41025__k141_32981_19	4	Phage_capsid_4	4	100.00		0
UHM125.35769__k141_95748_2	3	Acetyltransf_1	1	33.33		0
UHM610.41019__k141_325715_1	3	none	0	0.00		0
UHM575.41001__k141_110071_1	4	WapI	3	75.00	Epimerase	1
UHM617.41023__k141_167647_24	4	MS_channel_2nd	3	75.00	DUF1398	1
UHM649.41032__k141_67936_2	4	Band_7	4	100.00	Endonuclease_NS	1
UHM102.35766__k141_115461_2	7	none	0	0.00		0
UHM648.41909__k141_412530_3	5	none	0	0.00		0
UHM580.41004__k141_31528_4	4	Beta-lactamase	2	50.00	DUF4468	1
UHM56.35760__k141_102883_40	3	HTH_1	3	100.00	APH	1
UHM636.41030__k141_311814_35	3	none	0	0.00		0
UHM22.35747__k141_110323_3	3	Ank	1	33.33		0
UHM591.41013__k141_30425_1	3	CHASE4	1	33.33	adh_short	1
UHM102.10840__k141_49661_1	4	PhyH	2	50.00	Pep_deformylase	1
UHM666.41034__k141_348889_6	3	Peptidase_M23	3	100.00	eIF-1a	2
UHM562.40993__k141_44183_300	3	HD_4	1	33.33		0
UHM17.35740__k141_13486_1	3	none	0	0.00		0
UHM594.41014__k141_59910_8	8	Aldo_ket_red	8	100.00	HTH_26	8
UHM633.41028__k141_270101_1	4	Big_9	3	75.00	TPR_10	1
UHM666.41034__k141_101602_1	3	none	0	0.00		0
UHM598.41016__k141_3128_1	7	none	0	0.00		0
UHM649.41032__k141_404276_308	3	JmjC_2	2	66.67	BenE	1
UHM632.41027__k141_187572_1	3	ADH_N	2	66.67	PALP	2
UHM626.41025__k141_127213_3	3	Acetyltransf_1	1	33.33	Ble-like_N	1
UHM40.35754__k141_96564_3	3	Cation_ATPase	1	33.33		0
UHM40.35755__k141_86052_1	6	Pao_retrotransp	1	16.67	DUF1759	1
UHM648.41909__k141_239516_2	3	none	0	0.00		0
UHM56.35761__k141_71374_1	6	Asn_synthase	1	16.67	Nfu_N	1
UHM644.41031__k141_281242_2	5	Pept_tRNA_hydro	4	80.00	tRNA-synt_1b	2
UHM615.41021__k141_127244_17	3	Phage_CI_repr	3	100.00	Phage_GPL	3
UHM102.35767__k141_13946_7	5	RVT_1	1	20.00	Gag_N	1
UHM38.35753__k141_157674_1	3	none	0	0.00		0
UHM40.35755__k141_24983_176	4	Glyco_hydro_92	2	50.00	Thioredoxin	2
UHM626.41025__k141_33437_78	4	Copper-bind	2	50.00	Acyl_transf_3	1
UHM22.35746__k141_117779_2	3	Fimbrial	3	100.00	Y1_Tnp	1
UHM17.10826__k141_86360_2	6	Shikimate_dh_N	6	100.00		0
UHM564.40995__k141_144283_1	3	AAA	2	66.67	HEAT_12	1
UHM17.10826__k141_133270_20	3	TPR_11	3	100.00	HHH	3
UHM648.41909__k141_166700_7	3	none	0	0.00		0
UHM615.41021__k141_91550_2	3	Peptidase_M15_4	2	66.67	Porin_1	1
UHM17.35740__k141_158140_1	14	MSSP	1	7.14		0
UHM125.35769__k141_153139_2	4	none	0	0.00		0
UHM72.35764__k141_118170_316	5	TonB_C	5	100.00	tRNA_edit	5
UHM634.41029__k141_118162_1	3	none	0	0.00		0
UHM18.35742__k141_171583_1	3	none	0	0.00		0
UHM72.35763__k141_82699_3	3	Acyl_transf_3	1	33.33	TetR_N	1
UHM636.41030__k141_121832_1	3	none	0	0.00		0
UHM632.41027__k141_89946_28	5	FumaraseC_C	5	100.00	DUF2585	3
UHM648.41909__k141_247156_2	9	MmcB-like	1	11.11		0
UHM648.41909__k141_248277_3	5	Iron_permease	1	20.00	ANF_receptor	1
UHM18.35741__k141_102397_2	9	DLH	5	55.56		0
UHM636.41030__k141_172794_32	3	DUF6531	2	66.67	SMI1_KNR4	1
UHM666.41034__k141_168861_642	3	AA_permease	1	33.33	DUF5977	1
UHM656.41033__k141_132488_4	3	PepSY_TM	3	100.00		0
UHM633.41028__k141_499950_4	3	none	0	0.00		0
UHM598.41016__k141_223660_2	3	Gly-zipper_YMGG	1	33.33	HTH_18	1
UHM626.41025__k141_252183_1	3	none	0	0.00		0
UHM581.41005__k141_55247_201	3	none	0	0.00		0
UHM590.41012__k141_134617_224	3	none	0	0.00		0
UHM22.35747__k141_50763_1	5	PRE_C2HC	1	20.00		0
UHM610.41019__k141_304902_4	3	TetR_N	2	66.67	HxlR	1
UHM666.41034__k141_295609_1	4	CSD	2	50.00	DUF2513	1
UHM577.41002__k141_192202_28	4	TrbL	4	100.00	T4SS	2
UHM558.40992__k141_15702_3	15	HTH_38	1	6.67	PARP	1
UHM72.35762__k141_111553_96	5	DUF1232	2	40.00	HSDR_N	1
UHM607.41017__k141_31638_38	3	DUF2502	3	100.00	Bac_DNA_binding	1
UHM36.35750__k141_42781_2	3	DDE_Tnp_IS240	1	33.33		0
UHM656.41033__k141_73228_26	5	Phage_TAC_7	5	100.00	Gly-zipper_Omp	1
UHM56.35761__k141_70029_1	4	Integrase_H2C2	1	25.00		0
UHM125.35770__k141_259481_3	3	none	0	0.00		0
UHM577.41002__k141_180139_1	5	DUF1706	1	20.00	DeoRC	1
UHM558.40992__k141_61921_1	3	none	0	0.00		0
UHM125.35769__k141_169526_1	11	none	0	0.00		0
UHM22.35746__k141_27187_210	4	S1-P1_nuclease	3	75.00	FumaraseC_C	1
UHM649.41032__k141_277662_2	3	none	0	0.00		0
UHM634.41029__k141_20509_1	3	none	0	0.00		0
UHM145.35773__k141_257440_99	3	GFA	2	66.67	dCache_1	2
UHM17.35739__k141_38272_6	3	DUF2510	1	33.33	MFS_1	1
UHM633.41028__k141_76163_2	3	F-box	1	33.33		0
UHM102.35767__k141_92097_5	3	Integrase_H2C2	2	66.67		0
UHM648.41909__k141_427727_2	11	GOSR1_N	1	9.09		0
UHM586.41010__k141_34673_71	4	Acetyltransf_1	1	25.00		0
UHM608.41018__k141_142624_5	4	SBP_bac_1	4	100.00	DAO	3
UHM656.41033__k141_60781_2	4	Tautomerase	2	50.00	EAL	1
UHM616.41022__k141_104315_32	4	AA_permease	2	50.00	CorA	1
UHM102.35767__k141_144425_2	4	none	0	0.00		0
UHM572.40998__k141_45181_2	3	Band_7	2	66.67	Rce1-like	1
UHM596.41015__k141_135781_2	5	DNA_binding_1	4	80.00	2OG-FeII_Oxy_2	3
UHM636.41030__k141_248944_1	4	none	0	0.00		0
UHM72.35763__k141_23195_2	7	Plug	6	85.71		0
UHM608.41018__k141_24324_1	4	ILVD_EDD_N	2	50.00		0
UHM608.41018__k141_108318_37	9	Helicase_C_2	9	100.00	SDH_C	9
UHM632.41027__k141_129128_2	4	Sigma54_AID	2	50.00	GAF	1
UHM41.10835__k141_18398_1	3	none	0	0.00		0
UHM636.41030__k141_217035_3	8	PATR	1	12.50		0
UHM633.41028__k141_182881_1	5	none	0	0.00		0
UHM615.41021__k141_33126_1	3	none	0	0.00		0
UHM587.41011__k141_157055_19	7	Arm-DNA-bind_3	5	71.43		0
UHM41.35757__k141_80178_1	3	none	0	0.00		0
UHM633.41028__k141_314371_3	4	none	0	0.00		0
UHM45.35758__k141_19366_1	3	DUF885	1	33.33	Flavodoxin_2	1
UHM102.35766__k141_19706_10	3	PAPS_reduct	1	33.33		0
UHM22.35747__k141_18467_3	3	CB_ParB_C	1	33.33		0
UHM598.41016__k141_117429_8	3	ArgoN	1	33.33		0
UHM615.41021__k141_43464_38	4	Sigma70_r2	4	100.00	PrcB_C	4
UHM608.41018__k141_94528_2	3	fn3	2	66.67		0
UHM574.41000__k141_165645_1	3	Creatinase_N	2	66.67		0
UHM20.35744__k141_137028_1	9	none	0	0.00		0
UHM666.41034__k141_145006_25	4	DUF1376	4	100.00		0
UHM636.41030__k141_61871_2	3	T4SS-DNA_transf	1	33.33		0
UHM634.41029__k141_161025_1	3	none	0	0.00		0
UHM38.35752__k141_44191_27	4	Glyoxalase_3	2	50.00		0
UHM562.40993__k141_146312_2	8	RcgA	6	75.00		0
UHM615.41021__k141_29139_2	3	none	0	0.00		0
UHM563.40994__k141_4832_6	3	DUF1330	1	33.33	TctC	1
UHM591.41013__k141_227883_2	3	FAD_binding_4	3	100.00	Mur_ligase	2
UHM38.35752__k141_106561_45	3	DUF4280	3	100.00		0
UHM72.35763__k141_56020_672	6	OMP_b-brl_3	5	83.33	2OG-FeII_Oxy_3	3
UHM562.40993__k141_68772_1	3	PG_binding_1	1	33.33	Phage_lysozyme	1
UHM72.35763__k141_89895_2	7	NamZ_C	6	85.71	Top1B_N_bact	2
UHM102.10840__k141_106558_9	3	CzcI	3	100.00	ICMT	3
UHM125.35770__k141_170158_2	3	Methyltransf_11	3	100.00	Acetyltransf_1	2
UHM633.41028__k141_1324_1	6	none	0	0.00		0
UHM554.40991__k141_192619_63	4	Nitrate_red_gam	1	25.00		0
UHM656.41033__k141_311289_4	3	cNMP_binding	1	33.33		0
UHM628.41026__k141_46411_55	4	Mu-like_Pro_N	1	25.00	Laminin_G_3	1
UHM644.41031__k141_32305_2	3	Glycos_transf_1	1	33.33	MS_channel_2nd	1
UHM20.35743__k141_25581_95	4	Phage_P22_Eai	1	25.00		0
UHM145.35771__k141_35723_2	3	HTTM	2	66.67	Abhydrolase_1	1
UHM575.41001__k141_34955_11	13	OPT	2	15.38	AraC_binding	1
UHM608.41018__k141_47238_1	4	TetR_C_16	1	25.00	AAA_19	1
UHM585.41009__k141_11501_6	12	Beta-lactamase	6	50.00	HTH_1	4
UHM17.10826__k141_120215_169	3	DUF1854	2	66.67	EF-hand_1	1
UHM38.35752__k141_202277_23	3	PTP-NADK	2	66.67	DUF4170	1
UHM596.41015__k141_15565_1	4	MFS_1	1	25.00		0
UHM565.40996__k141_79714_2	3	YopX	1	33.33		0
UHM20.35744__k141_168216_3	3	DoxX_2	2	66.67	DoxX	1
UHM31.35749__k141_177391_2	3	Acetyltransf_1	3	100.00	OprD	1
UHM17.35740__k141_152573_1	8	none	0	0.00		0
UHM628.41026__k141_199981_180	5	Exo_endo_phos	2	40.00	DUF2461	1
UHM648.41909__k141_325470_1	4	none	0	0.00		0
UHM18.35741__k141_23604_20	4	none	0	0.00		0
UHM648.41909__k141_328322_10	3	none	0	0.00		0
UHM649.41032__k141_217118_7	3	Asp_Glu_race	3	100.00	Aminotran_1_2	1
UHM125.35770__k141_77906_1	3	DUF4172	1	33.33	TetR	1
UHM649.41032__k141_221296_2	3	Peptidase_M4	1	33.33	FtsX	1
UHM598.41016__k141_11346_266	3	bPH_1	3	100.00	Metallophos	3
UHM636.41030__k141_249158_1	4	AAA	4	100.00	FA_hydroxylase	3
UHM145.35773__k141_214690_66	4	DFP	4	100.00	DCD	4
UHM581.41005__k141_122919_20	6	Phage_holin_3_6	6	100.00	HD	5
UHM18.35741__k141_82474_136	3	Phage_T4_gp19	1	33.33	bPH_5	1
UHM585.41009__k141_140896_2	4	Abhydrolase_1	2	50.00	HTH_20	1
UHM18.35741__k141_73916_2	3	AhpC-TSA	3	100.00	HTH_24	1
UHM38.35752__k141_200468_156	4	tRNA-synt_1b	3	75.00	SH3_1	3
UHM38.35752__k141_23445_54	3	Peripla_BP_2	3	100.00	DAO	2
UHM578.41003__k141_36666_12	4	YdaT_toxin	3	75.00	DnaD_N	1
UHM644.41031__k141_302857_212	4	Trans_reg_C	4	100.00	Peptidase_M1	3
UHM125.35768__k141_63128_110	5	SBP_bac_5	5	100.00	BNR_2	5
UHM633.41028__k141_116326_2	3	none	0	0.00		0
UHM649.41032__k141_397494_188	3	MFS_1	2	66.67	Adenyl_transf	2
UHM594.41014__k141_38796_162	5	DUF2884	4	80.00	FumaraseC_C	4
UHM565.40996__k141_64520_144	3	Recombinase	3	100.00	Pribosyltran	1
UHM633.41028__k141_57174_2	5	GGDEF	2	40.00	NAD_kinase_C	1
UHM656.41033__k141_33637_1	4	HTH_3	1	25.00		0
UHM611.41020__k141_182431_1	4	GPW_gp25	1	25.00	Haem_oxygenas_2	1
UHM573.40999__k141_3139_1	3	none	0	0.00		0
UHM624.41024__k141_405957_1	3	PCRF	2	66.67	Methyltransf_11	1
UHM580.41004__k141_94442_15	3	DEAD	3	100.00		0
UHM648.41909__k141_142108_2	3	none	0	0.00		0
UHM617.41023__k141_230341_3	3	Gp53-like_C	1	33.33		0
UHM125.35768__k141_35017_1	3	none	0	0.00		0
UHM31.35749__k141_47700_4	7	PepSY_TM	7	100.00	APH	2
UHM598.41016__k141_146022_7	5	GreA_GreB	2	40.00	AAA_21	2
UHM598.41016__k141_267942_2	4	none	0	0.00		0
UHM18.10827__k141_56053_2	3	AhpC-TSA	1	33.33		0
UHM611.41020__k141_131272_16	3	CorA	3	100.00	Beta-lactamase	2
UHM644.41031__k141_280829_1	4	adh_short	2	50.00	IDH	1
UHM38.35753__k141_70564_3	4	LRR_5	1	25.00		0
UHM649.41032__k141_206195_2	3	none	0	0.00		0
UHM591.41013__k141_135347_1	4	Arrestin_N	1	25.00		0
UHM41.35757__k141_79797_29	3	AAA_19	3	100.00	Abi_2	1
UHM598.41016__k141_59803_2	5	none	0	0.00		0
UHM615.41021__k141_27166_2	3	DUF2231	2	66.67		0
UHM624.41024__k141_153256_67	7	F_bP_aldolase	7	100.00	PTS_EIIA_2	7
UHM634.41029__k141_87343_4	3	none	0	0.00		0
UHM649.41032__k141_359999_24	3	AHSA1	3	100.00	DUF1801	2
UHM17.10826__k141_187808_13	6	SDH_alpha	3	50.00	APH	2
UHM648.41909__k141_370091_2	5	Acetyltransf_6	2	40.00	DsbB	2
UHM41.35757__k141_145292_1	5	LRR_4	1	20.00	DKNYY	1
UHM611.41020__k141_99255_7	4	FeoB_N	3	75.00	Acetyltransf_1	1
UHM554.40991__k141_32527_3	6	DUF5661	4	66.67	DUF892	3
UHM564.40995__k141_93674_2	3	Methyltransf_10	1	33.33		0
UHM17.35739__k141_38084_40	3	CheB_methylest	1	33.33	Aconitase	1
UHM570.40997__k141_31809_65	4	Arm-DNA-bind_1	2	50.00	Phage_int_SAM_1	1
UHM41.35757__k141_24312_1	3	none	0	0.00		0
UHM17.10826__k141_98263_16	4	Imm_superinfect	2	50.00	Vps62	1
UHM580.41004__k141_34436_2	9	none	0	0.00		0
UHM570.40997__k141_61390_385	3	CorA	3	100.00	YnaL	2
UHM633.41028__k141_411352_5	18	F-box	4	22.22	LRR_At5g56370	1
UHM17.10826__k141_13801_4	3	GIDA	3	100.00	Actin	3
UHM648.41909__k141_164917_2	5	BACK_BPM_SPOP	1	20.00	PT	1
UHM38.35752__k141_123142_1	4	none	0	0.00		0
UHM573.40999__k141_157672_2	3	3HCDH	3	100.00	AhpC-TSA	1
UHM628.41026__k141_146845_9	4	4HBT	4	100.00	MotA_ExbB	4
UHM648.41909__k141_388723_11	3	Mem_trans	3	100.00		0
UHM591.41013__k141_141665_1	3	HTH_1	3	100.00		0
UHM587.41011__k141_154047_2	3	Hydrolase_4	1	33.33	PfkB	1
UHM18.10827__k141_130804_1	4	SBF	1	25.00	HTH_17	1
UHM18.35742__k141_8502_9	4	Response_reg	1	25.00	RelA_SpoT	1
UHM617.41023__k141_216703_2	3	none	0	0.00		0
UHM626.41025__k141_197012_2	3	SYY_C-terminal	3	100.00	AAA_21	3
UHM587.41011__k141_20105_38	5	IU_nuc_hydro	5	100.00	Inhibitor_I78	4
UHM31.35749__k141_117024_8	4	Methyltransf_11	3	75.00	Response_reg	2
UHM591.41013__k141_360903_1	3	none	0	0.00		0
UHM594.41014__k141_115557_3	5	none	0	0.00		0
UHM598.41016__k141_29500_4	5	MATH_2	2	40.00	BTB	1
UHM633.41028__k141_287629_1	3	DUF8206	2	66.67		0
UHM17.35740__k141_161811_1	7	none	0	0.00		0
UHM22.35747__k141_78462_2	5	PPK2	2	40.00	AA_permease	1
UHM598.41016__k141_273125_573	4	Peptidase_M64	4	100.00	Pyridoxal_deC	1
UHM565.40996__k141_25764_9	4	HicA_toxin	1	25.00		0
UHM610.41019__k141_160789_2	3	DUF4172	3	100.00	ABC1	1
UHM20.35744__k141_154630_1	9	MADF_DNA_bdg	1	11.11		0
UHM608.41018__k141_155550_29	10	Formyl_trans_C	8	80.00	Aminotran_4	7
UHM615.41021__k141_140921_2	3	AAA_21	3	100.00	Lactamase_B	1
UHM585.41009__k141_65516_1	3	none	0	0.00		0
UHM20.35744__k141_97600_2	6	Integrase_H2C2	1	16.67		0
UHM554.40991__k141_99867_66	3	Mfa_like_1	1	33.33		0
UHM45.10838__k141_95_2	5	DUF5712	5	100.00	AAA_15	2
UHM636.41030__k141_273134_2	3	MazG	2	66.67	Anti-Pycsar_Apyc1	2
UHM17.10826__k141_145218_29	4	EF-G_D2	1	25.00	Glyoxalase	1
UHM608.41018__k141_91548_2	3	Cation_efflux	3	100.00	DNA_mis_repair	2
UHM17.35739__k141_55744_7	5	Phage_lysis	3	60.00	Phage_lysozyme	2
UHM563.40994__k141_149016_1	3	ACOX_C_alpha1	1	33.33	Aminotran_1_2	1
UHM17.10826__k141_60543_82	3	Ala_racemase_N	3	100.00	ASL_C2	2
UHM17.10826__k141_31410_427	3	tRNA_U5-meth_tr	3	100.00	NAGPA	1
UHM125.35768__k141_93957_12	3	Peptidase_C93	3	100.00	GCS2	3
UHM636.41030__k141_332502_179	3	HTH_3	2	66.67	HTH_26	1
UHM648.41909__k141_423832_1	4	DNA_methylase	1	25.00	ParB_N	1
UHM145.35773__k141_248103_10	3	DUF1627	2	66.67	Phg_2220_C	1
UHM578.41003__k141_69740_2	3	ChuX_HutX	3	100.00	PTP-NADK	1
UHM573.40999__k141_177522_2	4	DAO	1	25.00	Glycos_transf_2	1
UHM575.41001__k141_65595_29	4	Bac_DNA_binding	4	100.00	ATP-synt_ab	4
UHM581.41005__k141_152363_2	3	cNMP_binding	2	66.67	HTH_Crp_2	1
UHM36.10832__k141_123597_2	3	Fasciclin	1	33.33	MFS_1	1
UHM145.35773__k141_14849_2	4	Beta-lactamase	1	25.00	AraC_binding	1
UHM598.41016__k141_194605_1	3	none	0	0.00		0
UHM648.41909__k141_157552_1	3	MobC	2	66.67		0
UHM632.41027__k141_11440_522	3	DEAD	1	33.33	Gcw_chp	1
UHM633.41028__k141_166848_2	10	DUF8835	8	80.00		0
UHM633.41028__k141_355971_2	3	Acyl-CoA_dh_1	1	33.33	LacAB_rpiB	1
UHM584.41008__k141_45588_1	3	none	0	0.00		0
UHM649.41032__k141_241722_6	4	BrxC	4	100.00	DMRL_synthase	3
UHM633.41028__k141_327659_4	4	BTB	2	50.00		0
UHM570.40997__k141_94924_6	6	AAA_21	6	100.00	zf-CHCC	5
UHM20.35744__k141_171440_9	5	DUF3455	5	100.00	CMD	5
UHM41.35757__k141_159426_3	3	DUF1573	2	66.67	HTH_18	2
UHM616.41022__k141_172289_98	4	Tad	4	100.00	AAA_21	4
UHM145.35773__k141_177550_1	4	AAA_21	4	100.00	LysE	3
UHM18.10827__k141_132003_1	3	none	0	0.00		0
UHM633.41028__k141_439265_3	8	PLDc_N	3	37.50	UbiA	3
UHM632.41027__k141_274657_315	3	NADHdh	3	100.00	Fer2	1
UHM633.41028__k141_202412_1	3	none	0	0.00		0
UHM41.35757__k141_120438_1	5	PAAR_motif	1	20.00	HTH_18	1
UHM72.35762__k141_21748_2	4	HTH_18	2	50.00		0
UHM598.41016__k141_121903_1	10	none	0	0.00		0
UHM125.35770__k141_323120_39	3	none	0	0.00		0
UHM598.41016__k141_255669_2	3	none	0	0.00		0
UHM648.41909__k141_260931_2	3	Peptidase_C1	1	33.33		0
UHM590.41012__k141_106724_5	3	LIM	1	33.33		0
UHM22.35747__k141_66657_6	4	CofD	2	50.00	AAA_21	2
UHM584.41008__k141_178263_2	3	Anticodon_2	3	100.00	malic	2
UHM636.41030__k141_273586_1	3	none	0	0.00		0
UHM598.41016__k141_250400_8	3	Sterile	1	33.33		0
UHM626.41025__k141_348234_6	5	AAA_5	2	40.00	CitMHS	1
UHM565.40996__k141_11729_2	3	none	0	0.00		0
UHM41.35757__k141_136914_19	3	DUF6338	3	100.00	Dus	3
UHM596.41015__k141_170514_3	3	none	0	0.00		0
UHM633.41028__k141_239540_9	3	FeoB_N	2	66.67	GCS2	1
UHM587.41011__k141_160752_2	7	SBP_bac_3	4	57.14	ACR_tran	4
UHM17.35740__k141_105889_2	6	Glyoxalase	6	100.00	Aminotran_1_2	3
UHM617.41023__k141_273074_1	3	none	0	0.00		0
UHM102.35767__k141_86027_2	12	none	0	0.00		0
UHM564.40995__k141_70063_1	3	none	0	0.00		0
UHM626.41025__k141_18668_2	3	Hydrolase_2	3	100.00	YfbR-like	2
UHM656.41033__k141_161077_2	3	CBM_35	2	66.67	DUF898	1
UHM636.41030__k141_271118_70	3	DUF1963	1	33.33	Phage_tail_C_2	1
UHM636.41030__k141_113270_1	6	B12-binding	2	33.33	F420_oxidored	2
UHM626.41025__k141_241424_1	3	none	0	0.00		0
UHM17.35739__k141_46583_2	6	none	0	0.00		0
UHM596.41015__k141_75739_1	7	ParE_toxin	1	14.29		0
UHM45.35758__k141_35487_2	5	none	0	0.00		0
UHM41.35757__k141_144805_38	4	SpoU_methylase	2	50.00	FCD	2
UHM45.35758__k141_42993_42	3	Phage_CP76	1	33.33		0
UHM102.10840__k141_50885_5	3	DnaB_bind	3	100.00	ADH_N	3
UHM102.10840__k141_56460_1	3	none	0	0.00		0
UHM562.40993__k141_128252_212	4	GerE	4	100.00	Sigma70_ECF	4
UHM41.35757__k141_117209_1	3	Integrase_H2C2	1	33.33		0
UHM31.35748__k141_119116_5	3	DUF6221	1	33.33	NLPC_P60	1
UHM628.41026__k141_176197_6	3	none	0	0.00		0
UHM40.35754__k141_42067_57	3	DUF1133	3	100.00	NinG	2
UHM20.35744__k141_45358_14	3	Hemocyanin_C	1	33.33		0
UHM17.10826__k141_236425_3	3	none	0	0.00		0
UHM591.41013__k141_236164_39	3	DUF1800	1	33.33	PDT	1
UHM610.41019__k141_61907_52	6	AAA_19	5	83.33	ABC2_membrane	1
UHM578.41003__k141_21490_2	3	Cob_adeno_trans	3	100.00	EF-hand_1	1
UHM617.41023__k141_11190_2	5	Acetyltransf_1	5	100.00	Acyltransferase	4
UHM615.41021__k141_42825_3	3	none	0	0.00		0
UHM598.41016__k141_288873_4	3	none	0	0.00		0
UHM577.41002__k141_95919_3	5	GST_C	2	40.00	AMNp_N	1
UHM666.41034__k141_380073_82	3	Polyketide_cyc2	2	66.67	HTH_1	2
UHM102.10840__k141_94533_1	5	TraD	5	100.00	Bundlin	2
UHM20.35744__k141_183751_35	3	DUF6745	2	66.67	BD-FAE	2
UHM608.41018__k141_157849_4	3	HTH_3	2	66.67	FecR	1
UHM125.35769__k141_128852_5	5	DUF1775	2	40.00		0
UHM18.10827__k141_39362_1	3	none	0	0.00		0
UHM572.40998__k141_58180_28	3	Histone_HNS_N	2	66.67		0
UHM20.10828__k141_160167_1	3	none	0	0.00		0
UHM564.40995__k141_168933_2	3	Arginase	2	66.67	DUF6683	1
UHM591.41013__k141_46017_1	6	M20_dimer	4	66.67	Na_H_Exchanger	2
UHM38.35753__k141_35420_1	3	DUF7347	1	33.33	Topoisom_bac	1
UHM632.41027__k141_264396_45	3	3Beta_HSD	2	66.67		0
UHM22.35746__k141_47656_1	10	none	0	0.00		0
UHM644.41031__k141_165964_22	3	Abhydrolase_1	2	66.67	HATPase_c	1
UHM628.41026__k141_75072_1	3	Mononeg_RNA_pol	1	33.33		0
UHM633.41028__k141_67146_1	3	DUF218	1	33.33	TraB_PrgY_gumN	1
UHM648.41909__k141_301077_2	3	none	0	0.00		0
UHM580.41004__k141_47067_4	5	Secretin	5	100.00		0
UHM648.41909__k141_113177_7	3	Hydrolase_2	2	66.67		0
UHM626.41025__k141_101693_231	4	Phosphorylase	2	50.00	MgtC	2
UHM649.41032__k141_206971_6	3	Zincin_1	2	66.67	DUF4893	1
UHM41.35757__k141_952_16	5	Integrase_1	4	80.00	Arm-DNA-bind_3	1
UHM31.35749__k141_153081_1	44	none	0	0.00		0
UHM570.40997__k141_93725_15	5	AAA	4	80.00	Pterin_bind	2
UHM666.41034__k141_249392_1	3	none	0	0.00		0
UHM40.35755__k141_125345_3	3	none	0	0.00		0
UHM102.10840__k141_30744_2	6	DEAD	4	66.67	PagL	4
UHM578.41003__k141_6739_2	4	none	0	0.00		0
UHM102.35767__k141_1498_1	3	none	0	0.00		0
UHM644.41031__k141_320712_94	4	CYTH	3	75.00	5-FTHF_cyc-lig	3
UHM45.35759__k141_21040_1	3	none	0	0.00		0
UHM598.41016__k141_227908_3	3	none	0	0.00		0
UHM17.10826__k141_173277_1	3	none	0	0.00		0
UHM594.41014__k141_65236_26	4	Plug	4	100.00		0
UHM610.41019__k141_253844_4	8	Peripla_BP_1	7	87.50	DUF2970	3
UHM72.35764__k141_10219_2	3	VirB8	3	100.00	TrbL	3
UHM598.41016__k141_235654_43	3	Phage_lysozyme	1	33.33	Laminin_G_3	1
UHM562.40993__k141_125169_2	4	MIP	2	50.00	DUF3597	1
UHM125.35770__k141_83147_2	10	Carb_kinase	6	60.00	HAD	4
UHM633.41028__k141_267564_2	4	none	0	0.00		0
UHM656.41033__k141_248234_1	3	BLUF	2	66.67	AAA	1
UHM45.35758__k141_2802_19	3	DUF8465	2	66.67		0
UHM36.10832__k141_154862_1	4	Gypsy	1	25.00		0
UHM636.41030__k141_211483_1	3	Ferric_reduct	1	33.33		0
UHM608.41018__k141_188638_47	3	Phage_cap_E	2	66.67	Phage_attach	2
UHM145.35772__k141_134060_1	3	DUF1376	2	66.67	HTH_36	1
UHM577.41002__k141_30403_2	3	none	0	0.00		0
UHM624.41024__k141_36840_1	3	none	0	0.00		0
UHM125.35769__k141_29064_1	4	none	0	0.00		0
UHM36.35751__k141_14547_1	3	none	0	0.00		0
UHM649.41032__k141_360803_1	3	none	0	0.00		0
UHM608.41018__k141_59177_2	3	none	0	0.00		0
UHM22.35747__k141_95228_1	3	Acetyltransf_1	2	66.67	Fer4	2
UHM633.41028__k141_319847_1	3	none	0	0.00		0
UHM586.41010__k141_94016_1	6	none	0	0.00		0
UHM632.41027__k141_122861_1	3	none	0	0.00		0
UHM125.35770__k141_266707_1	3	none	0	0.00		0
UHM594.41014__k141_5523_2	3	DUF2794	2	66.67		0
UHM624.41024__k141_292599_9	5	AMP-binding	5	100.00	Asn_synthase	4
UHM20.35743__k141_84923_2	3	none	0	0.00		0
UHM72.35764__k141_14167_3	3	SmpB	3	100.00		0
UHM624.41024__k141_461974_3	3	DUF4287	1	33.33	BPSS1818	1
UHM41.35757__k141_151797_1	3	none	0	0.00		0
UHM18.10827__k141_102308_142	3	EAL	3	100.00		0
UHM624.41024__k141_490076_119	4	FAD_binding_2	1	25.00	Heme_oxygenase	1
UHM584.41008__k141_113353_2	3	LacI	3	100.00		0
UHM72.35763__k141_9178_2	7	MRM3-like_sub_bind	3	42.86	DHO_dh	2
UHM594.41014__k141_61753_4	4	K319L-like_PKD	1	25.00	CENP-B_N	1
UHM125.35770__k141_310167_8	8	CBS	3	37.50	SBP_bac_1	2
UHM624.41024__k141_190771_1	3	HTH_11	3	100.00	GvpU-like	1
UHM562.40993__k141_174653_20	4	none	0	0.00		0
UHM636.41030__k141_284288_11	3	none	0	0.00		0
UHM575.41001__k141_253761_1	5	Cytochrom_C_asm	5	100.00	AAA_25	1
UHM610.41019__k141_84453_1	3	THAP4_heme-bd	3	100.00		0
UHM41.35757__k141_187471_1	14	UQ_con	1	7.14		0
UHM38.35752__k141_183784_17	9	MIP	3	33.33	AAA_21	1
UHM594.41014__k141_111930_1	4	SMI1_KNR4	4	100.00		0
UHM608.41018__k141_137062_1	3	none	0	0.00		0
UHM145.35771__k141_73629_3	4	Esterase	3	75.00	RNase_T	2
UHM20.35744__k141_114233_40	9	Acetyltransf_1	2	22.22	DUF87	1
UHM632.41027__k141_22331_1	4	none	0	0.00		0
UHM648.41909__k141_47406_8	3	none	0	0.00		0
UHM598.41016__k141_126106_1	10	zf-C2H2	1	10.00		0
UHM587.41011__k141_30894_1	3	Metallophos	3	100.00	BRCT	2
UHM38.35753__k141_209297_1	3	none	0	0.00		0
UHM40.35754__k141_118405_2	7	dCMP_cyt_deam_1	6	85.71		0
UHM634.41029__k141_207870_1	3	none	0	0.00		0
UHM598.41016__k141_217973_59	3	Zn_ribbon_NrdR	2	66.67	DnaB	1
UHM572.40998__k141_147891_2	13	none	0	0.00		0
UHM617.41023__k141_164141_12	3	none	0	0.00		0
UHM18.10827__k141_42615_4	5	EAL	3	60.00	MafI2	1
UHM36.10832__k141_32004_4	3	Wzz	3	100.00	Acetyltransf_1	3
UHM648.41909__k141_1459_1	3	none	0	0.00		0
UHM125.35769__k141_248031_1	115	Integrase_H2C2	1	0.87		0
UHM36.35751__k141_41527_20	3	S1-P1_nuclease	3	100.00	LMWPc	2
UHM554.40991__k141_115573_13	3	RtcB	3	100.00	Response_reg	2
UHM648.41909__k141_103312_1	3	none	0	0.00		0
UHM22.35746__k141_91329_1	3	none	0	0.00		0
UHM644.41031__k141_15619_2	3	none	0	0.00		0
UHM648.41909__k141_101970_1	4	Mre11_DNA_bind	1	25.00	Pkinase	1
UHM125.35770__k141_290010_4	3	DEAD	3	100.00	Rotamase	3
UHM22.35747__k141_107922_3	3	Ribosom_S12_S23	1	33.33	RNA_pol_Rpb1_1	1
UHM624.41024__k141_56205_1	6	Seryl_tRNA_N	2	33.33		0
UHM38.35752__k141_131123_21	3	DUF4386	1	33.33	AAA	1
UHM18.35742__k141_7004_321	3	HTH_8	3	100.00		0
UHM610.41019__k141_95062_5	4	FAD_binding_9	2	50.00		0
UHM20.35744__k141_77342_41	3	Esterase	3	100.00	AHSA1	2
UHM633.41028__k141_261539_1	3	none	0	0.00		0
UHM633.41028__k141_394378_2	3	COesterase	1	33.33		0
UHM628.41026__k141_293113_1	3	none	0	0.00		0
UHM626.41025__k141_264708_1	3	HGTP_anticodon	1	33.33		0
UHM656.41033__k141_278196_2	5	HTH_3	2	40.00		0
UHM125.35770__k141_58804_1	3	none	0	0.00		0
UHM649.41032__k141_5065_5	4	PALP	2	50.00	ATP-synt_DE_N	2
UHM17.10826__k141_121363_2	3	Exo_endo_phos	3	100.00	Sel1	3
UHM38.35752__k141_70319_16	5	Acyltransferase	5	100.00	PAP2_3	3
UHM644.41031__k141_37229_2	4	none	0	0.00		0
UHM598.41016__k141_100016_499	3	SLFN_AlbA_2	2	66.67	NOV_C	1
UHM56.35760__k141_4948_3	5	none	0	0.00		0
UHM125.35769__k141_237755_53	5	Dus	2	40.00	Response_reg	2
UHM570.40997__k141_22111_74	3	Acetyltransf_1	3	100.00	Usp	2
UHM31.35749__k141_87074_2	3	7tm_6	1	33.33		0
UHM577.41002__k141_128050_5	4	ACT	1	25.00	5-nucleotidase	1
UHM72.35764__k141_21975_3	3	XusB	2	66.67		0
UHM666.41034__k141_51801_1	3	none	0	0.00		0
UHM666.41034__k141_314471_1	3	none	0	0.00		0
UHM666.41034__k141_287680_1	5	none	0	0.00		0
UHM56.35760__k141_45142_1	5	none	0	0.00		0
UHM580.41004__k141_156523_1	3	none	0	0.00		0
UHM666.41034__k141_225145_2	3	none	0	0.00		0
UHM72.35762__k141_42529_95	3	Cupin_2	3	100.00	CarbopepD_reg_2	1
UHM591.41013__k141_266065_147	3	XkdV_N	2	66.67		0
UHM656.41033__k141_52237_30	4	QueH	4	100.00	Transglut_core2	4
UHM562.40993__k141_157819_10	3	DUF4124	3	100.00	Rib_5-P_isom_A	3
UHM586.41010__k141_40698_1	3	WGR	1	33.33	DUF4326	1
UHM633.41028__k141_91590_1	3	MbnP	2	66.67		0
UHM125.35770__k141_283948_1	3	none	0	0.00		0
UHM102.35766__k141_22675_1	4	none	0	0.00		0
UHM45.10838__k141_18188_4	4	HTH_3	3	75.00	ArdA	3
UHM102.35767__k141_149278_47	5	ACAS_N	4	80.00	GSDH	1
UHM636.41030__k141_318956_11	3	none	0	0.00		0
UHM22.35745__k141_86245_2	4	DUF1003	3	75.00		0
UHM624.41024__k141_453689_1	3	none	0	0.00		0
UHM577.41002__k141_63594_1	3	Lsr2	3	100.00	tRNA-synt_2	1
UHM591.41013__k141_152641_1	4	DJR-like_dom	2	50.00	DUF4953	1
UHM590.41012__k141_300990_1	5	ABC2_membrane	1	20.00	YCII	1
UHM617.41023__k141_26273_170	4	M20_dimer	1	25.00	Plug	1
UHM18.35741__k141_121448_5	3	none	0	0.00		0
UHM649.41032__k141_222962_3	3	SlyX	3	100.00	DSBA	2
UHM565.40996__k141_149439_13	3	Exo_endo_phos	2	66.67	CMAS	1
UHM72.35762__k141_65686_4	5	Methyltransf_15	2	40.00	Methyltransf_31	2
UHM145.35771__k141_79960_386	3	Pentapeptide	2	66.67	Glucosaminidase	2
UHM20.10828__k141_66329_2	4	F420_oxidored	2	50.00		0
UHM628.41026__k141_262251_453	3	His_kinase	2	66.67	Lactamase_B	1
UHM636.41030__k141_78821_313	3	3HCDH	3	100.00	ketoacyl-synt	2
UHM40.35754__k141_105244_2	4	NikR_C	4	100.00	ATP-grasp	2
UHM633.41028__k141_33491_4	3	RibD_C	1	33.33	WG_beta_rep	1
UHM649.41032__k141_43924_49	3	YjhX_toxin	2	66.67	Sigma70_ECF	2
UHM633.41028__k141_156190_1	4	none	0	0.00		0
UHM598.41016__k141_188459_2	3	none	0	0.00		0
UHM40.35754__k141_56740_27	6	MipA	6	100.00		0
UHM594.41014__k141_82207_1	4	none	0	0.00		0
UHM578.41003__k141_115239_1	3	none	0	0.00		0
UHM598.41016__k141_42916_2	4	GST_C	4	100.00	GATase_2	3
UHM575.41001__k141_79398_525	5	AAA_21	2	40.00	LD_SV2	1
UHM554.40991__k141_222821_79	3	DoxA	3	100.00	HTH_18	1
UHM649.41032__k141_330787_5	4	DDE_Tnp_1	1	25.00	NOV_C	1
UHM624.41024__k141_422733_55	5	DUF998	3	60.00	Mrr_cat	1
UHM644.41031__k141_236615_2	5	Response_reg	5	100.00	HATPase_c	4
UHM581.41005__k141_148688_1	5	Ble-like_N	3	60.00	Rotamase	2
UHM656.41033__k141_118058_9	3	none	0	0.00		0
UHM584.41008__k141_33225_2	3	none	0	0.00		0
UHM634.41029__k141_15708_1	3	none	0	0.00		0
UHM20.35744__k141_80108_2	3	AAA_21	2	66.67	DEAD	2
UHM644.41031__k141_150293_3	4	ELFV_dehydrog	1	25.00	DUF8412	1
UHM570.40997__k141_72252_5	3	RibD_C	3	100.00	DEAD	2
UHM36.35750__k141_58241_93	3	Sigma70_r2	3	100.00	MFS_1	3
UHM38.35753__k141_242666_1	3	none	0	0.00		0
UHM45.35758__k141_102407_1	5	HTH_1	5	100.00	TerC	4
UHM31.10830__k141_37662_1	5	none	0	0.00		0
UHM581.41005__k141_139777_1	6	none	0	0.00		0
UHM72.35763__k141_56020_40	3	Acetyltransf_1	1	33.33	Autotransporter	1
UHM648.41909__k141_130111_1	4	none	0	0.00		0
UHM562.40993__k141_159561_59	3	DUF7673	1	33.33	DUF8453	1
UHM22.35747__k141_3973_47	3	AI-2E_transport	1	33.33	DAGK_cat	1
UHM580.41004__k141_88228_1	7	none	0	0.00		0
UHM634.41029__k141_22080_8	3	none	0	0.00		0
UHM56.35761__k141_125662_33	3	Gcw_chp	3	100.00		0
UHM594.41014__k141_65552_2	3	none	0	0.00		0
UHM17.35739__k141_10370_3	5	DUF7882	3	60.00		0
UHM580.41004__k141_76539_1	3	DoxD	1	33.33	LacI	1
UHM633.41028__k141_486148_7	3	ABC2_membrane_7	1	33.33		0
UHM36.35751__k141_36644_4	4	DUF6134	1	25.00		0
UHM572.40998__k141_145840_6	3	none	0	0.00		0
UHM624.41024__k141_472590_1	4	none	0	0.00		0
UHM636.41030__k141_65116_8	6	Top1B_N_bact	4	66.67	adh_short	4
UHM633.41028__k141_449265_3	4	F-box	2	50.00		0
UHM656.41033__k141_197744_4	7	none	0	0.00		0
UHM632.41027__k141_327967_30	3	PTPS	1	33.33	YagK_YfjJ_C	1
UHM570.40997__k141_21448_87	3	OMP_b-brl_3	1	33.33	Fer4_12	1
UHM17.10826__k141_216604_9	3	4HBT	2	66.67	HTH_18	2
UHM17.35740__k141_42788_1	8	Integrase_H2C2	1	12.50	Baculo_F	1
UHM616.41022__k141_71706_1	3	none	0	0.00		0
UHM632.41027__k141_321645_3	5	none	0	0.00		0
UHM38.35753__k141_48947_413	3	RdgC	1	33.33		0
UHM563.40994__k141_102026_45	6	Rhomboid	6	100.00	DUF2490	5
UHM72.35764__k141_60560_23	4	Acetyltransf_CG	3	75.00		0
UHM17.10826__k141_20622_145	4	Plug	3	75.00	DUF3299	3
UHM648.41909__k141_361468_11	3	DUF1304	3	100.00	DUF4442	3
UHM633.41028__k141_164611_2	3	Sigma70_r2	2	66.67	Phosphodiest	1
UHM72.35764__k141_82386_2	3	ABC_ATPase	2	66.67	Acetyltransf_1	2
UHM666.41034__k141_160612_1	4	none	0	0.00		0
UHM56.35761__k141_203518_1	3	none	0	0.00		0
UHM45.10838__k141_6568_3	3	HTH_17	3	100.00		0
UHM38.35753__k141_13924_2	17	none	0	0.00		0
UHM598.41016__k141_139322_13	4	Neur_chan_LBD	2	50.00		0
UHM626.41025__k141_281106_2	7	Integrase_H2C2	2	28.57	RVT_1	1
UHM624.41024__k141_108673_2	13	Gag_N	2	15.38	RVT_1	1
UHM40.10834__k141_119282_4	3	RecA_dep_nuc	3	100.00		0
UHM634.41029__k141_263974_4	4	none	0	0.00		0
UHM610.41019__k141_253230_5	5	Phage_tail_2	4	80.00	TMP_2	1
UHM633.41028__k141_140520_1	3	none	0	0.00		0
UHM56.35760__k141_94835_5	3	none	0	0.00		0
UHM38.35752__k141_121731_149	6	ECH_1	6	100.00	DUF1289	4
UHM633.41028__k141_125564_2	3	none	0	0.00		0
UHM145.35771__k141_114957_279	4	Aminotran_1_2	2	50.00	ADH_N	2
UHM145.35771__k141_87199_3	5	CHASE2	4	80.00	LysE	1
UHM636.41030__k141_126854_2	5	Phage_integrase	3	60.00	UCH	1
UHM648.41909__k141_165849_3	3	none	0	0.00		0
UHM45.35758__k141_103304_4	3	PIN_4	1	33.33	GAF	1
UHM554.40991__k141_192787_43	3	TetR	2	66.67		0
UHM41.35756__k141_59643_2	4	XusB	3	75.00	GerE	1
UHM648.41909__k141_68262_1	3	none	0	0.00		0
UHM656.41033__k141_116054_82	4	DAO	4	100.00	Polysacc_synt	4
UHM562.40993__k141_142459_2	3	VTT_dom	3	100.00	SelR	2
UHM563.40994__k141_4832_7	4	DUF6597	2	50.00	DUF1330	1
UHM596.41015__k141_211874_1	3	none	0	0.00		0
UHM17.35740__k141_10625_1	3	Cds6_C	1	33.33		0
UHM554.40991__k141_82732_10	4	AAA_19	4	100.00		0
UHM31.35749__k141_65211_2	3	SSB	1	33.33		0
UHM610.41019__k141_101959_17	3	none	0	0.00		0
UHM22.35747__k141_56395_402	3	none	0	0.00		0
UHM20.10828__k141_131085_12	3	DSBA	3	100.00	N_methyl	1
UHM634.41029__k141_6144_1	3	CarD_TRCF_RID	1	33.33	Pept_tRNA_hydro	1
UHM648.41909__k141_352487_1	5	none	0	0.00		0
UHM18.10827__k141_10522_61	3	AA_kinase	3	100.00	Acetyltransf_1	2
UHM634.41029__k141_259188_29	3	Por_Secre_tail	1	33.33		0
UHM125.35769__k141_31918_2	4	Acyl_transf_3	2	50.00	HTH_18	1
UHM18.35741__k141_17734_1	3	none	0	0.00		0
UHM575.41001__k141_163750_1	4	FliMN_C	3	75.00		0
UHM633.41028__k141_391878_1	3	DUF3915	1	33.33		0
UHM649.41032__k141_120454_2	3	Beta-lactamase	1	33.33	DUF4328	1
UHM582.41006__k141_78277_56	3	Asp23	2	66.67		0
UHM616.41022__k141_136389_420	3	TehB-like	3	100.00	FecCD	3
UHM72.35762__k141_80555_1	3	NMT1	3	100.00	DUF2336	2
UHM38.35753__k141_143549_4	7	PM0498	2	28.57	Fil_haemagg_2	1
UHM656.41033__k141_102269_2	5	Zn_ribbon_TFIIB	2	40.00	DUF4302	1
UHM633.41028__k141_265832_2	4	GFO_IDH_MocA	1	25.00	Por_Secre_tail	1
UHM22.35746__k141_118435_1	3	Metallophos	1	33.33		0
UHM41.35756__k141_4782_14	3	BON	1	33.33	WXXGXW	1
UHM41.35757__k141_52544_51	5	MFS_1	5	100.00	HTH_1	3
UHM632.41027__k141_99219_2	3	Mu-transpos_C_2	1	33.33	HTH_1	1
UHM577.41002__k141_14742_2	3	Isochorismatase	1	33.33	DUF4148	1
UHM36.35751__k141_56002_1	3	DUF1931	2	66.67	ArsA_HSP20	2
UHM18.35742__k141_86367_12	3	none	0	0.00		0
UHM649.41032__k141_337172_3	4	Phage_holin_3_6	2	50.00	DNA_mis_repair	1
UHM102.35766__k141_155694_1	5	ParB_N	2	40.00	DNA_methylase	1
UHM590.41012__k141_133515_1	4	none	0	0.00		0
UHM598.41016__k141_358_1	3	Ku	2	66.67	MgtC	1
UHM562.40993__k141_68311_54	5	Lactamase_B	1	20.00	DUF4304	1
UHM18.35742__k141_55787_3	3	none	0	0.00		0
UHM590.41012__k141_104501_2	3	Pol_BBD	1	33.33		0
UHM626.41025__k141_215026_79	3	N_methyl	3	100.00	PilN	2
UHM648.41909__k141_351736_7	3	Thiolase_C	3	100.00	SBP_bac_5	2
UHM656.41033__k141_165036_2	3	CTP_transf_3	3	100.00	CarboxypepD_reg	1
UHM628.41026__k141_193765_2	3	Acetyltransf_6	3	100.00	GTP_EFTU	2
UHM598.41016__k141_184495_2	5	zf-C4	1	20.00		0
UHM125.35768__k141_152512_2	3	HAD_2	1	33.33		0
UHM648.41909__k141_264495_1	3	none	0	0.00		0
UHM562.40993__k141_161094_8	8	GntR	7	87.50	GSHPx	6
UHM38.35753__k141_67294_3	3	AbiH	1	33.33	bPH_3	1
UHM656.41033__k141_289834_1	3	Glycos_transf_2	1	33.33		0
UHM40.35754__k141_96987_1	5	Zn_peptidase	4	80.00	DUF1828	1
UHM41.35757__k141_15989_5	6	AsnC_trans_reg	5	83.33		0
UHM40.35755__k141_114173_4	5	AAA_15	2	40.00	VF_A0006	2
UHM587.41011__k141_187528_40	9	VasX_N	2	22.22		0
UHM565.40996__k141_156114_333	4	1-cysPrx_C	2	50.00	FA_desaturase	1
UHM36.35750__k141_100024_2	4	Peptidase_M23	1	25.00		0
UHM610.41019__k141_238663_2	10	DUF4397	1	10.00	DDE_Tnp_1_6	1
UHM36.35751__k141_41330_2	5	LacY_symp	1	20.00	Imm53	1
UHM632.41027__k141_48844_2	4	Rotamase	4	100.00		0
UHM648.41909__k141_410503_3	3	none	0	0.00		0
UHM573.40999__k141_176257_2	3	CorC_HlyC	1	33.33	Aminotran_1_2	1
UHM574.41000__k141_101282_2	3	HATPase_c	1	33.33		0
UHM102.35766__k141_127193_2	3	none	0	0.00		0
UHM17.10826__k141_144562_63	3	2-Hacid_dh	3	100.00	AAA_21	2
UHM558.40992__k141_37138_36	4	Derepression	4	100.00	DUF5375	4
UHM56.35760__k141_57185_27	3	ABATE	1	33.33		0
UHM633.41028__k141_359611_2	3	Alpha-amylase	1	33.33	DNA_ligase_A_C	1
UHM20.35744__k141_184496_1	3	none	0	0.00		0
UHM102.35767__k141_78315_1	5	none	0	0.00		0
UHM582.41006__k141_65104_1	4	none	0	0.00		0
UHM562.40993__k141_134661_4	4	DUF3137	1	25.00	Y1_Tnp	1
UHM610.41019__k141_68762_1	3	none	0	0.00		0
UHM41.35756__k141_85904_1	3	none	0	0.00		0
UHM563.40994__k141_135689_106	3	LPG_synthase_TM	3	100.00		0
UHM581.41005__k141_62817_89	3	FliE	3	100.00	HTH_18	1
UHM575.41001__k141_70819_1	3	dCMP_cyt_deam_1	2	66.67		0
UHM125.35770__k141_119273_1	3	none	0	0.00		0
UHM598.41016__k141_223437_3	3	AAA_11	2	66.67	HTH_24	1
UHM554.40991__k141_100871_37	4	Peptidase_M54	3	75.00	Lipocalin_4	2
UHM564.40995__k141_69798_1	3	none	0	0.00		0
UHM38.35752__k141_13037_9	4	ABC1	4	100.00	MRP-S28	2
UHM18.35741__k141_115955_23	3	SNF	2	66.67	Ion_trans_2	1
UHM610.41019__k141_274121_2	4	PRE_C2HC	1	25.00		0
UHM587.41011__k141_144402_3	5	DUF5684	5	100.00	CarbopepD_reg_2	1
UHM17.10826__k141_34663_77	4	DUF402	4	100.00	Coat_F	4
UHM102.35766__k141_54460_9	3	HTH_10	1	33.33		0
UHM587.41011__k141_204698_659	4	Transp_cyt_pur	3	75.00	Phytase-like	3
UHM577.41002__k141_112225_20	5	KTSC	2	40.00		0
UHM591.41013__k141_366109_1	3	none	0	0.00		0
UHM56.35760__k141_76813_5	3	ADH_N_2	2	66.67	AraC_binding	2
UHM617.41023__k141_218240_20	3	LpoB	3	100.00	AhpC-TSA	2
UHM41.35756__k141_92591_11	5	Lipocalin	2	40.00	PEPCK_ATP	2
UHM41.35757__k141_114178_1	6	MFS_1	2	33.33	AAA_23	2
UHM585.41009__k141_136051_659	3	Top1B_N_bact	2	66.67	Csp	1
UHM563.40994__k141_107774_222	3	Phage_portal_2	1	33.33		0
UHM577.41002__k141_49888_7	5	TelA	5	100.00	AAA	5
UHM590.41012__k141_95507_1	4	TMP_3	2	50.00		0
UHM31.35748__k141_20167_1	5	Phage_lysozyme	3	60.00	SRAP	1
UHM648.41909__k141_55504_9	3	BTB	3	100.00	BACK_BPM_SPOP	1
UHM17.35740__k141_9814_1	3	none	0	0.00		0
UHM598.41016__k141_236621_2	4	CPSase_L_D2	1	25.00		0
UHM565.40996__k141_63470_5	3	PDDEXK_4	1	33.33	His_Phos_1	1
UHM56.35760__k141_992_2	3	none	0	0.00		0
UHM633.41028__k141_346466_1	5	DUF8818	5	100.00	Glyco_trans_1_3	4
UHM38.35752__k141_72249_1	3	none	0	0.00		0
UHM38.35752__k141_138756_3	3	none	0	0.00		0
UHM20.35744__k141_38687_1	4	RT_RNaseH	1	25.00		0
UHM666.41034__k141_341770_143	3	HTH_3	1	33.33	Metallophos	1
UHM145.35772__k141_71565_71	3	none	0	0.00		0
UHM636.41030__k141_162899_1	5	FdhD-NarQ	4	80.00	Ni_hydr_CYTB	2
UHM564.40995__k141_170351_259	3	MEKHLA	1	33.33	Fic	1
UHM648.41909__k141_89851_2	3	none	0	0.00		0
UHM586.41010__k141_110179_41	3	Bac_rhamnosid	2	66.67	Methyltransf_25	1
UHM22.35747__k141_445_6	5	HTH_27	1	20.00	DsbD_2	1
UHM649.41032__k141_36637_2	6	Pan_kinase	4	66.67	Glycos_transf_1	1
UHM572.40998__k141_91812_1	9	R1_ORF1_N	1	11.11		0
UHM666.41034__k141_321536_47	3	YbjN	3	100.00	STN	2
UHM563.40994__k141_48593_2	3	Aldolase_II	2	66.67	Response_reg	1
UHM564.40995__k141_86390_30	3	AAA_21	1	33.33	AA_permease	1
UHM649.41032__k141_370016_2	3	Bact_transglu_N	2	66.67	DUF3309	2
UHM17.10826__k141_78002_45	3	tRNA-synt_1c	3	100.00	DHquinase_II	3
UHM20.35744__k141_116673_1	3	none	0	0.00		0
UHM17.35740__k141_58640_1	3	none	0	0.00		0
UHM624.41024__k141_139763_2	3	Ank	2	66.67		0
UHM586.41010__k141_97770_23	3	WG_beta_rep	1	33.33		0
UHM656.41033__k141_10545_85	3	VTT_dom	2	66.67		0
UHM648.41909__k141_6760_5	3	none	0	0.00		0
UHM633.41028__k141_249627_8	3	none	0	0.00		0
UHM598.41016__k141_167786_2	3	Exo_endo_phos_2	2	66.67		0
UHM20.35743__k141_34528_2	3	Methyltransf_11	2	66.67		0
UHM649.41032__k141_265699_2	6	FdhD-NarQ	5	83.33	Molybdopterin	2
UHM125.35770__k141_112589_4	14	Piwi	1	7.14		0
UHM20.35744__k141_12011_4	3	none	0	0.00		0
UHM656.41033__k141_253302_2	6	PepSY	3	50.00	PepSY_TM	2
UHM608.41018__k141_120660_192	3	GldC-like	3	100.00	DUF421	3
UHM22.35746__k141_112312_2	4	DDE_Tnp_IS1595	3	75.00		0
UHM22.35745__k141_27051_4	4	Plug	1	25.00		0
UHM41.35757__k141_120716_11	3	DUF1642	1	33.33		0
UHM72.35762__k141_92426_10	6	Epimerase	4	66.67		0
UHM648.41909__k141_98940_16	3	DDE_1	1	33.33		0
UHM649.41032__k141_97541_102	3	Coprogen_oxidas	2	66.67		0
UHM615.41021__k141_104970_121	5	CsbD	1	20.00		0
UHM598.41016__k141_264367_1	3	none	0	0.00		0
UHM40.10834__k141_44606_65	4	Cation_ATPase	4	100.00		0
UHM615.41021__k141_49027_1	3	Poly_export	1	33.33	EF-G_D2	1
UHM36.35750__k141_93473_228	6	tRNA-synt_2	6	100.00	PNPOx_N	2
UHM644.41031__k141_63363_22	6	DUF4287	2	33.33	cREC_REC	1
UHM570.40997__k141_44137_20	4	adh_short	4	100.00	DUF2867	3
UHM125.35769__k141_120290_3	3	Hydrolase_2	2	66.67		0
UHM648.41909__k141_287330_2	5	RVT_1	4	80.00		0
UHM666.41034__k141_125597_53	5	RCC1	3	60.00	APH	2
UHM617.41023__k141_27671_41	7	DUF1751	3	42.86	PEPCK_GTP	2
UHM644.41031__k141_70068_3	4	DUF6088	1	25.00		0
UHM594.41014__k141_43913_1	3	AI-2E_transport	1	33.33		0
UHM644.41031__k141_239995_19	3	CtaG_Cox11	3	100.00	COX1	2
UHM648.41909__k141_309051_3	4	Lig_chan-Glu_bd	1	25.00		0
UHM591.41013__k141_203956_1	3	none	0	0.00		0
UHM644.41031__k141_157170_201	4	AhpC-TSA	4	100.00	SusD-like_3	4
UHM31.35748__k141_93530_5	4	Meth_synt_1	3	75.00		0
UHM649.41032__k141_50608_1	3	Cob_adeno_trans	3	100.00	Lipase_GDSL	1
UHM38.35753__k141_100907_1	3	Peptidase_S24	1	33.33		0
UHM587.41011__k141_11212_233	4	ABC_tran	1	25.00	BPD_transp_1	1
UHM626.41025__k141_135429_20	3	Glyco_hydro_19	2	66.67		0
UHM582.41006__k141_73164_2	3	ATP-synt_A	3	100.00		0
UHM102.35767__k141_215469_191	3	MspA	2	66.67		0
UHM624.41024__k141_1977_1	3	none	0	0.00		0
UHM45.35758__k141_97823_15	3	Glyco_hydro_31_2nd	1	33.33	URO-D	1
UHM634.41029__k141_300319_16	5	Cast	1	20.00	CPE_synthase	1
UHM18.35742__k141_174708_1	3	none	0	0.00		0
UHM644.41031__k141_94223_53	3	Phosphoesterase	2	66.67	Exo_endo_phos	1
UHM20.10828__k141_110727_3	3	M16C_assoc	1	33.33		0
UHM617.41023__k141_302427_91	4	YajQ	3	75.00	PLDc_2	3
UHM582.41006__k141_30346_1	5	Phage_tail_2	4	80.00	TMP_3	4
UHM563.40994__k141_76192_23	5	Iron_permease	2	40.00	TctC	1
UHM125.35770__k141_44509_3	3	DUF2171	3	100.00	SNase	2
UHM648.41909__k141_388862_1	10	none	0	0.00		0
UHM40.35754__k141_61319_58	3	His_Phos_1	3	100.00	TctC	3
UHM102.35767__k141_109969_1	5	gag_pre-integrs	1	20.00		0
UHM626.41025__k141_89080_10	4	META	4	100.00	Aminotran_1_2	2
UHM666.41034__k141_115222_1	4	HSP20	2	50.00	NPCBM_assoc	1
UHM45.35758__k141_17176_7	4	EAL	2	50.00	Oxidored_FMN	1
UHM20.35744__k141_1050_42	4	Fer2_BFD	3	75.00	Rieske	3
UHM648.41909__k141_341286_12	4	SufE	2	50.00	HATPase_c	1
UHM596.41015__k141_87739_2	3	none	0	0.00		0
UHM41.35756__k141_3989_5	7	none	0	0.00		0
UHM40.10834__k141_41206_5	6	Usp	5	83.33		0
UHM38.35753__k141_275301_10	4	GerE	4	100.00	Beta-AFase-like_GH127_cat	2
UHM570.40997__k141_7227_7	3	VanY	2	66.67	LPG_synthase_C	1
UHM644.41031__k141_325777_12	3	Mrr_cat	1	33.33	RHS_repeat	1
UHM608.41018__k141_99953_4	3	GerE	2	66.67	LRR_4	1
UHM586.41010__k141_99426_2	4	ACOX_C_alpha1	3	75.00		0
UHM666.41034__k141_309796_3	4	BacA	4	100.00	Asp_Glu_race	3
UHM40.35755__k141_49138_118	3	none	0	0.00		0
UHM587.41011__k141_107508_1	3	ParB_N	1	33.33		0
UHM610.41019__k141_49191_75	4	MFS_1	1	25.00	PALP	1
UHM624.41024__k141_328360_1	3	TerB	1	33.33	PhdYeFM_antitox	1
UHM598.41016__k141_60636_2	3	none	0	0.00		0
UHM56.35760__k141_10086_1	4	GILT	1	25.00		0
UHM610.41019__k141_238299_3	3	YkuD	2	66.67		0
UHM17.10826__k141_188532_68	3	DUF2746	1	33.33		0
UHM562.40993__k141_108623_1	4	none	0	0.00		0
UHM633.41028__k141_131805_3	4	ketoacyl-synt	1	25.00		0
UHM598.41016__k141_198645_1	5	none	0	0.00		0
UHM22.35745__k141_38651_2	3	RNase_T	3	100.00	PIN	1
UHM580.41004__k141_205803_2	3	none	0	0.00		0
UHM145.35773__k141_17280_160	3	none	0	0.00		0
UHM649.41032__k141_217738_64	4	none	0	0.00		0
UHM22.35746__k141_97094_18	3	DUF998	2	66.67	DUF4279	1
UHM656.41033__k141_25642_3	3	HD	3	100.00	HHH_3	2
UHM38.35753__k141_172707_3	9	DUF421	4	44.44	ANAPC4_WD40	2
UHM598.41016__k141_190206_3	3	none	0	0.00		0
UHM20.35744__k141_171183_1	3	none	0	0.00		0
UHM22.35746__k141_132083_1	5	none	0	0.00		0
UHM41.35757__k141_136545_1	3	none	0	0.00		0
UHM574.41000__k141_10310_2	4	DUF2062	4	100.00	TerC	3
UHM628.41026__k141_30577_2	3	FAD_binding_4	3	100.00	DNA_pol_A_exo1	2
UHM633.41028__k141_67125_2	3	AhpC-TSA	1	33.33	Peptidase_C39	1
UHM72.35762__k141_99524_4	5	Bac_globin	4	80.00	AAA_21	3
UHM565.40996__k141_148082_1	3	Acetyltransf_1	3	100.00	CDP-OH_P_transf	2
UHM102.35766__k141_141106_52	5	Enolase_C	4	80.00		0
UHM634.41029__k141_176290_1	3	DctM	1	33.33	DctP	1
UHM572.40998__k141_50041_2	6	4HBT	2	33.33	Radical_SAM	1
UHM632.41027__k141_322158_2	7	PhyR_sigma2	2	28.57	FAD_binding_3	1
UHM615.41021__k141_97771_1	4	none	0	0.00		0
UHM563.40994__k141_25927_252	5	LysE	2	40.00	AhpC-TSA	2
UHM40.35755__k141_49138_88	6	none	0	0.00		0
UHM624.41024__k141_274857_1	3	P-loop_SecA	2	66.67	adh_short	1
UHM56.35760__k141_53714_1	5	none	0	0.00		0
UHM624.41024__k141_195624_1	4	none	0	0.00		0
UHM587.41011__k141_63888_1	3	DUF4145	1	33.33	RecT	1
UHM584.41008__k141_21690_7	3	Acetyltransf_6	1	33.33	Peptidase_M23	1
UHM125.35769__k141_146679_3	3	ArsC	3	100.00	GST_C	2
UHM41.35757__k141_170672_1	3	none	0	0.00		0
UHM18.10827__k141_89359_4	3	SBP_bac_5	3	100.00	HTH_18	2
UHM636.41030__k141_132503_23	5	none	0	0.00		0
UHM572.40998__k141_98073_4	5	Exo_endo_phos	1	20.00		0
UHM45.35758__k141_208491_14	6	DUF1328	5	83.33	DUF883_C	3
UHM563.40994__k141_18454_3	4	GreA_GreB	3	75.00	M20_dimer	1
UHM649.41032__k141_249158_70	3	RibD_C	1	33.33	eIF-1a	1
UHM45.35758__k141_10230_1	4	none	0	0.00		0
UHM610.41019__k141_278971_10	4	AA_permease	4	100.00	Aldolase_II	4
UHM616.41022__k141_163976_1	3	none	0	0.00		0
UHM575.41001__k141_7675_11	7	VF_A0006	7	100.00	DUF2971	1
UHM583.41007__k141_162893_1	3	HTH_1	1	33.33	STAS	1
UHM649.41032__k141_106791_276	3	DUF3297	2	66.67	DUF350	1
UHM38.35752__k141_212636_2	3	Trans_reg_C	3	100.00		0
UHM18.35741__k141_49868_2	3	DUF4145	1	33.33	Terminase_2	1
UHM633.41028__k141_133734_1	3	none	0	0.00		0
UHM596.41015__k141_69230_369	3	HTH_24	2	66.67	PFK	1
UHM564.40995__k141_96063_196	8	DAHP_synth_1	7	87.50	Glyoxalase	1
UHM666.41034__k141_383456_1	5	none	0	0.00		0
UHM40.35755__k141_25756_1	3	none	0	0.00		0
UHM574.41000__k141_147162_1	3	none	0	0.00		0
UHM565.40996__k141_32307_2	3	Ni_hydr_CYTB	2	66.67		0
UHM610.41019__k141_220030_199	4	Glycos_transf_1	1	25.00	Aldo_ket_red	1
UHM648.41909__k141_114796_2	5	ABC_tran	4	80.00		0
UHM628.41026__k141_192329_2	3	NAD_synthase	2	66.67	DUF1033	1
UHM72.35762__k141_123368_4	3	CBS	2	66.67	Methyltransf_15	1
UHM125.35769__k141_159843_1	3	none	0	0.00		0
UHM610.41019__k141_18061_54	5	RHS_repeat	2	40.00	AHH	1
UHM102.35766__k141_130206_42	3	Big_2	3	100.00	Phage_tail_fib	3
UHM22.35747__k141_58406_1	6	SNase	1	16.67	Band_7	1
UHM587.41011__k141_30875_2	5	Lipocalin_2	4	80.00	Ammonium_transp	3
UHM38.35752__k141_61260_15	4	Amidase	1	25.00		0
UHM562.40993__k141_161535_6	3	Plug	3	100.00	Y1_Tnp	3
UHM575.41001__k141_188252_141	3	Patatin	3	100.00	Omp85	2
UHM125.35769__k141_46098_1	3	none	0	0.00		0
UHM636.41030__k141_119821_4	4	Notch	1	25.00	Carb_anhydrase	1
UHM45.35758__k141_10908_1	7	DUF3340	1	14.29	GGDEF	1
UHM666.41034__k141_19501_5	4	none	0	0.00		0
UHM624.41024__k141_250155_1	3	none	0	0.00		0
UHM20.35744__k141_83897_1	3	none	0	0.00		0
UHM554.40991__k141_172079_2	3	2-Hacid_dh_C	2	66.67		0
UHM615.41021__k141_97158_2	3	Aldo_ket_red	3	100.00	Glyoxalase	2
UHM632.41027__k141_173056_1	3	none	0	0.00		0
UHM38.35752__k141_160746_1	7	none	0	0.00		0
UHM644.41031__k141_156453_1	4	Formyl_trans_C	4	100.00	Pep_deformylase	3
UHM577.41002__k141_21832_1	3	none	0	0.00		0
UHM624.41024__k141_214484_1	4	LprI	1	25.00		0
UHM634.41029__k141_158955_2	3	none	0	0.00		0
UHM145.35772__k141_42763_2	3	Acetyltransf_1	2	66.67	DUF3313	2
UHM38.35753__k141_21687_2	3	Lactamase_B	3	100.00		0
UHM648.41909__k141_206719_6	3	OCD_Mu_crystall	2	66.67	TetR_C_15	1
UHM554.40991__k141_165691_1	4	none	0	0.00		0
UHM565.40996__k141_71267_47	3	MT-A70	2	66.67	GapR_DNA-bd	1
UHM125.35769__k141_252603_1	3	VWA	1	33.33	His_Phos_1	1
UHM564.40995__k141_69497_12	4	HNH_3	2	50.00	Sipho_Gp157	1
UHM125.35768__k141_109195_2	3	Methyltransf_15	2	66.67	Methyltransf_31	1
UHM41.35757__k141_29706_15	6	ACOX_C_alpha1	4	66.67	ASL_C	3
UHM38.35752__k141_140021_76	5	GH3	3	60.00	ACT	3
UHM598.41016__k141_80865_1	3	adh_short	2	66.67	Beta-lactamase	2
UHM125.35770__k141_138855_1	4	none	0	0.00		0
UHM644.41031__k141_71612_4	4	DUF4494	2	50.00	OmpA	1
UHM145.35771__k141_107900_241	4	Peptidase_M20	2	50.00	PsbP_2	1
UHM607.41017__k141_22185_5	3	MCPsignal	2	66.67		0
UHM624.41024__k141_465131_1	3	none	0	0.00		0
UHM617.41023__k141_19343_2	3	DUF983	3	100.00	PorP_SprF	1
UHM633.41028__k141_181970_1	3	AAA_14	1	33.33		0
UHM22.35746__k141_33736_53	3	Phage_TTP_11	3	100.00	Phage_holin_3_5	1
UHM649.41032__k141_365208_3	4	DUF4274	4	100.00	Pyr_redox	1
UHM41.35757__k141_45353_14	6	DEAD	1	16.67		0
UHM22.35746__k141_15455_373	3	FAD_binding_3	3	100.00		0
UHM594.41014__k141_92424_2	3	none	0	0.00		0
UHM38.35752__k141_128089_3	8	DoxX	4	50.00	CBS	3
UHM20.35743__k141_11177_96	3	none	0	0.00		0
UHM40.35755__k141_110817_2	5	ATP-synt_A	5	100.00	ATPase_gene1	4
UHM656.41033__k141_28384_252	3	TerC	2	66.67	Glyoxalase_6	1
UHM125.35769__k141_63553_8	5	DUF3799	2	40.00		0
UHM22.35746__k141_84092_1	5	Gypsy	1	20.00	RVT_1	1
UHM565.40996__k141_156163_16	4	VanY	4	100.00	DUF2332	1
UHM18.35741__k141_97628_215	3	Gly_rich_2	1	33.33		0
UHM649.41032__k141_296267_372	3	HTH_20	1	33.33	RibD_C	1
UHM41.35756__k141_121856_1	3	K_trans	1	33.33	Asp_decarbox	1
UHM18.35742__k141_76982_4	3	ROS_MUCR	1	33.33		0
UHM45.35759__k141_13153_2	3	Sel1	2	66.67	TIR	1
UHM56.35761__k141_72323_6	5	Imm17	2	40.00		0
UHM607.41017__k141_180852_4	7	DUF561	5	71.43	DUF1883	5
UHM582.41006__k141_124669_2	15	AC_1	2	13.33	DUF805	2
UHM562.40993__k141_124641_16	4	TadE	3	75.00	HTH_23	1
UHM591.41013__k141_272926_5	5	Asp_Glu_race	2	40.00	Acetyltransf_1	1
UHM125.35768__k141_138163_1	3	HTH_3	2	66.67	Phage_Cox	1
UHM125.35769__k141_43070_1	5	none	0	0.00		0
UHM36.10832__k141_149098_15	4	DUF2058	1	25.00	Acetyltransf_1	1
UHM554.40991__k141_158253_6	6	Beta_helix_4	4	66.67	OmpA	2
UHM633.41028__k141_228686_9	6	none	0	0.00		0
UHM31.35749__k141_87542_3	3	Baculo_F	1	33.33	RT_RNaseH	1
UHM22.35747__k141_32527_4	3	Rrf2	2	66.67	HTH_1	1
UHM617.41023__k141_141824_55	4	DUF2782	2	50.00	Abhydrolase_1	1
UHM649.41032__k141_243082_2	5	DUF4124	4	80.00	CheW	4
UHM632.41027__k141_323464_2	3	MFS_1	1	33.33		0
UHM554.40991__k141_172580_1	3	WbqC	2	66.67	Fer4	1
UHM649.41032__k141_300708_34	4	GATase	3	75.00	Chorismate_bind	3
UHM36.35750__k141_17020_1	3	AAA	1	33.33		0
UHM648.41909__k141_48403_4	6	none	0	0.00		0
UHM125.35769__k141_207134_1	5	none	0	0.00		0
UHM18.35742__k141_1210_1	3	none	0	0.00		0
UHM125.35768__k141_157544_24	3	ATP-grasp	1	33.33	Phage_int_SAM_5	1
UHM649.41032__k141_288679_2	13	AAA_21	11	84.62	LuxC	8
UHM633.41028__k141_97627_2	4	Dockerin_1	1	25.00	Cytochrome_CBB3	1
UHM45.35758__k141_219503_1	3	none	0	0.00		0
UHM591.41013__k141_377047_5	4	Bact_transglu_N	4	100.00	Copper-bind	2
UHM18.35742__k141_179334_1	3	none	0	0.00		0
UHM45.35758__k141_164801_1	7	none	0	0.00		0
UHM666.41034__k141_164098_1	3	none	0	0.00		0
UHM31.35749__k141_157661_1	3	none	0	0.00		0
UHM644.41031__k141_133752_134	4	Phosphoesterase	1	25.00	DUF1801	1
UHM56.35761__k141_19417_1	20	none	0	0.00		0
UHM563.40994__k141_6078_2	5	Thioredoxin	2	40.00	FOL3_C	2
UHM17.35740__k141_43629_1	3	none	0	0.00		0
UHM125.35769__k141_29038_1	5	none	0	0.00		0
UHM648.41909__k141_164039_2	4	zf-C2H2	1	25.00		0
UHM17.35740__k141_40277_2	4	none	0	0.00		0
UHM636.41030__k141_250490_5	3	none	0	0.00		0
UHM632.41027__k141_251915_2	3	Sigma70_r2	1	33.33		0
UHM56.35760__k141_24296_41	4	GGGtGRT	4	100.00	Aconitase_C	1
UHM617.41023__k141_100666_3	3	MamF_MmsF	2	66.67		0
UHM41.35757__k141_173352_1	10	none	0	0.00		0
UHM38.35752__k141_36384_1	5	none	0	0.00		0
UHM644.41031__k141_154221_13	3	Zn_ribbon_8	3	100.00		0
UHM40.35755__k141_68232_2	5	GreA_GreB	3	60.00	CM_2	1
UHM617.41023__k141_317651_2	4	DUF4386	2	50.00	PAP2	1
UHM31.10830__k141_103507_25	3	Antirestrict	2	66.67		0
UHM666.41034__k141_247059_1	4	none	0	0.00		0
UHM40.35754__k141_96975_1	3	none	0	0.00		0
UHM41.35756__k141_36037_14	4	HTH_26	2	50.00	DUF2975	1
UHM587.41011__k141_77793_2	3	Peptidase_S11	1	33.33	APH	1
UHM31.35749__k141_94584_2	3	ParB_N	2	66.67	DNA_pol3_beta	1
UHM633.41028__k141_381582_2	3	Alpha_L_fucos	3	100.00	ParE_toxin	2
UHM610.41019__k141_196186_43	3	LMWPc	2	66.67	Sortase	2
UHM594.41014__k141_135482_5	6	DUF1328	5	83.33	DUF6363	5
UHM582.41006__k141_12904_2	3	NinB	2	66.67		0
UHM624.41024__k141_413700_1	3	AhpC-TSA	1	33.33	Rhomboid	1
UHM36.35750__k141_43435_9	6	none	0	0.00		0
UHM632.41027__k141_183415_1	3	none	0	0.00		0
UHM72.35764__k141_114047_2	3	DUF72	1	33.33	Glyco_transf_9	1
UHM562.40993__k141_82466_375	3	TetR	2	66.67	DinB_2	1
UHM581.41005__k141_112223_1	4	HTH_3	1	25.00	DUF4279	1
UHM626.41025__k141_46300_1	3	none	0	0.00		0
UHM586.41010__k141_4363_1	10	HTH_1	6	60.00	DJ-1_PfpI	3
UHM102.35767__k141_142858_2	3	none	0	0.00		0
UHM581.41005__k141_117393_480	3	ANAPC3	2	66.67	AAA	2
UHM41.35757__k141_26591_1	3	RVT_2	1	33.33		0
UHM624.41024__k141_64452_2	4	Aldo_ket_red	1	25.00	MgtC	1
UHM17.35740__k141_22799_1	3	none	0	0.00		0
UHM125.35769__k141_11137_1	4	none	0	0.00		0
UHM22.35745__k141_50800_3	3	AAA_21	3	100.00	AprA_N	2
UHM56.35760__k141_32638_1	5	RVP	2	40.00		0
UHM40.10834__k141_43188_1	3	Bact_surface_Ig-like	2	66.67	PHP	2
UHM633.41028__k141_141414_29	3	none	0	0.00		0
UHM617.41023__k141_76125_15	3	WCX	3	100.00	Flagellin_C	2
UHM644.41031__k141_275880_1	3	TetR_C_33	2	66.67	SnoaL_2	1
UHM562.40993__k141_71965_1	3	none	0	0.00		0
UHM626.41025__k141_144040_174	3	Peptidase_C39	3	100.00	Phenol_MetA_deg	2
UHM38.35752__k141_64046_4	3	none	0	0.00		0
UHM648.41909__k141_356487_1	4	GrpE	4	100.00	CbiX	3
UHM649.41032__k141_232885_1	3	Response_reg	2	66.67		0
UHM598.41016__k141_131319_1	3	none	0	0.00		0
UHM36.35750__k141_74684_2	3	GerE	2	66.67	PapC_N	2
UHM585.41009__k141_67536_2	3	Collar	1	33.33	Asp_Arg_Hydrox	1
UHM45.10838__k141_13248_3	3	HTH_1	1	33.33	ATP_bind_3	1
UHM628.41026__k141_322487_12	3	YoeB_toxin	3	100.00	FeoB_N	3
UHM590.41012__k141_108225_2	9	DUF2968	9	100.00	Abhydrolase_1	4
UHM572.40998__k141_23563_2	8	LysE	3	37.50	tRNA-synt_1	2
UHM633.41028__k141_27870_1	3	none	0	0.00		0
UHM582.41006__k141_125430_5	4	CMAS	2	50.00	FAA_hydrolase	1
UHM633.41028__k141_453931_4	4	HATPase_c	4	100.00	adh_short	1
UHM626.41025__k141_242265_1	3	ATP12	3	100.00	FMN_bind_2	2
UHM649.41032__k141_180332_108	3	FlgH	2	66.67		0
UHM578.41003__k141_10283_2	3	B12-binding	2	66.67	BPD_transp_1	2
UHM565.40996__k141_136218_156	6	none	0	0.00		0
UHM648.41909__k141_340509_1	3	none	0	0.00		0
UHM634.41029__k141_209290_2	3	none	0	0.00		0
UHM563.40994__k141_94971_2	4	Glyco_hydro_19	4	100.00	LacI	2
UHM56.35760__k141_62825_1	3	DNA_processg_A	3	100.00	Topoisom_bac	1
UHM626.41025__k141_302840_2	5	PAPS_reduct	1	20.00	HicA_toxin	1
UHM610.41019__k141_286752_1	3	none	0	0.00		0
UHM22.35747__k141_76779_4	4	WCX	3	75.00	Acyl_transf_3	2
UHM38.35752__k141_70425_10	3	none	0	0.00		0
UHM41.35757__k141_169756_3	3	none	0	0.00		0
UHM633.41028__k141_54407_4	3	none	0	0.00		0
UHM22.35747__k141_101874_11	3	AAA_21	3	100.00	ACR_tran	3
UHM581.41005__k141_108866_2	4	Sacchrp_dh_C	1	25.00	PDH_E1_M	1
UHM102.35767__k141_216080_2	4	MPAB_Lcp_cat	4	100.00		0
UHM648.41909__k141_124830_3	3	ELFV_dehydrog	2	66.67	APP1_cat	2
UHM18.35742__k141_181046_2	3	ATP-grasp	1	33.33	CMD	1
UHM598.41016__k141_267483_1	5	none	0	0.00		0
UHM636.41030__k141_204031_6	3	KfrA_N	2	66.67	TctC	1
UHM125.35770__k141_114776_136	3	DUF4377	2	66.67	LytTR	2
UHM633.41028__k141_124303_2	3	none	0	0.00		0
UHM22.35747__k141_126006_10	3	Patatin	3	100.00		0
UHM598.41016__k141_235699_2	3	Pol_BBD	1	33.33		0
UHM17.10826__k141_170869_236	4	Acetyltransf_1	3	75.00		0
UHM632.41027__k141_76644_1	3	none	0	0.00		0
UHM666.41034__k141_14546_954	3	Por_Secre_tail	1	33.33		0
UHM611.41020__k141_74362_2	4	MCPsignal	2	50.00	DUF2789	1
UHM608.41018__k141_85876_4	4	AAA	4	100.00		0
UHM41.35756__k141_100247_7	5	Patatin	2	40.00	CHAD	2
UHM633.41028__k141_461556_2	3	DBR1	1	33.33		0
UHM591.41013__k141_162087_1	4	none	0	0.00		0
UHM56.35761__k141_129534_1	6	none	0	0.00		0
UHM624.41024__k141_215023_2	3	SspB	3	100.00	FumaraseC_C	2
UHM648.41909__k141_146490_2	3	none	0	0.00		0
UHM565.40996__k141_50408_2	4	EamA	3	75.00	EAL	2
UHM554.40991__k141_171419_24	3	DNA_binding_1	3	100.00	F_bP_aldolase	3
UHM624.41024__k141_426991_11	3	Secretin	3	100.00		0
UHM666.41034__k141_70769_35	3	Proteasome	2	66.67		0
UHM40.35755__k141_107444_297	4	Ribosomal_L9_C	3	75.00	Thioredoxin	2
UHM562.40993__k141_70177_10	3	none	0	0.00		0
UHM45.35758__k141_222388_45	3	ABC_tran	3	100.00	DUF1810	2
UHM20.35744__k141_103790_1	4	FKBP-like_TF	2	50.00		0
UHM145.35773__k141_176097_61	3	Rap1a	3	100.00	Abhydrolase_3	1
UHM40.10834__k141_58141_8	3	none	0	0.00		0
UHM31.35749__k141_150767_1	4	SNF	1	25.00		0
UHM648.41909__k141_222606_1	3	none	0	0.00		0
UHM633.41028__k141_267870_1	3	none	0	0.00		0
UHM648.41909__k141_104201_2	3	none	0	0.00		0
UHM624.41024__k141_58965_2	7	ExoD	5	71.43	TGT	4
UHM573.40999__k141_92270_46	5	VanY	1	20.00	Amidase_2	1
UHM56.35761__k141_160251_1	3	none	0	0.00		0
UHM586.41010__k141_104270_1	5	Aminotran_1_2	4	80.00	Peptidase_M15_2	1
UHM633.41028__k141_127121_8	3	His_kinase	1	33.33	CarbopepD_reg_2	1
UHM31.10830__k141_98638_46	4	SBP_bac_5	4	100.00		0
UHM18.35742__k141_46029_1	4	none	0	0.00		0
UHM573.40999__k141_103119_2	4	none	0	0.00		0
UHM36.35751__k141_36212_2	3	CsbD	3	100.00	CoxE_N	2
UHM594.41014__k141_106255_21	3	none	0	0.00		0
UHM649.41032__k141_395364_6	3	GlutR_dimer	3	100.00	AI-2E_transport	2
UHM574.41000__k141_27268_1	3	HTH_3	1	33.33	Peptidase_S24	1
UHM22.35745__k141_65749_7	5	adh_short	5	100.00		0
UHM628.41026__k141_321136_205	3	none	0	0.00		0
UHM45.35758__k141_219786_8	5	Sulf_transp	3	60.00	WG_beta_rep	3
UHM38.35752__k141_95689_9	3	DUF4250	3	100.00	Acetyltransf_1	1
UHM594.41014__k141_95914_4	6	none	0	0.00		0
UHM626.41025__k141_300694_9	3	Aminotran_1_2	2	66.67	PSCyt1	1
UHM633.41028__k141_270913_5	3	none	0	0.00		0
UHM41.35757__k141_138162_5	3	GST_C_4	2	66.67	ADH_N	1
UHM626.41025__k141_201924_4	3	HNH	2	66.67		0
UHM18.10827__k141_103086_1	5	AnmK	3	60.00	Acatn	3
UHM649.41032__k141_419533_50	3	none	0	0.00		0
UHM583.41007__k141_55724_4	4	none	0	0.00		0
UHM648.41909__k141_207491_3	3	none	0	0.00		0
UHM558.40992__k141_86816_25	3	YbaB_DNA_bd	3	100.00	DUF8457	3
UHM632.41027__k141_179336_51	5	ZapA	5	100.00	UPF0149	3
UHM581.41005__k141_64356_2	9	YiaAB	7	77.78	DUF2145	7
UHM590.41012__k141_86809_2	4	Flavodoxin_2	2	50.00	DUF2798	1
UHM38.35753__k141_219535_1	3	Gly-zipper_Omp	2	66.67		0
UHM649.41032__k141_217965_12	3	CHASE3	3	100.00	DUF883_C	2
UHM564.40995__k141_73967_104	4	THF_DHG_CYH	4	100.00	Beta-lactamase2	3
UHM125.35769__k141_135571_7	3	HEPN	3	100.00	ParB_N	1
UHM666.41034__k141_186180_1	3	none	0	0.00		0
UHM41.35757__k141_108612_1	4	none	0	0.00		0
UHM40.10834__k141_110787_1	3	Plug	2	66.67		0
UHM31.10830__k141_40243_2	3	3-dmu-9_3-mt	2	66.67	HigB_toxin	1
UHM594.41014__k141_16726_2	3	none	0	0.00		0
UHM31.10830__k141_19492_2	3	ABM	3	100.00		0
UHM591.41013__k141_218297_11	3	NAD_kinase	2	66.67	Phage_DNA_bind	1
UHM634.41029__k141_256651_1	5	none	0	0.00		0
UHM577.41002__k141_160856_55	4	TctA	3	75.00	Acetyltransf_1	1
UHM648.41909__k141_40364_22	3	KCNQ_channel	1	33.33		0
UHM41.35756__k141_32225_13	6	4HBT	5	83.33	LPMO_10	1
UHM649.41032__k141_158508_2	4	HATPase_c	4	100.00		0
UHM40.35755__k141_1011_2	3	none	0	0.00		0
UHM31.35748__k141_51814_1	5	2-Hacid_dh	3	60.00	AAA_21	2
UHM17.10826__k141_159334_1	4	none	0	0.00		0
UHM633.41028__k141_442102_2	5	HAD_2	4	80.00		0
UHM45.10838__k141_100801_15	4	Sigma70_r2	1	25.00	Glyco_transf_20	1
UHM632.41027__k141_192868_15	4	FAA_hydrolase	2	50.00	Amidohydro_1	1
UHM649.41032__k141_405225_1	4	none	0	0.00		0
UHM17.10826__k141_178909_6	3	Nitroreductase	2	66.67		0
UHM648.41909__k141_8169_1	9	none	0	0.00		0
UHM624.41024__k141_210455_4	4	2OG-FeII_Oxy_2	1	25.00		0
UHM31.10830__k141_11723_3	6	MFS_1	2	33.33	Aminotran_3	2
UHM633.41028__k141_28377_3	3	MFS_1	2	66.67		0
UHM615.41021__k141_56256_17	3	DUF8220	1	33.33	DUF6693	1
UHM617.41023__k141_57618_89	3	SSF	3	100.00	RecR_C	3
UHM634.41029__k141_49834_75	3	HTH_1	3	100.00	MFS_1	2
UHM624.41024__k141_447773_4	3	CTP_transf_1	2	66.67	TPR_17	1
UHM102.10840__k141_78191_2	3	E1-E2_ATPase	3	100.00	DUF305	3
UHM20.35744__k141_114201_7	4	LytTR	3	75.00	Peptidase_M24	1
UHM666.41034__k141_262336_1	3	none	0	0.00		0
UHM649.41032__k141_139341_1	5	none	0	0.00		0
UHM596.41015__k141_41053_1	3	none	0	0.00		0
UHM610.41019__k141_92131_15	3	Peptidase_M78	3	100.00	GlpR	1
UHM648.41909__k141_191708_9	4	none	0	0.00		0
UHM31.10830__k141_26152_3	4	DUF883	4	100.00	LEA_2	3
UHM648.41909__k141_258895_14	3	zf-C2H2	1	33.33		0
UHM56.35760__k141_120895_7	5	none	0	0.00		0
UHM628.41026__k141_177922_1	7	FCD	3	42.86	MarR	2
UHM40.35754__k141_37975_2	5	Phage_HCP	3	60.00	Tail_completion_gp17	3
UHM666.41034__k141_188914_3	4	DUF2089	2	50.00	Abhydrolase_1	2
UHM581.41005__k141_93430_21	3	FAA_hydrolase	3	100.00		0
UHM72.35764__k141_177484_2	3	Ppnp	3	100.00		0
UHM145.35772__k141_134782_1	3	none	0	0.00		0
UHM562.40993__k141_28845_3	3	HTH_1	1	33.33	GGDEF	1
UHM582.41006__k141_88703_43	3	none	0	0.00		0
UHM563.40994__k141_145119_31	3	Thioredoxin	1	33.33	CoA_binding_2	1
UHM125.35770__k141_75623_30	3	Beta-barrel_RND_2	2	66.67		0
UHM125.35769__k141_178845_51	5	DUF5669	4	80.00	GST_C	2
UHM125.35769__k141_197158_1	3	VWA_2	2	66.67	AAA_5	2
UHM648.41909__k141_317848_5	3	Tetraspanin	1	33.33		0
UHM656.41033__k141_48167_2	4	Phage_integrase	1	25.00	RcnB	1
UHM648.41909__k141_58715_1	3	none	0	0.00		0
UHM666.41034__k141_285528_1	11	none	0	0.00		0
UHM580.41004__k141_78361_2	9	none	0	0.00		0
UHM608.41018__k141_148888_12	3	AAA_25	3	100.00		0
UHM31.35749__k141_134254_1	3	HTH_32	1	33.33		0
UHM656.41033__k141_312993_5	3	none	0	0.00		0
UHM22.35746__k141_78753_1	3	none	0	0.00		0
UHM577.41002__k141_111133_1	3	AAA	1	33.33	Ribosomal_L34	1
UHM31.10830__k141_75538_7	3	Form_Nir_trans	3	100.00	LMWPc	2
UHM617.41023__k141_27353_8	5	HNH	2	40.00	PfkB	1
UHM20.35743__k141_5648_33	3	DUF6147	3	100.00	Anti-Pycsar_Apyc1	3
UHM598.41016__k141_62178_8	3	BTB	1	33.33	Glyco_hydro_47	1
UHM666.41034__k141_196703_1	3	none	0	0.00		0
UHM598.41016__k141_187046_4	4	none	0	0.00		0
UHM38.35752__k141_70788_5	3	YbbD_head	2	66.67	DUF6973	1
UHM562.40993__k141_186918_3	3	none	0	0.00		0
UHM617.41023__k141_122966_1	27	none	0	0.00		0
UHM125.35770__k141_70676_45	7	MFS_1	5	71.43	Peptidase_M28	5
UHM22.35746__k141_18865_78	4	Lipoprotein_16	2	50.00	DAO	1
UHM45.35759__k141_30563_2	4	AIRS	3	75.00	Glycos_transf_1	2
UHM31.35749__k141_155811_4	7	Exo_endo_phos	1	14.29		0
UHM596.41015__k141_155323_1	3	none	0	0.00		0
UHM617.41023__k141_296888_3	3	none	0	0.00		0
UHM125.35770__k141_277828_20	4	YlaC	2	50.00	CorC_HlyC	2
UHM649.41032__k141_301485_2	3	UPF0060	2	66.67	AAA_5	1
UHM624.41024__k141_231133_34	5	AAA_31	4	80.00	Peptidase_M64	2
UHM591.41013__k141_307073_128	4	SMC_ScpB	2	50.00	AhpC-TSA	2
UHM610.41019__k141_180207_70	4	Sigma70_r2	3	75.00	Sigma70_ECF	1
UHM628.41026__k141_75072_2	3	none	0	0.00		0
UHM563.40994__k141_26963_416	3	Glycos_transf_2	1	33.33	EF-G_D2	1
UHM644.41031__k141_221370_1	5	HATPase_c	3	60.00	FAA_hydrolase	2
UHM598.41016__k141_172476_2	3	U-box	1	33.33		0
UHM38.35752__k141_231682_2	4	Transgly_assoc	4	100.00	LRAT	3
UHM125.35768__k141_72927_3	3	Flavin_Reduct	3	100.00	Aminotran_1_2	2
UHM574.41000__k141_141194_64	5	DUF3693	1	20.00		0
UHM615.41021__k141_123191_1	8	CSD	4	50.00	EamA	1
UHM644.41031__k141_266682_125	3	Sulfatase	2	66.67	SGSH_C	1
UHM573.40999__k141_117931_3	3	RecE_M	2	66.67	HTH_3	2
UHM624.41024__k141_290998_1	4	none	0	0.00		0
UHM632.41027__k141_149474_4	3	RHH_1	2	66.67		0
UHM20.10828__k141_43121_42	3	Ogr_Delta	1	33.33		0
UHM562.40993__k141_124130_33	3	DAHP_synth_1	3	100.00		0
UHM38.35753__k141_242509_4	3	none	0	0.00		0
UHM649.41032__k141_61068_7	3	DUF2510	1	33.33	Ppx-GppA	1
UHM17.35739__k141_32607_279	5	RraB	3	60.00	Polyketide_cyc	2
UHM584.41008__k141_70821_1	7	none	0	0.00		0
UHM656.41033__k141_65646_7	3	PorP_SprF	2	66.67		0
UHM36.10832__k141_110204_6	5	Dus	5	100.00	VTT_dom	4
UHM587.41011__k141_149338_105	4	HATPase_c	3	75.00	DoxX	1
UHM17.10826__k141_162559_14	3	none	0	0.00		0
UHM598.41016__k141_109166_1	3	none	0	0.00		0
UHM648.41909__k141_89192_1	4	none	0	0.00		0
UHM666.41034__k141_30320_39	4	ChaC	4	100.00		0
UHM634.41029__k141_125970_1	4	none	0	0.00		0
UHM22.35746__k141_6740_1	3	none	0	0.00		0
UHM45.35758__k141_17058_2	4	LytTR	1	25.00	Flg_new	1
UHM22.35746__k141_131809_126	3	VWA	3	100.00	TerY_C	1
UHM632.41027__k141_252994_383	3	C5-epim_C	1	33.33	DUF3482	1
UHM628.41026__k141_111431_5	3	MatE	1	33.33	Epimerase	1
UHM648.41909__k141_301538_1	3	none	0	0.00		0
UHM125.35769__k141_268244_1	3	none	0	0.00		0
UHM572.40998__k141_52896_1	3	Resolvase	2	66.67	RE_EcoO109I	1
UHM17.35740__k141_132181_1	3	DEAD	2	66.67		0
UHM573.40999__k141_11907_160	3	PALP	3	100.00	FAD_binding_2	2
UHM648.41909__k141_350838_20	3	Peptidase_M56	1	33.33		0
UHM649.41032__k141_66717_1	7	Ribosomal_S9	1	14.29		0
UHM596.41015__k141_143236_2	4	none	0	0.00		0
UHM17.10826__k141_76057_11	13	DAO	4	30.77	ADP_ribosyl_GH	4
UHM591.41013__k141_41604_1	3	none	0	0.00		0
UHM38.35752__k141_46487_2	3	Rap1a	2	66.67		0
UHM598.41016__k141_202966_148	5	RRM_1	5	100.00	HTH_1	1
UHM145.35771__k141_113587_1	6	none	0	0.00		0
UHM18.35742__k141_105633_1	4	none	0	0.00		0
UHM20.35743__k141_47058_3	3	WG_beta_rep	2	66.67	His_kinase	1
UHM41.35756__k141_117111_63	3	Peptidase_S8	3	100.00	YbaB_DNA_bd	2
UHM617.41023__k141_243376_1	35	FHIPEP	1	2.86		0
UHM644.41031__k141_305951_1	3	Fimbrial_CS1	1	33.33		0
UHM633.41028__k141_244937_1	3	none	0	0.00		0
UHM38.35752__k141_211760_1	3	none	0	0.00		0
UHM18.35741__k141_58130_11	4	none	0	0.00		0
UHM22.35745__k141_89497_80	3	none	0	0.00		0
UHM611.41020__k141_60278_2	3	DUF1003	1	33.33	Catalase	1
UHM648.41909__k141_183596_1	3	none	0	0.00		0
UHM590.41012__k141_232047_13	4	Flavodoxin_2	4	100.00	HTH_1	2
UHM648.41909__k141_400537_2	3	none	0	0.00		0
UHM656.41033__k141_319552_74	3	GlcNAc_2-epim	3	100.00	HTH_1	1
UHM125.35770__k141_74810_2	4	DDE_3	1	25.00		0
UHM594.41014__k141_49927_1	3	none	0	0.00		0
UHM611.41020__k141_97519_1	3	DUF551	1	33.33		0
UHM581.41005__k141_18875_3	5	GerE	1	20.00	OsmC	1
UHM563.40994__k141_10921_8	3	SBP_bac_5	1	33.33	Carb_kinase	1
UHM626.41025__k141_314369_278	3	DNA_gyraseB	1	33.33	AAA_21	1
UHM591.41013__k141_233150_1	3	none	0	0.00		0
UHM20.35743__k141_74164_3	3	none	0	0.00		0
UHM20.35744__k141_121176_1	4	none	0	0.00		0
UHM648.41909__k141_129003_5	4	none	0	0.00		0
UHM644.41031__k141_213123_110	4	PseudoU_synth_2	4	100.00		0
UHM17.35739__k141_8785_2	3	HTH_23	1	33.33	DUF5129	1
UHM56.35760__k141_105277_1	4	none	0	0.00		0
UHM626.41025__k141_161772_68	4	Beta_helix_4	2	50.00	CarbopepD_reg_2	2
UHM610.41019__k141_258360_2	3	Amino_oxidase	3	100.00	Aminotran_3	3
UHM617.41023__k141_224736_41	3	SET	3	100.00		0
UHM626.41025__k141_311206_1	4	MobC_2	2	50.00	OEP	1
UHM633.41028__k141_165915_7	6	Kelch_1	1	16.67	DUF7479	1
UHM125.35770__k141_244386_2	3	none	0	0.00		0
UHM611.41020__k141_105153_6	3	AHH	1	33.33	Fic	1
UHM17.10826__k141_266515_7	7	MFS_1	5	71.43	Aminotran_1_2	2
UHM617.41023__k141_258112_3	4	none	0	0.00		0
UHM18.35742__k141_22675_1	5	none	0	0.00		0
UHM20.35744__k141_136234_5	6	NTP_transf_3	1	16.67	AAA_21	1
UHM36.35750__k141_84771_19	3	PMT_2	3	100.00	Amidase	1
UHM22.35746__k141_98692_5	3	T2SSK_1st	2	66.67	N_methyl	1
UHM633.41028__k141_473251_1	5	none	0	0.00		0
UHM562.40993__k141_121106_1	3	AsnC_trans_reg	1	33.33		0
UHM633.41028__k141_194531_1	3	none	0	0.00		0
UHM20.35744__k141_120731_2	6	Cob_adeno_trans	5	83.33	ETF	2
UHM125.35770__k141_139393_1	3	none	0	0.00		0
UHM591.41013__k141_349337_1	3	none	0	0.00		0
UHM608.41018__k141_99390_16	3	CSD	1	33.33		0
UHM72.35762__k141_81068_123	5	ADH_N	4	80.00	HxlR	1
UHM558.40992__k141_16636_1	3	none	0	0.00		0
UHM562.40993__k141_12513_67	3	Peptidase_S9	2	66.67	Acetyltransf_1	1
UHM18.35742__k141_178000_1	3	RVT_1	1	33.33		0
UHM636.41030__k141_332192_2	4	none	0	0.00		0
UHM31.10830__k141_21601_2	6	FAD_binding_9	2	33.33	META	2
UHM17.35739__k141_53664_1	6	LytR_cpsA_psr	5	83.33	DUF4012	3
UHM624.41024__k141_432287_187	3	AA_kinase	3	100.00	Formyl_trans_C	1
UHM72.35764__k141_103135_1	4	NMT1	1	25.00	Xan_ur_permease	1
UHM125.35770__k141_17158_1	3	none	0	0.00		0
UHM633.41028__k141_529418_1	4	none	0	0.00		0
UHM648.41909__k141_412504_1	5	TIG	2	40.00	HGTP_anticodon	1
UHM666.41034__k141_109083_2	3	none	0	0.00		0
UHM18.35742__k141_170973_2	3	none	0	0.00		0
UHM18.35741__k141_133001_43	6	Beta-lactamase2	5	83.33	AAA	5
UHM565.40996__k141_94758_109	3	none	0	0.00		0
UHM20.35743__k141_50949_1	4	IMS	3	75.00	QueF	3
UHM577.41002__k141_103785_24	5	HATPase_c	4	80.00	Beta-barrel_RND	3
UHM628.41026__k141_33343_318	7	HAD_2	4	57.14	Methyltransf_11	3
UHM18.35741__k141_13664_1	4	Glyco_hydro_1	4	100.00		0
UHM17.35740__k141_3696_1	4	none	0	0.00		0
UHM573.40999__k141_93636_2	3	Aminotran_1_2	2	66.67		0
UHM590.41012__k141_210325_2	3	AA_permease	3	100.00	PseudoU_synth_2	2
UHM617.41023__k141_28923_1	3	none	0	0.00		0
UHM632.41027__k141_70602_83	4	PseudoU_synth_2	4	100.00	adh_short	2
UHM36.10832__k141_191750_1	3	none	0	0.00		0
UHM22.35746__k141_138774_22	3	Sigma70_r2	2	66.67	BD-FAE	1
UHM72.35764__k141_50186_7	9	HTH_18	8	88.89	DoxX	4
UHM636.41030__k141_340890_34	6	none	0	0.00		0
UHM20.35744__k141_200494_5	3	OEP	3	100.00		0
UHM102.10840__k141_88982_3	4	MRJP	2	50.00	Abhydrolase_1	1
UHM617.41023__k141_12268_13	3	GATase	3	100.00	Arm-DNA-bind_3	3
UHM125.35769__k141_8435_4	3	Lipoprotein_9	1	33.33		0
UHM125.35769__k141_70695_2	4	LTXXQ	2	50.00		0
UHM558.40992__k141_187321_3	5	none	0	0.00		0
UHM615.41021__k141_117438_2	4	HATPase_c	2	50.00	PDDEXK_2	1
UHM617.41023__k141_263947_1	4	Lipase_GDSL	3	75.00	YkuD	2
UHM145.35772__k141_72118_534	3	TAL_FSA	3	100.00	MFS_1	1
UHM615.41021__k141_51556_3	3	NUDIX	3	100.00	Aldo_ket_red	2
UHM125.35770__k141_14821_6	17	TonB_C	9	52.94	Imm11	3
UHM17.35739__k141_22078_1	4	SmpB	3	75.00	Ferritin	2
UHM40.35754__k141_42919_1	9	HTH_Tnp_Tc3_2	1	11.11	DDE_3	1
UHM22.35746__k141_96510_1	3	none	0	0.00		0
UHM102.35766__k141_55146_1	3	LysE	2	66.67	DUF2087	1
UHM45.35758__k141_7825_11	4	ACOX_C_alpha1	3	75.00	Thiolase_C	1
UHM40.35754__k141_34866_579	3	UCP032817-like	1	33.33		0
UHM626.41025__k141_152304_2	4	adh_short	1	25.00		0
UHM648.41909__k141_104415_10	3	Melibiase_2	3	100.00		0
UHM626.41025__k141_66348_18	4	Methyltransf_11	4	100.00		0
UHM648.41909__k141_3612_6	11	none	0	0.00		0
UHM562.40993__k141_128252_302	3	GFO_IDH_MocA	2	66.67		0
UHM38.35752__k141_24202_1	3	CoA_binding_2	1	33.33		0
UHM666.41034__k141_269170_1	6	Exo_endo_phos_2	1	16.67		0
UHM607.41017__k141_35172_57	3	Biotin_carb_C	3	100.00	MerR_1	2
UHM125.35770__k141_6026_56	3	none	0	0.00		0
UHM145.35771__k141_34221_5	3	Hist_deacetyl	1	33.33	4HBT	1
UHM17.10826__k141_276953_15	5	Copper-bind	5	100.00	LDcluster4	4
UHM648.41909__k141_8386_1	3	none	0	0.00		0
UHM590.41012__k141_252383_1	5	none	0	0.00		0
UHM17.10826__k141_162086_9	3	PP2C	2	66.67	PP2C_2	1
UHM624.41024__k141_54163_1	3	none	0	0.00		0
UHM610.41019__k141_204779_31	3	CPSase_L_D2	2	66.67	AICARFT_IMPCHas	1
UHM608.41018__k141_184680_2	3	HTH_1	3	100.00	DAO	2
UHM624.41024__k141_300903_3	6	none	0	0.00		0
UHM656.41033__k141_218237_8	3	Phage_CP76	2	66.67		0
UHM41.35756__k141_56614_1	5	none	0	0.00		0
UHM17.35740__k141_80495_1	3	none	0	0.00		0
UHM617.41023__k141_308314_95	3	PDZ	3	100.00	4HBT	3
UHM125.35770__k141_280256_2	3	RNase_H	1	33.33		0
UHM580.41004__k141_38296_2	4	HAD_2	3	75.00		0
UHM36.10832__k141_183209_2	3	DUF934	2	66.67	ANAPC3	2
UHM648.41909__k141_415341_1	11	none	0	0.00		0
UHM648.41909__k141_135846_1	7	none	0	0.00		0
UHM644.41031__k141_277717_169	5	DUF6526	2	40.00	Top1B_N_bact	2
UHM38.35752__k141_17220_23	3	CDP-OH_P_transf	1	33.33	Rhodanese	1
UHM648.41909__k141_318366_5	3	none	0	0.00		0
UHM648.41909__k141_323726_4	3	YjfB_motility	2	66.67	Methyltransf_24	1
UHM20.35744__k141_187105_2	8	R1_ORF1_N	4	50.00		0
UHM636.41030__k141_66498_3	4	Hemerythrin	4	100.00	CreD	3
UHM636.41030__k141_341018_3	3	none	0	0.00		0
UHM632.41027__k141_219531_1	5	Abhydrolase_1	4	80.00	SelR	2
UHM558.40992__k141_60573_2	3	none	0	0.00		0
UHM648.41909__k141_341635_3	4	none	0	0.00		0
UHM628.41026__k141_194779_103	4	THF_DHG_CYH	4	100.00	MoaF_like	1
UHM648.41909__k141_388339_2	3	none	0	0.00		0
UHM31.10830__k141_25454_1	3	none	0	0.00		0
UHM648.41909__k141_333975_6	4	none	0	0.00		0
UHM45.35758__k141_104426_1	5	none	0	0.00		0
UHM17.35740__k141_44038_51	3	none	0	0.00		0
UHM577.41002__k141_95315_6	3	RNA_ligase	3	100.00		0
UHM633.41028__k141_63631_3	6	CarbopepD_reg_2	4	66.67	Omp85	2
UHM656.41033__k141_240915_3	4	RHH_8	4	100.00	PNPOx_N	4
UHM633.41028__k141_316417_1	3	CRAL_TRIO	1	33.33		0
UHM632.41027__k141_268188_2	3	PapD_N	1	33.33	GerE	1
UHM38.35752__k141_195017_1	3	none	0	0.00		0
UHM594.41014__k141_15437_36	3	PLDc_2	1	33.33	Abi_alpha	1
UHM666.41034__k141_129165_67	3	AsnC_trans_reg	3	100.00		0
UHM38.35752__k141_45686_1	5	Acetyltransf_1	2	40.00	dCache_1_like	1
UHM578.41003__k141_130669_332	3	cNMP_binding	3	100.00		0
UHM626.41025__k141_95000_2	3	none	0	0.00		0
UHM633.41028__k141_69179_1	14	none	0	0.00		0
UHM608.41018__k141_612_1	3	GATase_4	2	66.67	DUF1045	1
UHM598.41016__k141_52770_1	3	none	0	0.00		0
UHM17.35740__k141_61556_1	10	DNA_binding_1	3	30.00	MrpH_C	3
UHM41.35757__k141_80229_16	3	Asp_Glu_race	3	100.00	F_bP_aldolase	3
UHM20.35744__k141_143026_15	4	none	0	0.00		0
UHM17.10826__k141_31410_204	3	none	0	0.00		0
UHM633.41028__k141_147407_136	3	DcaP	1	33.33	DUF968	1
UHM626.41025__k141_66407_8	9	FNIP	3	33.33	DUF2525	2
UHM598.41016__k141_232783_1	68	PLDc_2	1	1.47	Glyco_hydro_18	1
UHM617.41023__k141_310138_2	3	BBP2	1	33.33	CMAS	1
UHM41.35756__k141_73110_162	3	4HB_MCP_1	1	33.33	Abhydrolase_1	1
UHM38.35752__k141_204140_2	3	DUF6531	1	33.33		0
UHM624.41024__k141_495945_80	3	TPR_14	1	33.33	EF-G_D2	1
UHM45.35759__k141_42534_2	7	Ribosomal_S8	1	14.29		0
UHM45.35759__k141_115017_2	3	AMP-binding	1	33.33		0
UHM22.35746__k141_59029_154	3	AHSA1	3	100.00	DUF3185	2
UHM632.41027__k141_11471_1	3	none	0	0.00		0
UHM31.35749__k141_108849_2	4	Phage_lysozyme	3	75.00	Acb2_Tad1_hairpin	1
UHM18.35741__k141_23395_1	8	DUF5675	6	75.00	AraC_binding	1
UHM18.35742__k141_23550_11	3	YcaO	3	100.00		0
UHM594.41014__k141_124389_1	4	TetR_N	3	75.00		0
UHM649.41032__k141_353653_4	4	TelA	4	100.00	DUF6364	1
UHM633.41028__k141_230434_3	3	DCD	3	100.00	DFP	2
UHM125.35769__k141_237755_90	4	AI-2E_transport	4	100.00	HAD_2	4
UHM20.10828__k141_77864_36	4	Beta-lactamase	2	50.00	DoxA	1
UHM56.35760__k141_97625_1	3	none	0	0.00		0
UHM41.35757__k141_176108_4	3	Peptidase_M1	2	66.67	Peptidase_M23	1
UHM633.41028__k141_239560_2	5	zf-C2H2	2	40.00	F-box	1
UHM608.41018__k141_37141_1	6	none	0	0.00		0
UHM574.41000__k141_156005_21	4	GerE	1	25.00	PadR	1
UHM644.41031__k141_80373_332	3	SMI1_KNR4	1	33.33	pAdhesive_15	1
UHM644.41031__k141_320037_145	3	Voltage_CLC	1	33.33	RNase_T	1
UHM666.41034__k141_241395_10	3	DUF7210	2	66.67		0
UHM617.41023__k141_152154_4	4	DUF4953	2	50.00	DUF2231	1
UHM633.41028__k141_177357_3	3	LDcluster4	3	100.00	DUF502	2
UHM31.10830__k141_52003_4	3	DoxX	1	33.33		0
UHM632.41027__k141_23937_1	6	PG_binding_1	3	50.00	DUF1508	1
UHM573.40999__k141_21763_3	4	AAA_22	1	25.00		0
UHM582.41006__k141_43378_790	3	DUF421	1	33.33	LRR_EndoS	1
UHM617.41023__k141_133686_1	5	none	0	0.00		0
UHM610.41019__k141_204121_11	3	Phage_integrase	1	33.33		0
UHM598.41016__k141_114209_2	3	Ribonuc_red_sm	2	66.67	Ribonuc_red_lgC	2
UHM31.35749__k141_139956_1	4	GreA_GreB	3	75.00	GerE	1
UHM575.41001__k141_3384_2	4	OB_PDCD11	2	50.00		0
UHM610.41019__k141_164792_2	3	Methyltransf_11	2	66.67		0
UHM125.35769__k141_166251_5	8	ArAE_1	4	50.00	ALMT	2
UHM572.40998__k141_158607_1	4	AAA_21	1	25.00		0
UHM145.35771__k141_41758_2	3	Abhydrolase_1	2	66.67	AhpC-TSA	1
UHM648.41909__k141_76197_4	3	none	0	0.00		0
UHM72.35764__k141_50830_1	3	Na_H_Exchanger	2	66.67		0
UHM633.41028__k141_260197_5	5	none	0	0.00		0
UHM624.41024__k141_769_2	3	none	0	0.00		0
UHM633.41028__k141_286046_279	3	none	0	0.00		0
UHM596.41015__k141_208425_1	3	NRF	1	33.33	OEP	1
UHM608.41018__k141_193630_3	3	His_Phos_1	2	66.67	GGDEF	1
UHM38.35752__k141_142820_315	3	Phage_integrase	1	33.33	ATP_bind_3	1
UHM40.10834__k141_88744_2	3	none	0	0.00		0
UHM648.41909__k141_216807_4	4	Topoisom_bac	2	50.00	Fic	2
UHM125.35770__k141_48396_2	3	CLIPPER	3	100.00	Beta_helix_4	2
UHM633.41028__k141_456648_1	4	none	0	0.00		0
UHM626.41025__k141_43443_7	10	DUF6531	1	10.00	TPR_12	1
UHM22.35747__k141_26650_2	3	FtsJ	1	33.33		0
UHM634.41029__k141_253335_2	3	Gly-zipper_Omp	3	100.00	Gly-zipper_YMGG	1
UHM628.41026__k141_127425_193	3	Wzy_C	3	100.00		0
UHM633.41028__k141_138378_1	4	none	0	0.00		0
UHM610.41019__k141_94632_760	3	FA_hydroxylase	3	100.00		0
UHM18.35742__k141_36169_2	7	none	0	0.00		0
UHM666.41034__k141_436710_2	3	none	0	0.00		0
UHM594.41014__k141_17781_3	3	zf-C2H2	1	33.33		0
UHM636.41030__k141_241_1	7	PBP_dimer	4	57.14	Methyltransf_5	3
UHM36.10832__k141_191477_4	3	none	0	0.00		0
UHM649.41032__k141_342685_70	3	Acetyltransf_1	2	66.67	DUF7674	1
UHM649.41032__k141_27225_2	3	Cupin_3	1	33.33		0
UHM633.41028__k141_155013_3	5	DUF1759	1	20.00		0
UHM573.40999__k141_93930_1	3	PRC	1	33.33		0
UHM610.41019__k141_219141_1	3	none	0	0.00		0
UHM41.35757__k141_87786_7	4	none	0	0.00		0
UHM17.10826__k141_61368_3	3	Pept_tRNA_hydro	3	100.00		0
UHM575.41001__k141_7669_1	3	TFIIA_gamma_C	1	33.33	AAA_21	1
UHM125.35769__k141_195064_3	3	HTH_Tnp_Tc3_2	1	33.33		0
UHM40.35754__k141_60711_1	4	MarR	3	75.00	HTH_24	2
UHM570.40997__k141_95098_1	3	DUF3597	2	66.67	DUF885	1
UHM31.35749__k141_92341_3	3	none	0	0.00		0
UHM56.35760__k141_91600_1	36	none	0	0.00		0
UHM648.41909__k141_270858_3	3	BACK	1	33.33		0
UHM72.35762__k141_42258_21	3	HTH_18	1	33.33		0
UHM18.35742__k141_47188_13	8	DEAD	4	50.00	IgaA	2
UHM648.41909__k141_203660_13	6	none	0	0.00		0
UHM38.35753__k141_44321_98	3	AAA	2	66.67		0
UHM565.40996__k141_27831_1	8	DUF3772	7	87.50	Lipocalin_2	6
UHM40.10834__k141_64311_1	3	AHSA1	2	66.67		0
UHM634.41029__k141_309389_2	3	OTU	3	100.00		0
UHM577.41002__k141_90675_20	4	MFS_1	2	50.00	Beta-lactamase	2
UHM648.41909__k141_122247_8	12	F-box	1	8.33		0
UHM570.40997__k141_64882_19	3	DUF2804	3	100.00	Methyltransf_11	3
UHM666.41034__k141_125842_2	6	Acetyltransf_1	1	16.67		0
UHM22.35746__k141_56969_74	4	Acetyltransf_1	1	25.00	ABC2_membrane_4	1
UHM20.35744__k141_9526_1	3	none	0	0.00		0
UHM626.41025__k141_337998_3	12	DUF2851	2	16.67	adh_short	2
UHM610.41019__k141_124023_2	5	none	0	0.00		0
UHM45.35759__k141_41273_14	3	GFO_IDH_MocA	3	100.00	Peripla_BP_1	3
UHM125.35769__k141_4592_1	3	none	0	0.00		0
UHM648.41909__k141_50190_2	3	p450	1	33.33		0
UHM102.35767__k141_38449_1	3	none	0	0.00		0
UHM145.35773__k141_136530_2	4	none	0	0.00		0
UHM125.35770__k141_84434_1	3	none	0	0.00		0
UHM22.35746__k141_64545_2	5	Ala_racemase_N	4	80.00	ASL_C2	3
UHM18.35742__k141_109499_1	7	Integrase_H2C2	1	14.29	Gypsy	1
UHM634.41029__k141_147575_376	3	GerE	2	66.67	KTSC	1
UHM633.41028__k141_208359_4	3	EamA	2	66.67	DUF6708	1
UHM578.41003__k141_112163_164	10	cNMP_binding	7	70.00	Spermine_synth	5
UHM636.41030__k141_92587_73	3	DUF4153	1	33.33		0
UHM596.41015__k141_22325_183	8	Anti-Pycsar_Apyc1	3	37.50	CCG	2
UHM562.40993__k141_99768_3	7	FlgH	1	14.29		0
UHM564.40995__k141_118220_1	5	Aminotran_1_2	1	20.00	DUF6597	1
UHM20.35744__k141_34695_3	3	CBS	1	33.33		0
UHM648.41909__k141_329694_83	4	DUF2200	1	25.00	RibD_C	1
UHM649.41032__k141_206574_3	5	GFO_IDH_MocA	1	20.00	Beta-AFase-like_GH127_cat	1
UHM624.41024__k141_81839_3	3	none	0	0.00		0
UHM634.41029__k141_65656_1	3	none	0	0.00		0
UHM18.10827__k141_114070_1	3	none	0	0.00		0
UHM564.40995__k141_87395_50	4	CarbopepD_reg_2	3	75.00	GSDH	1
UHM574.41000__k141_918_2	3	Creatinase_N	2	66.67		0
UHM125.35770__k141_264431_1	3	DNA_pol3_delta2	2	66.67	Lyase_1	1
UHM125.35768__k141_135793_5	7	dCache_1	3	42.86	Acetyltransf_1	2
UHM624.41024__k141_454946_1	4	none	0	0.00		0
UHM102.35767__k141_81307_1	7	none	0	0.00		0
UHM558.40992__k141_40772_1	3	none	0	0.00		0
UHM17.10826__k141_60181_9	3	SusD-like	2	66.67	DEAD	1
UHM562.40993__k141_81535_36	6	Isochorismatase	3	50.00	Acetyltransf_1	1
UHM22.35746__k141_84192_16	6	adh_short	3	50.00	MFS_1	2
UHM145.35773__k141_122670_1	3	none	0	0.00		0
UHM40.35755__k141_142219_34	3	TrbL	2	66.67		0
UHM633.41028__k141_528516_3	3	IPK	2	66.67		0
UHM648.41909__k141_409958_2	3	none	0	0.00		0
UHM45.35759__k141_118605_4	5	Ribosom_S12_S23	5	100.00		0
UHM624.41024__k141_502687_2	3	none	0	0.00		0
UHM564.40995__k141_168127_11	3	Phage_tail_3	3	100.00		0
UHM102.35766__k141_125693_1	3	none	0	0.00		0
UHM564.40995__k141_29599_79	9	Gp_dh_C	4	44.44	Peptidase_M10	4
UHM20.35744__k141_75080_1	4	none	0	0.00		0
UHM45.35759__k141_13004_1	3	FlbT	2	66.67		0
UHM607.41017__k141_32516_1	3	none	0	0.00		0
UHM626.41025__k141_132886_42	3	Ribonuc_L-PSP	2	66.67	Amino_oxidase	1
UHM634.41029__k141_100490_2	3	RdgC	1	33.33		0
UHM585.41009__k141_97763_105	3	DUF2732	3	100.00		0
UHM587.41011__k141_139021_9	3	4HB_MCP_1	3	100.00		0
UHM626.41025__k141_338120_1	3	Laminin_G_3	1	33.33	DUF4096	1
UHM558.40992__k141_169556_22	3	NA37	1	33.33	DUF8437	1
UHM17.10826__k141_76875_186	3	Collagen	3	100.00		0
UHM616.41022__k141_5734_48	4	DUF6266	1	25.00	CMAS	1
UHM648.41909__k141_316348_4	5	none	0	0.00		0
UHM577.41002__k141_133552_24	3	Beta-lactamase	2	66.67	PrcB_C	1
UHM38.35753__k141_269178_4	4	DUF5009	2	50.00		0
UHM145.35772__k141_132960_1	5	FCD	2	40.00		0
UHM617.41023__k141_73772_3	3	none	0	0.00		0
UHM648.41909__k141_122786_4	3	ApbA	1	33.33	DUF1330	1
UHM580.41004__k141_63482_1	3	none	0	0.00		0
UHM644.41031__k141_237770_343	3	Aldo_ket_red	1	33.33	AlaDh_PNT_C	1
UHM634.41029__k141_17174_3	4	none	0	0.00		0
UHM41.35756__k141_57884_9	3	Xan_ur_permease	3	100.00	Molybdopterin	3
UHM596.41015__k141_83644_1	5	none	0	0.00		0
UHM41.35757__k141_97504_17	3	DUF1328	3	100.00	DUF883_C	2
UHM22.35747__k141_120288_43	3	PG_binding_1	2	66.67	MazE_antitoxin	1
UHM17.35740__k141_90910_1	3	none	0	0.00		0
UHM633.41028__k141_205893_3	3	none	0	0.00		0
UHM554.40991__k141_105049_1	3	RVT_1	2	66.67	TetR_C_11	1
UHM41.35756__k141_40435_16	8	adh_short	8	100.00		0
UHM577.41002__k141_161223_1	3	none	0	0.00		0
UHM649.41032__k141_179379_2	3	AAA_32	2	66.67	Abhydrolase_1	1
UHM649.41032__k141_397494_29	3	MACPF	1	33.33	DUF4304	1
UHM649.41032__k141_330129_2	3	none	0	0.00		0
UHM564.40995__k141_141380_37	3	Phage_lysozyme	2	66.67	Band_7	1
UHM632.41027__k141_271698_1	7	none	0	0.00		0
UHM648.41909__k141_51208_1	9	DnaJ_C	1	11.11		0
UHM591.41013__k141_353227_1	3	DoxX	1	33.33	GerE	1
UHM633.41028__k141_234086_1	3	GGDEF	1	33.33		0
UHM102.35766__k141_137418_2	3	Hexapep	1	33.33		0
UHM20.10828__k141_153910_2	6	Iron_permease	3	50.00	Trehalose_PPase	2
UHM36.35751__k141_870_1	11	none	0	0.00		0
UHM611.41020__k141_99099_70	3	none	0	0.00		0
UHM633.41028__k141_267080_7	4	S4	4	100.00	MFS_1	4
UHM598.41016__k141_21208_2	23	Catalase	1	4.35	Peptidase_C1	1
UHM648.41909__k141_70126_1	17	zf-C2H2	2	11.76	Calreticulin	1
UHM591.41013__k141_325181_1	3	none	0	0.00		0
UHM18.10827__k141_120525_20	10	AhpC-TSA	6	60.00		0
UHM656.41033__k141_320141_120	3	DevR	3	100.00	Cas6_I-A	3
UHM45.10838__k141_97173_13	4	Ald_Xan_dh_C	2	50.00	T2SS_PulS_OutS	1
UHM102.35767__k141_146985_1	3	none	0	0.00		0
UHM649.41032__k141_73313_1	3	none	0	0.00		0
UHM20.35744__k141_98807_1	4	Integrase_H2C2	1	25.00		0
UHM666.41034__k141_197021_1	5	Fic	2	40.00	DUF4172	1
UHM22.35746__k141_69280_21	5	Glycos_transf_2	2	40.00	DEAD	2
UHM17.35739__k141_57318_2	3	none	0	0.00		0
UHM125.35769__k141_233947_1	4	none	0	0.00		0
UHM36.10832__k141_114780_34	5	YfjT	1	20.00	DUF932	1
UHM615.41021__k141_132606_14	5	HATPase_c	4	80.00	CoaE	2
UHM145.35773__k141_241569_2	5	Integrase_H2C2	1	20.00	zf-CCHC	1
UHM563.40994__k141_42747_1	7	Polysacc_deac_1	6	85.71	DUF1499	3
UHM649.41032__k141_257927_1	3	none	0	0.00		0
UHM648.41909__k141_399443_1	5	NifU	3	60.00		0
UHM570.40997__k141_38225_97	4	DUF8486	4	100.00	4TM_phosphoesterase	4
UHM594.41014__k141_105136_2	3	none	0	0.00		0
UHM102.35767__k141_199771_1	3	none	0	0.00		0
UHM598.41016__k141_189897_2	3	zf-C2H2	1	33.33		0
UHM41.35756__k141_116552_102	3	none	0	0.00		0
UHM565.40996__k141_144104_2	4	DUF5710	3	75.00	Endonuclease_NS	1
UHM22.35746__k141_57829_1	3	Radical_SAM	2	66.67		0
UHM584.41008__k141_109176_1	8	BLH_phosphatase	6	75.00	BPD_transp_1	4
UHM582.41006__k141_117998_1	8	none	0	0.00		0
UHM626.41025__k141_16302_1	3	none	0	0.00		0
UHM633.41028__k141_410247_17	4	none	0	0.00		0
UHM72.35762__k141_74192_4	4	DJ-1_PfpI	3	75.00	CbtA	2
UHM598.41016__k141_279998_1	3	none	0	0.00		0
UHM573.40999__k141_138575_46	3	His_biosynth	2	66.67	PALP	2
UHM570.40997__k141_61979_1	3	Gln-synt_C	1	33.33	DEDD_Tnp_IS110	1
UHM584.41008__k141_141835_2	3	EamA	3	100.00	Beta-lactamase	2
UHM145.35771__k141_108580_165	3	PapC_C	3	100.00	ABC_tran	2
UHM626.41025__k141_123756_1	5	AAA_33	2	40.00		0
UHM649.41032__k141_392912_152	6	Aconitase	6	100.00	HpcH_HpaI	5
UHM626.41025__k141_10098_1	3	none	0	0.00		0
UHM624.41024__k141_438439_22	4	2-oxoacid_dh	4	100.00	Glyoxalase	4
UHM145.35773__k141_92064_1	6	none	0	0.00		0
UHM585.41009__k141_80153_179	4	ZapA	4	100.00	TctB	4
UHM636.41030__k141_182161_3	3	AAA_21	3	100.00	ABC2_membrane	2
UHM38.35752__k141_10582_16	6	Bac_DNA_binding	4	66.67	Antirestrict	2
UHM17.35740__k141_169762_1	3	none	0	0.00		0
UHM36.35750__k141_24003_7	8	Nramp	6	75.00	DctM	5
UHM145.35773__k141_98709_15	3	RdgC	1	33.33		0
UHM624.41024__k141_422733_21	4	GFO_IDH_MocA	4	100.00	Asp_protease_2	2
UHM563.40994__k141_116923_99	3	DUF3784	2	66.67	Sigma70_r2	1
UHM636.41030__k141_86847_1	4	none	0	0.00		0
UHM17.10826__k141_191739_6	3	MFS_1	3	100.00	AAA_33	2
UHM56.35761__k141_66354_2	3	none	0	0.00		0
UHM598.41016__k141_223763_2	5	Phage_holin_3_6	3	60.00	GAD	2
UHM31.35749__k141_178147_1	3	PRE_C2HC	1	33.33		0
UHM20.35744__k141_172998_3	3	DNA_methylase	1	33.33	Phage_P22_Y8K6	1
UHM626.41025__k141_2433_23	6	NFACT-R_2	1	16.67		0
UHM17.35740__k141_90434_8	3	none	0	0.00		0
UHM41.35756__k141_59690_5	3	AhpC-TSA	2	66.67	Methyltransf_31	1
UHM584.41008__k141_118697_2	4	MarR	1	25.00	DUF732	1
UHM72.35762__k141_21755_1	4	Sigma70_r2	4	100.00	Abhydrolase_1	2
UHM102.10840__k141_82511_1	3	Citrate_synt	2	66.67	ADI	1
UHM633.41028__k141_331027_2	4	NusA_N	1	25.00		0
UHM125.35769__k141_239523_5	3	TetR_C_7	1	33.33	CSD	1
UHM608.41018__k141_173141_2	4	MTHFR	3	75.00	DnaJ	3
UHM554.40991__k141_219797_2	5	Peptidase_M90	4	80.00	BPL_C	1
UHM648.41909__k141_147900_2	3	ACAS_N	3	100.00	AAA_19	1
UHM18.35742__k141_144900_1	6	none	0	0.00		0
UHM17.35739__k141_93012_40	3	AhpC-TSA	3	100.00	SusD-like_3	2
UHM564.40995__k141_55126_38	3	FHA	3	100.00	Peptidase_S66	3
UHM644.41031__k141_140875_1	4	none	0	0.00		0
UHM22.35745__k141_5751_7	5	PhageMin_Tail	4	80.00		0
UHM17.10826__k141_123628_7	3	MFS_1	1	33.33	DUF7661	1
UHM648.41909__k141_281778_7	4	BTB	3	75.00	DnaJ	1
UHM145.35773__k141_132828_181	4	SnoaL_2	3	75.00	Lactamase_B	1
UHM554.40991__k141_158253_7	4	Peptidase_S41	4	100.00		0
UHM608.41018__k141_114831_6	3	ADH_N	1	33.33	AAA_31	1
UHM610.41019__k141_137282_61	4	Glyco_hydro_32N	1	25.00	Glyco_hydro_43	1
UHM598.41016__k141_50358_6	3	none	0	0.00		0
UHM17.35739__k141_97267_1	4	cobW	1	25.00		0
UHM45.35759__k141_119137_1	3	none	0	0.00		0
UHM38.35753__k141_223686_1	4	none	0	0.00		0
UHM644.41031__k141_42163_3	5	DUF1153	2	40.00	Acetyltransf_1	2
UHM18.35741__k141_1968_3	3	PAS	3	100.00		0
UHM636.41030__k141_53677_4	3	WxLIP_HBD	2	66.67	Pectate_lyase_5	1
UHM570.40997__k141_90498_14	4	DLH	4	100.00	Patatin	2
UHM648.41909__k141_85074_3	3	none	0	0.00		0
UHM56.35760__k141_112600_3	3	none	0	0.00		0
UHM102.35766__k141_7655_2	3	p450	1	33.33		0
UHM632.41027__k141_70742_9	5	Anticodon_1	3	60.00	MatE	3
UHM598.41016__k141_264283_1	3	Peptidase_M14	1	33.33		0
UHM626.41025__k141_263353_15	3	AAA_21	2	66.67	TonB_C	1
UHM573.40999__k141_153753_1	4	none	0	0.00		0
UHM624.41024__k141_66966_1	3	none	0	0.00		0
UHM626.41025__k141_318765_1	3	ERF	1	33.33		0
UHM125.35770__k141_226082_22	4	ArdA	4	100.00	DNA_pol3_theta	3
UHM565.40996__k141_139375_2	3	DAHP_synth_1	2	66.67	Lipase_GDSL	2
UHM591.41013__k141_169112_15	3	AI-2E_transport	2	66.67	MazG	2
UHM554.40991__k141_192787_9	5	CHAP	2	40.00	Sigma70_r2	1
UHM38.35753__k141_118167_22	5	Phage_integrase	5	100.00	Cytidylate_kin2	2
UHM633.41028__k141_337877_3	3	Methyltransf_12	2	66.67	LysE	1
UHM554.40991__k141_135069_15	9	VKOR	2	22.22	HTH_18	2
UHM607.41017__k141_65103_5	4	none	0	0.00		0
UHM633.41028__k141_322428_43	3	HTH_1	2	66.67	DEDD_Tnp_IS110	1
UHM145.35772__k141_80699_1	4	none	0	0.00		0
UHM38.35753__k141_91684_2	4	none	0	0.00		0
UHM656.41033__k141_2158_5	6	Anthrone_oxy	3	50.00	GerE	1
UHM666.41034__k141_3034_61	3	HTH_19	1	33.33		0
UHM610.41019__k141_8510_1	3	AAA_21	1	33.33	DUF3592	1
UHM633.41028__k141_474833_7	4	none	0	0.00		0
UHM18.35741__k141_72667_2	3	Nitroreductase	3	100.00	TPR_2	2
UHM598.41016__k141_172880_2	8	Aldedh	1	12.50		0
UHM41.35757__k141_48132_1	3	Glyco_hydro_10	1	33.33	4HBT	1
UHM145.35773__k141_252017_2	12	none	0	0.00		0
UHM598.41016__k141_156566_10	4	Zn_ribbon_3CxxC_2	1	25.00		0
UHM634.41029__k141_308889_2	3	none	0	0.00		0
UHM636.41030__k141_323288_1	3	none	0	0.00		0
UHM125.35769__k141_137613_1	3	HSP70	2	66.67		0
UHM31.35748__k141_134191_14	3	Dam	3	100.00	Phage_rep_O_C	2
UHM656.41033__k141_243929_113	3	DUF2007	2	66.67	LacAB_rpiB	2
UHM22.35747__k141_48604_149	3	MreC	2	66.67	PBP_dimer	2
UHM582.41006__k141_28740_2	5	none	0	0.00		0
UHM56.35760__k141_102551_185	3	SpoVR	3	100.00	Amino_oxidase	3
UHM563.40994__k141_84656_3	3	Peptidase_S49	3	100.00	HDPD	3
UHM633.41028__k141_87671_1	5	none	0	0.00		0
UHM56.35761__k141_104304_2	3	none	0	0.00		0
UHM38.35753__k141_114773_1	5	none	0	0.00		0
UHM17.10826__k141_275136_2	3	HTH_23	3	100.00		0
UHM644.41031__k141_67855_297	3	Rhodanese	2	66.67	DUF5692	1
UHM20.35743__k141_34964_1	3	DUF4279	1	33.33	SymE_C	1
UHM632.41027__k141_24869_1	3	Transgly_assoc	1	33.33		0
UHM125.35768__k141_108935_39	3	HutD	2	66.67	HemolysinCabind	1
UHM649.41032__k141_67738_2	7	DUF808	3	42.86	DHDPS	1
UHM145.35773__k141_188068_56	8	Flavodoxin_2	8	100.00	OKR_DC_1	2
UHM607.41017__k141_32090_1	14	none	0	0.00		0
UHM649.41032__k141_280228_1	3	AhpC-TSA	1	33.33		0
UHM644.41031__k141_242052_2	3	Methyltransf_11	2	66.67	HTH_25	1
UHM580.41004__k141_191934_1	3	none	0	0.00		0
UHM648.41909__k141_19740_60	3	AA_permease	2	66.67	cNMP_binding	1
UHM564.40995__k141_156965_12	3	Response_reg	2	66.67	Acetyltransf_1	1
UHM565.40996__k141_121983_10	8	ESPR	6	75.00	DEDD_Tnp_IS110	1
UHM615.41021__k141_135757_2	3	SpoVR	2	66.67	PhoX	2
UHM41.35757__k141_47158_4	3	Pep_deformylase	2	66.67	AhpC-TSA	1
UHM563.40994__k141_13771_9	7	GidB	4	57.14	His_kinase	3
UHM125.35769__k141_25626_1	3	none	0	0.00		0
UHM648.41909__k141_257941_2	3	none	0	0.00		0
UHM31.35749__k141_171445_1	14	PRE_C2HC	1	7.14		0
UHM649.41032__k141_57804_1	3	Acetyltransf_1	2	66.67		0
UHM632.41027__k141_252994_127	3	DEAD	3	100.00	FeoB_associated	1
UHM633.41028__k141_141888_1	3	none	0	0.00		0
UHM585.41009__k141_15841_1	4	DUF1214	1	25.00	Hemerythrin	1
UHM581.41005__k141_180996_36	4	DinI	3	75.00	BssS	3
UHM20.35744__k141_63069_5	6	HTH_36	2	33.33	Peptidase_S24	1
UHM615.41021__k141_56612_25	3	Tsi6	1	33.33		0
UHM562.40993__k141_117437_27	3	Relaxase	1	33.33		0
UHM22.35747__k141_18554_40	3	T2SSE	3	100.00		0
UHM40.35754__k141_14181_2	3	YqaJ	2	66.67		0
UHM648.41909__k141_141943_2	6	Arrestin_C	2	33.33	Gpi16	1
UHM20.35743__k141_125630_3	4	AlaDh_PNT_C	3	75.00	TraB_PrgY_gumN	3
UHM575.41001__k141_58082_821	3	GntR	1	33.33	Gluconate_2-dh3	1
UHM573.40999__k141_78967_8	4	Acetyltransf_1	1	25.00	Pribosyltran	1
UHM563.40994__k141_146807_37	6	none	0	0.00		0
UHM591.41013__k141_205772_13	5	LytTR	1	20.00	Peptidase_C39	1
UHM580.41004__k141_9680_1	3	Cpn10	1	33.33	HTH_19	1
UHM633.41028__k141_469395_3	3	none	0	0.00		0
UHM72.35764__k141_4065_2	3	Ribosomal_S21	1	33.33		0
UHM72.35764__k141_29410_100	4	Asp_Glu_race	4	100.00	DUF3011	4
UHM644.41031__k141_32077_5	3	none	0	0.00		0
UHM648.41909__k141_417831_1	3	none	0	0.00		0
UHM624.41024__k141_113969_2	3	CheW	3	100.00	4HB_MCP_1	2
UHM102.35766__k141_15186_4	3	none	0	0.00		0
UHM563.40994__k141_37665_2	5	HemN_C	3	60.00	PMT_2	2
UHM656.41033__k141_177899_5	3	AI-2E_transport	2	66.67	MS_channel_1st_1	2
UHM570.40997__k141_16907_2	4	none	0	0.00		0
UHM626.41025__k141_192826_7	3	Imm11	1	33.33	DUF6531	1
UHM575.41001__k141_113146_1	3	Exo_endo_phos	1	33.33		0
UHM633.41028__k141_311810_9	3	OEP	1	33.33		0
UHM41.35757__k141_67796_2	3	none	0	0.00		0
UHM38.35752__k141_136618_6	5	PemK_toxin	1	20.00		0
UHM596.41015__k141_143549_1	3	Abhydrolase_3	1	33.33		0
UHM628.41026__k141_194958_3	3	Anticodon_2	2	66.67		0
UHM596.41015__k141_52860_2	3	none	0	0.00		0
UHM56.35761__k141_89383_34	4	MFS_1	4	100.00	Oxidored_FMN	2
UHM18.35741__k141_132386_2	3	Aldedh	1	33.33		0
UHM590.41012__k141_118021_1	4	TraB_PrgY_gumN	2	50.00	DUF481	2
UHM40.35754__k141_89565_1	6	none	0	0.00		0
UHM656.41033__k141_150922_2	12	DNA_gyraseB	2	16.67	SIR2_2	1
UHM587.41011__k141_194012_103	3	ProQ	1	33.33		0
UHM633.41028__k141_472926_6	4	none	0	0.00		0
UHM633.41028__k141_34649_72	3	Spore_GerAC	3	100.00	adh_short	2
UHM562.40993__k141_188186_7	3	none	0	0.00		0
UHM40.35754__k141_37414_5	7	Phage_holin_3_6	5	71.43	Amino_oxidase	3
UHM102.35766__k141_59399_1	5	ACP_syn_III	1	20.00	AbiEii	1
UHM22.35746__k141_150240_63	3	AAA_5	1	33.33	Amidohydro_1	1
UHM145.35773__k141_26760_39	6	HTH_1	6	100.00	AraC_binding	2
UHM31.35748__k141_2423_2	13	Endolysin	6	46.15	Glyco_hydro_19	2
UHM125.35769__k141_111392_1	3	none	0	0.00		0
UHM591.41013__k141_583_2	3	DUF5641	1	33.33		0
UHM38.35753__k141_41705_1	5	Baculo_F	1	20.00		0
UHM587.41011__k141_11527_2	3	ParE_toxin	2	66.67	Aminotran_3	1
UHM554.40991__k141_143092_89	4	Phage_connect_1	4	100.00	Tail_completion_gp17	4
UHM586.41010__k141_62670_4	7	RHH_4	3	42.86	Rrf2	1
UHM20.10828__k141_96548_11	3	BclA_C	2	66.67	AmiR_N	2
UHM72.35764__k141_109171_25	3	GapR_DNA-bd	3	100.00		0
UHM626.41025__k141_222455_94	3	GFA	3	100.00	ACR_tran	3
UHM577.41002__k141_213300_2	4	none	0	0.00		0
UHM41.35757__k141_134224_1	4	Exo_endo_phos	2	50.00	PRE_C2HC	1
UHM22.35746__k141_28189_2	3	FAD_binding_2	2	66.67	Methyltransf_11	2
UHM56.35761__k141_96315_2	3	RT_RNaseH	1	33.33		0
UHM666.41034__k141_15255_1	10	none	0	0.00		0
UHM41.35757__k141_148525_1	3	none	0	0.00		0
UHM633.41028__k141_104818_1	4	none	0	0.00		0
UHM574.41000__k141_118857_1	3	none	0	0.00		0
UHM125.35770__k141_114575_1	3	none	0	0.00		0
UHM22.35746__k141_15166_2	3	CsgG	2	66.67		0
UHM586.41010__k141_102138_4	4	VF_A0006	1	25.00		0
UHM72.35763__k141_7586_38	5	OEP	4	80.00	Ribonuc_L-PSP	3
UHM41.35756__k141_1937_42	3	YdfZ	1	33.33	Methyltransf_11	1
UHM633.41028__k141_153634_5	4	BNR	1	25.00	DUF8606	1
UHM608.41018__k141_57739_12	5	Hemerythrin	1	20.00	LysR_substrate	1
UHM125.35768__k141_27491_87	3	AIRC	3	100.00	Metallophos	3
UHM636.41030__k141_97630_32	3	none	0	0.00		0
UHM125.35769__k141_51037_3	5	DUF6531	2	40.00	YgjP-like	1
UHM563.40994__k141_113875_33	3	none	0	0.00		0
UHM598.41016__k141_241240_2	5	DNA_pol_B_2	2	40.00	rve	1
UHM666.41034__k141_409139_1	4	none	0	0.00		0
UHM583.41007__k141_123412_1	4	FAA_hydrolase	3	75.00		0
UHM656.41033__k141_190719_2	6	tRNA_bind	5	83.33	OMP_b-brl	3
UHM22.35745__k141_117289_2	3	DNA_pol3_beta	2	66.67	Aldedh	2
UHM644.41031__k141_314753_7	4	RuvC	2	50.00	BV97_02767	1
UHM125.35770__k141_49030_2	6	AAA	5	83.33	IDH	4
UHM145.35773__k141_180622_2	4	none	0	0.00		0
UHM572.40998__k141_17568_146	3	ACT	3	100.00	LPG_synthase_TM	2
UHM656.41033__k141_84442_2	5	UPF0093	5	100.00	Aldedh	2
UHM125.35769__k141_216628_8	3	Cellsynth_D	3	100.00	Cellulose_synt	2
UHM648.41909__k141_216730_3	3	none	0	0.00		0
UHM72.35762__k141_100704_1	3	FAD_binding_6	1	33.33		0
UHM608.41018__k141_168067_2	3	AAA	1	33.33		0
UHM72.35762__k141_22781_2	3	AAA_23	2	66.67	DUF1294	1
UHM125.35769__k141_183277_6	4	HNH	2	50.00	NinB	1
UHM632.41027__k141_83850_1	3	none	0	0.00		0
UHM575.41001__k141_136583_4	6	HGSNAT_cat	1	16.67	Acetyltransf_1	1
UHM145.35771__k141_86443_461	3	none	0	0.00		0
UHM644.41031__k141_158672_251	3	fn3	1	33.33	HTH_18	1
UHM624.41024__k141_370299_2	3	VbhA	1	33.33	Metallophos	1
UHM41.35757__k141_188235_34	4	GpA_ATPase	4	100.00	DUF4124	1
UHM648.41909__k141_351749_3	7	none	0	0.00		0
UHM624.41024__k141_458566_3	9	none	0	0.00		0
UHM656.41033__k141_7581_3	4	Peptidase_S78	2	50.00		0
UHM633.41028__k141_178_1	3	none	0	0.00		0
UHM615.41021__k141_100187_1	5	none	0	0.00		0
UHM608.41018__k141_142885_2	6	Aldedh	1	16.67	Peptidase_A8	1
UHM125.35770__k141_15580_6	5	Ribosomal_S21	2	40.00	CSD	1
UHM125.35770__k141_201448_3	3	Fic	2	66.67	ACP_syn_III	1
UHM41.35757__k141_59109_1	3	none	0	0.00		0
UHM648.41909__k141_298429_7	5	none	0	0.00		0
UHM18.35741__k141_61322_1	3	Zn_ribbon_2	1	33.33		0
UHM562.40993__k141_53049_2	3	none	0	0.00		0
UHM633.41028__k141_432777_5	3	DUF4890	3	100.00	tRNA-synt_2	2
UHM596.41015__k141_222537_1	8	none	0	0.00		0
UHM594.41014__k141_57535_1	4	DUF736	2	50.00		0
UHM656.41033__k141_254104_2	3	CsrA	3	100.00		0
UHM31.35749__k141_83725_1	7	none	0	0.00		0
UHM608.41018__k141_167862_6	3	Methyltr_RsmB-F	1	33.33	DDE_Tnp_ISL3	1
UHM125.35770__k141_292187_1	4	none	0	0.00		0
UHM41.35756__k141_104173_1	3	none	0	0.00		0
UHM636.41030__k141_146338_64	5	HicB-like_2	1	20.00	Phage_gp49_66	1
UHM632.41027__k141_164804_3	3	none	0	0.00		0
UHM628.41026__k141_166975_3	6	Transgly	3	50.00		0
UHM558.40992__k141_32908_11	5	HTH_1	4	80.00	adh_short	4
UHM644.41031__k141_241811_478	4	Cytochrome_CBB3	4	100.00	COX1	4
UHM617.41023__k141_156168_5	3	PMT	2	66.67	SDF	1
UHM38.35753__k141_218916_1	5	RT_RNaseH	1	20.00		0
UHM607.41017__k141_79797_1	4	HAD_2	3	75.00	ABC_tran	1
UHM102.10840__k141_86461_33	3	Metallophos	2	66.67	DUF1064	1
UHM562.40993__k141_131540_2	3	none	0	0.00		0
UHM38.35752__k141_89859_5	4	none	0	0.00		0
UHM125.35769__k141_173366_1	4	none	0	0.00		0
UHM31.10830__k141_75229_113	3	none	0	0.00		0
UHM45.35759__k141_1886_1	4	Integrase_H2C2	1	25.00		0
UHM591.41013__k141_133460_2	9	Aldedh	6	66.67	DNA_pol3_delta	3
UHM644.41031__k141_66922_1	4	DDE_Tnp_1	1	25.00		0
UHM608.41018__k141_63662_2	5	GHMP_kinases_C	1	20.00	SIS	1
UHM585.41009__k141_104512_1	5	Phage_HCP	4	80.00		0
UHM20.35744__k141_13365_25	3	Pept_tRNA_hydro	3	100.00	FeoB_N	2
UHM22.35745__k141_9974_9	4	Gp5_C	1	25.00		0
UHM20.10828__k141_128423_1	3	polyprenyl_synt	2	66.67		0
UHM38.35752__k141_103680_1	3	RVT_1	1	33.33		0
UHM17.35740__k141_89591_4	3	MFS_1	2	66.67	Abhydrolase_1	2
UHM591.41013__k141_38758_13	3	PAS	1	33.33		0
UHM558.40992__k141_85001_54	4	HTH_26	2	50.00	SMI1_KNR4	2
UHM633.41028__k141_74801_2	3	CUB	1	33.33	GST_C	1
UHM582.41006__k141_9525_3	3	Imm2	1	33.33	rve	1
UHM564.40995__k141_141435_2	4	DUF1275	2	50.00	HTH_18	2
UHM56.35760__k141_41442_43	3	FAD_binding_9	3	100.00	Pro_dh	1
UHM634.41029__k141_34636_1	3	none	0	0.00		0
UHM644.41031__k141_101740_1	3	Phytase-like	1	33.33		0
UHM17.35740__k141_90151_5	4	none	0	0.00		0
UHM563.40994__k141_70046_4	3	none	0	0.00		0
UHM624.41024__k141_225901_1	3	none	0	0.00		0
UHM102.35766__k141_57685_2	4	Ble-like_N	3	75.00	DUF3079	2
UHM572.40998__k141_21774_30	7	DUF6950	5	71.43	Phage_TAC_18	1
UHM17.35740__k141_38907_1	4	none	0	0.00		0
UHM594.41014__k141_103063_5	3	none	0	0.00		0
UHM40.35754__k141_91070_2	3	none	0	0.00		0
UHM40.35755__k141_28399_2	4	none	0	0.00		0
UHM102.35767__k141_206176_2	3	PRE_C2HC	1	33.33	Exo_endo_phos	1
UHM610.41019__k141_1421_1	3	none	0	0.00		0
UHM125.35769__k141_140800_1	4	none	0	0.00		0
UHM38.35752__k141_229682_1	3	none	0	0.00		0
UHM72.35764__k141_25537_1	3	none	0	0.00		0
UHM41.35757__k141_52648_6	5	GATase_4	4	80.00	Peptidase_S9	3
UHM610.41019__k141_261192_2	5	MFS_1	1	20.00	Anticodon_1	1
UHM656.41033__k141_6399_1	3	HHH_RS2-RL21-YNQ2	3	100.00	ATP-synt_ab	2
UHM644.41031__k141_224180_1	11	none	0	0.00		0
UHM591.41013__k141_368230_588	5	Acetyltransf_1	2	40.00	Cons_hypoth698	1
UHM648.41909__k141_411073_171	3	DUF4384	3	100.00	Peptidase_C14	2
UHM610.41019__k141_322611_142	3	DUF1015	2	66.67		0
UHM36.35751__k141_72423_57	3	GntR	1	33.33	SSB	1
UHM582.41006__k141_136679_2	3	BCCT	3	100.00		0
UHM102.35766__k141_160415_59	3	BON	3	100.00	DUF1328	3
UHM656.41033__k141_275327_1	4	PfkB	4	100.00	ADH_N_2	2
UHM145.35771__k141_19671_23	3	LGT	3	100.00		0
UHM17.35740__k141_188105_3	3	RVT_1	1	33.33		0
UHM584.41008__k141_102390_16	3	EamA	2	66.67	Fimbrial	2
UHM656.41033__k141_85876_4	3	DUF2497	3	100.00	PNPOx_N	2
UHM38.35752__k141_227451_1	6	ATP_bind_3	5	83.33	DUF4834	5
UHM598.41016__k141_118919_2	4	none	0	0.00		0
UHM56.35761__k141_188731_90	4	3D	3	75.00	Gly-zipper_Omp	2
UHM633.41028__k141_472926_3	4	none	0	0.00		0
UHM644.41031__k141_231678_10	3	PfkB	3	100.00	Acetyltransf_1	3
UHM20.35743__k141_35272_1	3	RHS	1	33.33	DUF6531	1
UHM18.35742__k141_6897_1	7	none	0	0.00		0
UHM573.40999__k141_137977_1	3	ArsB	1	33.33		0
UHM570.40997__k141_46216_124	3	DUF6993	2	66.67	Abhydrolase_1	1
UHM648.41909__k141_300619_1	4	none	0	0.00		0
UHM22.35746__k141_137754_3	7	Trp_syntA	7	100.00	PALP	6
UHM573.40999__k141_143298_1	7	none	0	0.00		0
UHM633.41028__k141_87226_1	3	none	0	0.00		0
UHM596.41015__k141_180658_1	4	PSD	3	75.00	SBF	2
UHM56.35760__k141_108397_1	8	none	0	0.00		0
UHM648.41909__k141_22342_3	7	none	0	0.00		0
UHM610.41019__k141_108233_14	3	E1-E2_ATPase	2	66.67	MerR	2
UHM582.41006__k141_15950_1	3	none	0	0.00		0
UHM644.41031__k141_302857_56	4	ATP_bind_3	3	75.00	Glycos_transf_1	2
UHM596.41015__k141_138445_2	3	none	0	0.00		0
UHM608.41018__k141_183535_13	3	MerC	2	66.67	Cation_efflux	1
UHM611.41020__k141_94340_3	6	tRNA_U5-meth_tr	2	33.33	Radical_SAM	2
UHM598.41016__k141_20104_2	3	GATase	1	33.33	Metallophos	1
UHM626.41025__k141_133764_1	3	Metallophos	1	33.33		0
UHM632.41027__k141_86489_86	4	DUF1302	4	100.00	FA_hydroxylase	4
UHM578.41003__k141_58931_3	5	none	0	0.00		0
UHM633.41028__k141_136000_1	3	FAA_hydrolase	3	100.00	ABC_tran	1
UHM636.41030__k141_327443_1	3	AzlC	2	66.67	cNMP_binding	1
UHM587.41011__k141_165528_2	3	TetR_C_13	3	100.00		0
UHM648.41909__k141_302036_125	3	DUF2147	3	100.00	3-dmu-9_3-mt	2
UHM628.41026__k141_127587_14	3	DHFR_1	2	66.67	Thymidylat_synt	2
UHM72.35764__k141_108509_178	7	Methyltransf_24	7	100.00	YceI	4
UHM575.41001__k141_87397_1	3	none	0	0.00		0
UHM644.41031__k141_116577_1	3	none	0	0.00		0
UHM125.35770__k141_182164_3	3	LysE	3	100.00	HTH_1	3
UHM56.35761__k141_131430_12	3	SRAP	1	33.33	SNase	1
UHM102.10840__k141_27375_4	3	YqaJ	3	100.00		0
UHM36.35751__k141_61811_78	4	none	0	0.00		0
UHM20.35744__k141_174699_63	3	none	0	0.00		0
UHM72.35764__k141_108541_131	3	DNA_pol3_alpha	3	100.00	PMSR	1
UHM125.35770__k141_186047_3	7	MFS_1	4	57.14	RtcB	3
UHM31.35749__k141_196509_5	5	RNase_H	1	20.00		0
UHM633.41028__k141_431132_5	3	ParE_toxin	2	66.67	KdpC	1
UHM20.35743__k141_83715_3	3	Hepar_II_III_C	3	100.00		0
UHM633.41028__k141_21403_4	4	Aldolase_II	4	100.00	adh_short	3
UHM598.41016__k141_226075_4	3	p450	1	33.33		0
UHM18.35741__k141_7979_10	3	Bact_surface_Ig-like	2	66.67	Glyco_hydro_4	1
UHM582.41006__k141_59119_1	4	none	0	0.00		0
UHM20.35743__k141_54581_200	3	ABC_tran	3	100.00	DNA_pol3_chi	2
UHM41.35756__k141_71680_13	3	Bac_luciferase	3	100.00		0
UHM586.41010__k141_108834_1	3	none	0	0.00		0
UHM17.10826__k141_200611_2	3	adh_short	3	100.00	DUF4302	2
UHM570.40997__k141_34589_6	3	Hydrolase	2	66.67	FtsJ	2
UHM632.41027__k141_254702_33	3	HTH_20	1	33.33		0
UHM598.41016__k141_206678_1	3	none	0	0.00		0
UHM72.35762__k141_116162_150	4	Anti-Pycsar_Apyc1	2	50.00	BamC-like_N	1
UHM145.35772__k141_42149_2	3	YoeB_toxin	2	66.67	ADSL_C	1
UHM633.41028__k141_100035_9	3	none	0	0.00		0
UHM145.35773__k141_128257_2	4	none	0	0.00		0
UHM628.41026__k141_225777_1	6	SIMPL	5	83.33	Seryl_tRNA_N	2
UHM624.41024__k141_411797_1	3	none	0	0.00		0
UHM608.41018__k141_123513_2	4	DHHA1	3	75.00	Ribosomal_S4	2
UHM648.41909__k141_175406_14	3	BSH_RND	3	100.00		0
UHM649.41032__k141_218707_5	7	DUF4199	7	100.00	Amidohydro_1	3
UHM554.40991__k141_22296_199	3	QSregVF_b	2	66.67	DUF2752	1
UHM649.41032__k141_5737_77	4	none	0	0.00		0
UHM626.41025__k141_242695_71	3	AAA_21	3	100.00	AAA_33	2
UHM56.35761__k141_190330_1	3	XFP	1	33.33	Acetyltransf_1	1
UHM590.41012__k141_149180_1	15	BACK	1	6.67		0
UHM31.35748__k141_13746_1	10	SurE	9	90.00	LpxB	9
UHM17.35740__k141_58094_1	3	none	0	0.00		0
UHM40.10834__k141_46456_6	7	Esterase	4	57.14	DUF2268	2
UHM40.35755__k141_19107_1	3	none	0	0.00		0
UHM624.41024__k141_22775_142	3	Semialdhyde_dh	3	100.00	PIN	3
UHM624.41024__k141_276647_39	4	HTH_1	2	50.00	Ion_trans	1
UHM40.35754__k141_6691_1	3	DUF7666	1	33.33		0
UHM633.41028__k141_65006_3	4	AHSA1	2	50.00	Glyoxalase	1
UHM17.35740__k141_178342_1	3	RT_RNaseH	1	33.33		0
UHM583.41007__k141_356_1	4	AAA_31	1	25.00	MatE	1
UHM562.40993__k141_109119_8	3	Arc	2	66.67	HTH_1	1
UHM72.35764__k141_29277_50	3	CsbD	1	33.33	BrnA_antitoxin	1
UHM598.41016__k141_126975_1	3	Zap1_zf2	1	33.33		0
UHM591.41013__k141_280606_3	3	none	0	0.00		0
UHM570.40997__k141_2499_6	4	DUF1240	1	25.00	Amidase_3	1
UHM554.40991__k141_143574_2	3	SusD-like_3	3	100.00		0
UHM18.35742__k141_160140_2	3	none	0	0.00		0
UHM633.41028__k141_249358_3	3	none	0	0.00		0
UHM125.35770__k141_204062_1	3	none	0	0.00		0
UHM644.41031__k141_290131_1	3	none	0	0.00		0
UHM22.35747__k141_121018_2	3	DEAD	1	33.33	DUF1453	1
UHM648.41909__k141_122129_2	3	none	0	0.00		0
UHM649.41032__k141_100818_33	3	Na_H_antiport_1	1	33.33	CBS	1
UHM36.10832__k141_120051_194	3	FIST	1	33.33	AA_permease	1
UHM666.41034__k141_111607_1	4	DUF2800	3	75.00	P22_Cro	1
UHM18.35742__k141_60632_70	4	FeS	4	100.00	Rnf-Nqr	4
UHM38.10833__k141_53226_2	4	Aminotran_1_2	4	100.00	Na_H_Exchanger	2
UHM72.35764__k141_89655_186	12	RdgC	2	16.67	Phage_integrase	1
UHM125.35769__k141_182422_1	3	none	0	0.00		0
UHM624.41024__k141_401434_2	3	none	0	0.00		0
UHM22.35747__k141_67749_2	3	HTH_IclR	3	100.00	IMPDH	3
UHM585.41009__k141_3490_5	4	Gly_radical	4	100.00	UDG	4
UHM554.40991__k141_143537_6	4	YgbB	2	50.00	TetR_N	2
UHM596.41015__k141_170538_7	8	OMP_b-brl	3	37.50	dCMP_cyt_deam_1	2
UHM624.41024__k141_303399_1	4	FMN_bind_2	1	25.00		0
UHM580.41004__k141_33133_2	4	MFS_1	3	75.00	Aminotran_3	3
UHM585.41009__k141_59647_1	8	HNH	1	12.50		0
UHM125.35770__k141_123221_1	4	Asp_protease_2	1	25.00	RVP_2	1
UHM31.35749__k141_161072_1	3	none	0	0.00		0
UHM626.41025__k141_231817_102	3	HTH_19	1	33.33		0
UHM22.35746__k141_66824_39	4	Acetyltransf_1	4	100.00	Radical_SAM	3
UHM648.41909__k141_222631_4	6	none	0	0.00		0
UHM41.35757__k141_19463_99	4	Phage_lysozyme	2	50.00	FRG	1
UHM634.41029__k141_226853_2	5	none	0	0.00		0
UHM575.41001__k141_57889_2	3	PF1765-like	1	33.33		0
UHM18.10827__k141_23545_1	4	DUF4921	2	50.00	PHA02142	1
UHM17.35739__k141_81434_2	6	DbpA	4	66.67	BRCT	2
UHM615.41021__k141_108001_1	4	none	0	0.00		0
UHM633.41028__k141_431587_4	3	AAA_21	3	100.00	SDF	1
UHM607.41017__k141_133209_1	3	none	0	0.00		0
UHM558.40992__k141_105361_1	4	none	0	0.00		0
UHM20.10828__k141_36834_146	4	Mur_ligase	4	100.00		0
UHM22.35745__k141_70893_7	5	GCV_H	2	40.00	Biotin_lipoyl	2
UHM632.41027__k141_326651_27	4	none	0	0.00		0
UHM633.41028__k141_153532_1	3	none	0	0.00		0
UHM626.41025__k141_112141_1	5	none	0	0.00		0
UHM72.35764__k141_68427_8	9	AsmA	9	100.00	TetR_C_46	9
UHM17.10826__k141_244591_10	4	none	0	0.00		0
UHM598.41016__k141_125024_1	8	none	0	0.00		0
UHM594.41014__k141_98707_9	3	UPRTase	1	33.33		0
UHM18.10827__k141_126257_3	3	DUF465	3	100.00	Acyltransferase	3
UHM632.41027__k141_196281_1	3	none	0	0.00		0
UHM72.35762__k141_19070_18	5	OmpA	2	40.00	AAA_31	1
UHM656.41033__k141_254937_1	3	DUF389	1	33.33	GIY_YIG_2	1
UHM587.41011__k141_24815_5	3	ECH_1	2	66.67	Ala_racemase_N	1
UHM562.40993__k141_89460_16	3	adh_short	2	66.67	AAA_33	1
UHM633.41028__k141_138339_3	3	none	0	0.00		0
UHM648.41909__k141_25919_4	3	none	0	0.00		0
UHM617.41023__k141_262545_1	3	Glycos_transf_1	1	33.33	DAO	1
UHM610.41019__k141_131139_22	4	ICMT	3	75.00	Peptidase_S8	1
UHM38.35752__k141_26275_5	3	HTH_3	2	66.67		0
UHM125.35768__k141_152116_5	3	DUF7882	1	33.33	DUF7927	1
UHM598.41016__k141_208550_3	3	none	0	0.00		0
UHM145.35773__k141_116193_4	3	none	0	0.00		0
UHM666.41034__k141_5457_1	13	R1_ORF1_N	1	7.69		0
UHM72.35762__k141_69818_3	5	4HBT_3	2	40.00	Abhydrolase_1	1
UHM18.35742__k141_167444_5	4	AAA_31	4	100.00		0
UHM624.41024__k141_150028_1	10	none	0	0.00		0
UHM562.40993__k141_145240_1	4	Fic	1	25.00		0
UHM145.35773__k141_151419_1	3	Phage_holin_3_3	1	33.33		0
UHM36.35750__k141_5333_205	3	DUF968	2	66.67		0
UHM636.41030__k141_305070_1	5	none	0	0.00		0
UHM632.41027__k141_23441_2	7	none	0	0.00		0
UHM596.41015__k141_39966_1	3	none	0	0.00		0
UHM565.40996__k141_136218_153	9	Phage_lysozyme	6	66.67	dCMP_cyt_deam_1	1
UHM586.41010__k141_87844_2	3	Lambda_tail_I	2	66.67	Phage_tail_C_2	1
UHM564.40995__k141_54685_3	6	Aldedh	5	83.33	1-cysPrx_C	2
UHM38.35753__k141_153471_2	3	DUF6596	1	33.33	TetR_C_11	1
UHM72.35764__k141_67674_2	3	MethyltransfD12	1	33.33		0
UHM598.41016__k141_164689_3	3	none	0	0.00		0
UHM20.35744__k141_127506_1	7	Baculo_F	4	57.14		0
UHM649.41032__k141_374632_1	3	Resolvase	1	33.33	Recombinase	1
UHM41.10835__k141_25928_2	5	Peptidase_M78	1	20.00		0
UHM56.35760__k141_121150_1	3	Retrotran_gag_2	1	33.33		0
UHM125.35769__k141_278774_1	3	4HBT	2	66.67	Abhydrolase_3	1
UHM31.35749__k141_154545_7	3	Cu-oxidase_4	3	100.00	MatE	1
UHM102.35767__k141_49600_101	3	Bac_DNA_binding	1	33.33	Abhydrolase_3	1
UHM584.41008__k141_185030_1	3	none	0	0.00		0
UHM648.41909__k141_275821_384	3	Pirin	1	33.33	UDG	1
UHM644.41031__k141_255799_126	3	Radical_SAM	2	66.67	PAP2	1
UHM573.40999__k141_120130_3	3	none	0	0.00		0
UHM125.35770__k141_15580_3	4	none	0	0.00		0
UHM18.35742__k141_112026_1	3	none	0	0.00		0
UHM102.10840__k141_41777_1	4	Phage_lysozyme	4	100.00	Phage_tail_X	1
UHM31.10830__k141_78943_73	3	Channel_Tsx	2	66.67	Beta-lactamase	1
UHM596.41015__k141_28545_2	5	HTH_18	2	40.00	WG_beta_rep	1
UHM40.35755__k141_127888_1	5	none	0	0.00		0
UHM636.41030__k141_46570_50	3	none	0	0.00		0
UHM610.41019__k141_272102_1	3	Cons_hypoth698	1	33.33	VanY	1
UHM45.10838__k141_59619_1	3	DNA_gyraseB	3	100.00		0
UHM22.35747__k141_56704_115	5	MFS_1	1	20.00	OEP	1
UHM20.10828__k141_146126_1	3	Sigma70_ECF	1	33.33		0
UHM18.35741__k141_90968_194	3	Rep3_N	1	33.33	Phage_integrase	1
UHM633.41028__k141_484705_192	3	dCMP_cyt_deam_1	2	66.67	PTS_EIIA_2	1
UHM102.35766__k141_60288_2	3	DnaT_2	1	33.33	Phage_Mu_F	1
UHM18.35741__k141_103860_9	6	SBP_bac_3	3	50.00	DUF1889	1
UHM649.41032__k141_285191_7	3	MFS_1	1	33.33	PepSY	1
UHM20.35743__k141_130537_42	3	TetR_N	1	33.33		0
UHM594.41014__k141_95493_48	3	ATP-grasp	3	100.00	CPSase_sm_chain	3
UHM72.35764__k141_120069_2	3	AAA_27	2	66.67	SecDF_P1_head	1
UHM40.35755__k141_69152_1	3	AAA_21	1	33.33	HTH_23	1
UHM563.40994__k141_131089_1	3	Gypsy	1	33.33	R1_ORF1_N	1
UHM564.40995__k141_2174_99	3	none	0	0.00		0
UHM648.41909__k141_383421_2	3	AAA	1	33.33	SnoaL_2	1
UHM125.35768__k141_119256_1	8	AMP-binding	6	75.00	MatE	5
UHM596.41015__k141_160654_21	5	Erythro_esteras	1	20.00		0
UHM648.41909__k141_100603_7	3	none	0	0.00		0
UHM563.40994__k141_18484_161	3	none	0	0.00		0
UHM102.35766__k141_62201_4	3	none	0	0.00		0
UHM633.41028__k141_305647_36	3	PRC	2	66.67	DUF883	1
UHM644.41031__k141_31659_2	3	Laminin_G_3	3	100.00	Big_5	1
UHM38.35752__k141_200501_2	3	Phage-tail_3	2	66.67		0
UHM648.41909__k141_371105_84	8	Fimbrial	8	100.00	Beta-barrel_AprE	4
UHM36.10832__k141_64446_28	3	Acetyltransf_1	2	66.67	Peptidase_M20	1
UHM615.41021__k141_144906_1	3	Mqo	1	33.33	AMP-binding	1
UHM572.40998__k141_98016_3	3	none	0	0.00		0
UHM45.35759__k141_18818_1	3	MFS_1	3	100.00	MgtC	1
UHM633.41028__k141_200843_7	3	F-box	1	33.33		0
UHM633.41028__k141_319161_6	3	APH	3	100.00		0
UHM656.41033__k141_318012_5	3	HTH_31	2	66.67	DUF1361	1
UHM102.35767__k141_6928_25	3	DUF2469	1	33.33	FMN_dh	1
UHM563.40994__k141_70476_94	3	HTH_21	1	33.33	2OG-FeII_Oxy_2	1
UHM125.35770__k141_133257_1	8	Exo_endo_phos_2	4	50.00		0
UHM617.41023__k141_92088_2	3	Aconitase	3	100.00		0
UHM656.41033__k141_178475_1	3	none	0	0.00		0
UHM41.35756__k141_101582_1	4	DUF6173	2	50.00	Terminase_2	1
UHM17.10826__k141_131219_1	8	DoxX	2	25.00	DAGK_cat	2
UHM563.40994__k141_27040_8	3	DHO_dh	3	100.00	2-ph_phosp	2
UHM582.41006__k141_26322_1	3	none	0	0.00		0
UHM17.35740__k141_65584_1	5	none	0	0.00		0
UHM648.41909__k141_156973_2	6	none	0	0.00		0
UHM17.10826__k141_34651_192	3	DUF2061	3	100.00	Aminotran_3	2
UHM18.35742__k141_195749_7	7	FNIII-A_GpJ	6	85.71	DUF1833	5
UHM125.35770__k141_263803_4	6	YhhN	6	100.00	GGDEF	1
UHM584.41008__k141_112223_6	3	An_peroxidase	2	66.67	YmgB	2
UHM644.41031__k141_38044_1	8	none	0	0.00		0
UHM18.35741__k141_85582_1	8	Tad	2	25.00	Acyl_transf_3	2
UHM564.40995__k141_19212_9	6	none	0	0.00		0
UHM574.41000__k141_134193_1	3	Sigma70_ECF	1	33.33	tRNA_Me_trans	1
UHM40.10834__k141_12085_1	3	GerE	2	66.67	Big_9	1
UHM31.35749__k141_178547_16	3	Peptidase_C11	1	33.33	HU-HIG	1
UHM666.41034__k141_337212_1	7	none	0	0.00		0
UHM574.41000__k141_124735_1	3	AMP-binding	2	66.67	dCMP_cyt_deam_1	1
UHM633.41028__k141_36872_3	3	DUF4424	2	66.67		0
UHM594.41014__k141_49909_2	3	Acetyltransf_1	3	100.00	Phage_integrase	2
UHM644.41031__k141_26798_101	3	Anti-Pycsar_Apyc1	2	66.67	DUF4199	2
UHM102.35766__k141_116634_8	3	Bac_export_1	2	66.67	Rod-binding	1
UHM617.41023__k141_113049_3	3	none	0	0.00		0
UHM648.41909__k141_368747_1	4	ECR1_N	1	25.00		0
UHM558.40992__k141_168100_1	3	none	0	0.00		0
UHM633.41028__k141_392844_6	3	HATPase_c	3	100.00	GvpU-like	2
UHM626.41025__k141_307529_1	4	DUF4293	3	75.00		0
UHM616.41022__k141_16733_2	3	Lactamase_B_2	3	100.00		0
UHM594.41014__k141_84894_2	3	RT_RNaseH	1	33.33		0
UHM20.35744__k141_103184_1	5	Glyco_hydro_108	2	40.00	PhageMin_Tail	1
UHM591.41013__k141_130159_1	3	none	0	0.00		0
UHM616.41022__k141_128950_3	3	none	0	0.00		0
UHM583.41007__k141_22621_1	3	SMI1_KNR4	1	33.33		0
UHM648.41909__k141_245991_124	3	Band_7	1	33.33		0
UHM633.41028__k141_305943_47	3	PrsW-protease	3	100.00	Porin_1	1
UHM648.41909__k141_408885_2	3	Gp5_trimer_C	1	33.33	SnoaL_4	1
UHM575.41001__k141_48930_4	3	RNase_T	1	33.33	Band_7	1
UHM102.35767__k141_169140_1	7	none	0	0.00		0
UHM598.41016__k141_109812_3	3	MACPF	1	33.33		0
UHM18.35742__k141_142352_2	3	DAP_epimerase	2	66.67		0
UHM634.41029__k141_209559_5	3	none	0	0.00		0
UHM562.40993__k141_6370_24	8	MS_channel_1st	6	75.00	Nfu_N	4
UHM17.10826__k141_35979_2	4	ChuX_HutX	3	75.00	OMP_b-brl_3	3
UHM102.35766__k141_119747_6	3	Response_reg	3	100.00	URO-D	2
UHM563.40994__k141_108842_6	3	SNase	1	33.33	Thymidylat_synt	1
UHM626.41025__k141_257626_1	3	none	0	0.00		0
UHM644.41031__k141_126919_46	3	DOPA_dioxygen	3	100.00	PG_binding_1	2
UHM145.35771__k141_76289_918	4	none	0	0.00		0
UHM634.41029__k141_162228_2	3	Cytochrome_CBB3	1	33.33	Plug	1
UHM649.41032__k141_260052_16	3	DUF6088	1	33.33	DUF4397	1
UHM644.41031__k141_298664_31	4	Acyl-CoA_dh_1	3	75.00	ketoacyl-synt	2
UHM56.35760__k141_32143_11	6	none	0	0.00		0
UHM31.35749__k141_115990_1	3	DUF4170	1	33.33		0
UHM17.35739__k141_19675_87	3	HTH_ParB	3	100.00	FaeA	1
UHM584.41008__k141_18954_2	3	DUF1258	1	33.33		0
UHM38.35752__k141_63930_1	3	none	0	0.00		0
UHM145.35773__k141_17402_39	3	Ogr_Delta	3	100.00	DUF5131	2
UHM45.35758__k141_127051_1	3	none	0	0.00		0
UHM634.41029__k141_137060_5	3	none	0	0.00		0
UHM617.41023__k141_259607_2	3	none	0	0.00		0
UHM125.35770__k141_102751_3	7	adh_short	2	28.57	GATase	2
UHM125.35769__k141_111478_4	3	Rap1a	3	100.00		0
UHM554.40991__k141_117253_2	4	KH_NusA_1st	3	75.00	GTP_EFTU	1
UHM598.41016__k141_183716_4	4	none	0	0.00		0
UHM649.41032__k141_385880_2	4	TPR_1	2	50.00	EamA	2
UHM31.10830__k141_40262_130	3	AAA_22	2	66.67	TetR_C_29	1
UHM633.41028__k141_432472_5	3	I-set	1	33.33	UCH	1
UHM634.41029__k141_151960_28	3	Glyco_hydro_31_2nd	3	100.00		0
UHM17.10826__k141_18742_4	3	Phage_tube_2	3	100.00	DUF1799	2
UHM610.41019__k141_234225_1	8	DUF4169	4	50.00	SspB	3
UHM633.41028__k141_44101_6	3	QueH	1	33.33		0
UHM573.40999__k141_115869_14	9	SufE	8	88.89	HATPase_c	4
UHM22.35746__k141_127863_1	3	HCS_D2	3	100.00	Methyltransf_11	1
UHM598.41016__k141_119301_5	3	none	0	0.00		0
UHM22.35746__k141_90965_63	4	HTH_17	1	25.00	SSB	1
UHM644.41031__k141_154221_173	3	ExbD	2	66.67	Memo	2
UHM596.41015__k141_188291_2	4	none	0	0.00		0
UHM648.41909__k141_130137_13	3	none	0	0.00		0
UHM573.40999__k141_51173_2	3	HTH_1	2	66.67	XdhC_C	2
UHM598.41016__k141_106569_2	3	Asn_synthase	3	100.00	DSBA	1
UHM17.10826__k141_44273_2	4	AAA_21	3	75.00	PDDEXK_1	1
UHM572.40998__k141_149928_224	5	Amidase_2	4	80.00	Phage_lysozyme	1
UHM634.41029__k141_236203_18	3	none	0	0.00		0
UHM666.41034__k141_245814_1	6	none	0	0.00		0
UHM648.41909__k141_276736_3	3	F-box	1	33.33		0
UHM41.35757__k141_5447_1	9	none	0	0.00		0
UHM648.41909__k141_304719_3	3	none	0	0.00		0
UHM628.41026__k141_107556_73	5	AA_kinase	5	100.00	EamA	4
UHM666.41034__k141_293254_370	3	CTP_transf_like	2	66.67	DUF2314	1
UHM626.41025__k141_338145_56	5	MFS_1	4	80.00	DUF4421	3
UHM125.35769__k141_130385_1	6	Exo_endo_phos	2	33.33		0
UHM572.40998__k141_103648_1	3	none	0	0.00		0
UHM591.41013__k141_147581_1	3	none	0	0.00		0
UHM648.41909__k141_81064_2	4	adh_short	3	75.00	PGM_PMM_I	3
UHM626.41025__k141_289209_275	3	none	0	0.00		0
UHM20.35743__k141_41708_1	3	DUF1993	1	33.33	TctC	1
UHM570.40997__k141_74046_3	3	Enolase_C	2	66.67	DAHP_synth_1	1
UHM31.35749__k141_54923_121	5	DUF7696	3	60.00	DNMK	3
UHM590.41012__k141_15827_1	3	none	0	0.00		0
UHM578.41003__k141_47730_1	3	none	0	0.00		0
UHM617.41023__k141_101456_15	4	LacI	2	50.00		0
UHM615.41021__k141_18513_1	3	ABC_tran	1	33.33		0
UHM649.41032__k141_397494_190	5	Adenyl_transf	3	60.00	AAA_lid_2	1
UHM626.41025__k141_11917_1	4	GcpE	1	25.00		0
UHM644.41031__k141_312400_41	3	Pirin	1	33.33	Big_7	1
UHM587.41011__k141_192614_1	3	Peptidase_S41	1	33.33		0
UHM22.35745__k141_23631_2	3	AhpC-TSA	1	33.33		0
UHM648.41909__k141_120551_2	4	p450	1	25.00	ABC2_membrane_7	1
UHM38.35753__k141_53578_1	5	DUF2171	2	40.00	KH_2	1
UHM666.41034__k141_389511_2	3	LXG	3	100.00	SDF	1
UHM22.35746__k141_8716_1	4	none	0	0.00		0
UHM102.35766__k141_116423_1	3	3-dmu-9_3-mt	1	33.33		0
UHM102.35767__k141_64952_1	3	none	0	0.00		0
UHM666.41034__k141_99595_50	4	Hydrolase_3	4	100.00	EF-G_D2	4
UHM40.35755__k141_69663_86	5	Polysacc_deac_1	4	80.00		0
UHM563.40994__k141_102007_258	4	FCD	2	50.00	AhpC-TSA	2
UHM584.41008__k141_26381_4	3	none	0	0.00		0
UHM648.41909__k141_19740_32	4	SpoU_methylase	4	100.00	Cu-oxidase_4	3
UHM636.41030__k141_118996_80	5	TatD_DNase	3	60.00	LytTR	2
UHM45.10838__k141_79384_3	3	MFS_1	3	100.00	Peptidase_M32	3
UHM125.35769__k141_202918_3	3	Mfa_like_1	2	66.67		0
UHM40.35755__k141_39048_123	9	DUF3011	7	77.78		0
UHM577.41002__k141_184469_183	4	Phage_lysozyme	4	100.00	Lipase_GDSL_2	1
UHM31.35749__k141_6970_162	3	none	0	0.00		0
UHM41.35757__k141_201552_1	4	Integrase_H2C2	1	25.00		0
UHM624.41024__k141_94618_2	5	FtsJ	5	100.00	Hydrolase	2
UHM575.41001__k141_51861_164	3	GST_C_2	3	100.00		0
UHM125.35770__k141_13189_1	3	none	0	0.00		0
UHM594.41014__k141_42218_9	3	DUF8464	1	33.33	MobC_2	1
UHM20.35743__k141_130736_251	6	HTH_35	3	50.00	Autotransporter	1
UHM45.35759__k141_17278_45	5	Plug	5	100.00		0
UHM644.41031__k141_298281_236	3	none	0	0.00		0
UHM628.41026__k141_175092_59	3	Phage_holin_4_2	3	100.00	RimP_C	2
UHM56.35760__k141_13403_2	3	P_gingi_FimA	2	66.67		0
UHM565.40996__k141_130147_3	10	Peptidase_S9	10	100.00	Lipocalin_2	9
UHM666.41034__k141_438272_105	4	none	0	0.00		0
UHM648.41909__k141_36449_1	3	none	0	0.00		0
UHM636.41030__k141_250442_3	5	Abhydrolase_1	4	80.00	Amino_oxidase	3
UHM40.35754__k141_89091_32	3	Methyltransf_11	3	100.00		0
UHM558.40992__k141_129657_1	5	none	0	0.00		0
UHM72.35762__k141_6834_51	6	LpxB	5	83.33	DUF3810	3
UHM40.35755__k141_102783_23	3	KOW	2	66.67	Laminin_G_3	1
UHM125.35769__k141_133990_35	3	DAO	3	100.00	YfcL	3
UHM587.41011__k141_188979_54	4	PAP2	3	75.00	Sigma70_ECF	2
UHM636.41030__k141_292273_55	4	Trans_reg_C	2	50.00	Endonuclease_5	1
UHM18.35742__k141_87057_1	3	DNA_pol3_delta2	1	33.33	Methyltransf_11	1
UHM22.35747__k141_83805_35	3	none	0	0.00		0
UHM72.35764__k141_4065_1	8	Glyco_hydro_19	1	12.50		0
UHM656.41033__k141_57289_2	3	HEPN	3	100.00		0
UHM558.40992__k141_175089_3	3	Tail_completion_gp17	3	100.00	Phage_HCP	1
UHM666.41034__k141_347911_2	3	SH3_3	2	66.67		0
UHM554.40991__k141_98696_198	6	CobA_CobO_BtuR	5	83.33	DUF7133	4
UHM102.10840__k141_12394_13	5	PG_binding_1	5	100.00	Fe-S_biosyn	4
UHM20.35743__k141_80941_4	3	POTRA_2	2	66.67	Fil_haemagg_2	2
UHM20.10828__k141_36344_6	3	HTH_IclR	3	100.00	Cation_efflux	3
UHM583.41007__k141_13654_1	3	none	0	0.00		0
UHM41.10835__k141_46778_2	3	3HCDH	2	66.67	DAO	2
UHM38.10833__k141_52477_147	3	FAD_binding_6	3	100.00	BcsG_N	1
UHM102.35766__k141_16959_1	4	none	0	0.00		0
UHM18.10827__k141_42019_28	5	DNA_pol3_chi	5	100.00	2-Hacid_dh	5
UHM36.10832__k141_60065_2	3	CarbopepD_reg_2	2	66.67		0
UHM22.35745__k141_50274_89	3	Oxidored_molyb	3	100.00	SIR2	2
UHM577.41002__k141_24528_1	3	none	0	0.00		0
UHM38.35753__k141_254235_1	3	MFS_1	2	66.67		0
UHM17.10826__k141_271553_2	4	Methyltransf_11	3	75.00		0
UHM626.41025__k141_223245_2	6	Cytochrome_CBB3	5	83.33	Cytochrom_C	3
UHM38.35753__k141_218620_1	16	none	0	0.00		0
UHM649.41032__k141_10082_1	3	none	0	0.00		0
UHM102.35767__k141_216329_6	4	none	0	0.00		0
UHM17.35740__k141_162754_1	9	none	0	0.00		0
UHM617.41023__k141_155845_2	3	none	0	0.00		0
UHM102.35766__k141_95305_1	3	RVT_1	1	33.33		0
UHM20.35743__k141_25135_300	4	Kelch_1	1	25.00	GKRP_SIS_2	1
UHM40.35754__k141_121328_1	3	none	0	0.00		0
UHM56.35760__k141_125650_1	3	AAA_21	1	33.33		0
UHM634.41029__k141_86566_1	3	none	0	0.00		0
UHM586.41010__k141_63031_65	5	DAHP_synth_1	5	100.00	Acetyltransf_1	2
UHM628.41026__k141_107504_2	4	Plug	3	75.00	DEAD	2
UHM598.41016__k141_241376_228	3	DEAD	3	100.00	GldC-like	3
UHM56.35761__k141_197070_1	3	none	0	0.00		0
UHM56.35760__k141_35268_1	3	none	0	0.00		0
UHM22.35746__k141_42278_2	6	none	0	0.00		0
UHM644.41031__k141_280028_1	3	none	0	0.00		0
UHM624.41024__k141_473853_1	3	MFS_1	1	33.33		0
UHM41.35756__k141_119267_20	7	DUF2277	5	71.43	CBS	4
UHM72.35762__k141_38824_1	3	TfoX_N	2	66.67		0
UHM125.35769__k141_259524_1	5	none	0	0.00		0
UHM20.35743__k141_29128_4	3	Aminotran_1_2	3	100.00	N_methyl	1
UHM610.41019__k141_63861_393	5	DNA_binding_1	2	40.00		0
UHM38.35753__k141_187695_34	4	TetR_N	4	100.00	HIG_1_N	2
UHM40.35755__k141_11082_1	5	RVT_1	1	20.00		0
UHM564.40995__k141_79223_1	3	zf-CCHC	2	66.67	Integrase_H2C2	1
UHM648.41909__k141_204186_3	3	none	0	0.00		0
UHM125.35770__k141_284110_131	3	PRTase_3	2	66.67	Bac_DNA_binding	1
UHM45.35758__k141_174789_12	3	Aminotran_1_2	3	100.00	polyprenyl_synt	2
UHM587.41011__k141_23406_2	4	none	0	0.00		0
UHM577.41002__k141_204498_16	4	IGPS	1	25.00		0
UHM570.40997__k141_102008_14	5	Pantoate_ligase	5	100.00	Asp_decarbox	5
UHM598.41016__k141_109763_3	5	F-box-like	1	20.00		0
UHM607.41017__k141_31134_3	4	HTH_1	2	50.00	DUF4249	1
UHM598.41016__k141_201102_8	3	F-box	1	33.33		0
UHM38.35753__k141_51371_63	3	none	0	0.00		0
UHM632.41027__k141_306929_1	3	none	0	0.00		0
UHM590.41012__k141_70569_1	4	none	0	0.00		0
UHM611.41020__k141_122428_2	3	MS_channel_2nd	3	100.00	AA_permease	2
UHM38.35753__k141_170421_4	9	Phage_lysozyme	6	66.67	Autotransporter	3
UHM572.40998__k141_176272_2	3	none	0	0.00		0
UHM634.41029__k141_251130_1	4	none	0	0.00		0
UHM72.35764__k141_166383_2	4	Epimerase	2	50.00	KdpA	1
UHM586.41010__k141_19932_1	3	none	0	0.00		0
UHM590.41012__k141_156437_1	3	DJ-1_PfpI	1	33.33	MgtC	1
UHM598.41016__k141_196298_1	3	none	0	0.00		0
UHM648.41909__k141_257424_4	4	Lig_chan	1	25.00		0
UHM565.40996__k141_33193_8	3	Hint_2	1	33.33	Toxin-deaminase	1
UHM598.41016__k141_99769_3	5	none	0	0.00		0
UHM145.35773__k141_220002_6	5	Glyoxalase	4	80.00	AAA_21	1
UHM615.41021__k141_35732_5	7	Beta-lactamase	6	85.71	YceI	3
UHM594.41014__k141_4999_1	3	RusA	3	100.00		0
UHM31.35749__k141_58841_2	3	none	0	0.00		0
UHM649.41032__k141_51692_2	4	Methyltransf_11	1	25.00	DUF2938	1
UHM649.41032__k141_22553_1	4	HTH_18	1	25.00		0
UHM581.41005__k141_13963_239	5	Avidin_like	1	20.00	DUF1016_N	1
UHM634.41029__k141_77148_2	3	none	0	0.00		0
UHM624.41024__k141_430262_1	3	HMGL-like	2	66.67	SBP_bac_3	1
UHM598.41016__k141_217398_7	3	Vit_open_b-sht	1	33.33		0
UHM594.41014__k141_6137_269	3	AAA	2	66.67	HTH_3	1
UHM45.35758__k141_71691_1	3	none	0	0.00		0
UHM633.41028__k141_373360_4	3	none	0	0.00		0
UHM628.41026__k141_139083_4	6	HATPase_c	4	66.67	CSD2	2
UHM578.41003__k141_889_21	4	Adenyl_transf	3	75.00	TolA_bind_tri	1
UHM38.35752__k141_180813_1	3	none	0	0.00		0
UHM587.41011__k141_14970_10	3	Peptidase_C93	3	100.00	GCS2	3
UHM649.41032__k141_359366_2	5	B12-binding	2	40.00	DUF1638	2
UHM72.35764__k141_20678_16	3	SSF	2	66.67	Beta-lactamase	1
UHM45.35758__k141_181113_2	3	tRNA-synt_1b	1	33.33	GapR_DNA-bd	1
UHM626.41025__k141_23162_1	4	none	0	0.00		0
UHM20.35743__k141_118377_21	5	DAO	3	60.00	FAD_binding_3	1
UHM22.35745__k141_92827_4	3	Phage_cap_E	3	100.00		0
UHM145.35772__k141_10483_8	4	GGDEF	4	100.00	Acetyltransf_1	4
UHM40.35755__k141_123171_92	4	SPOUT_MTase	2	50.00	NUDIX	1
UHM145.35772__k141_18574_558	6	GAD	6	100.00	Acetyltransf_1	6
UHM125.35769__k141_98940_89	15	GAF	1	6.67	AAA	1
UHM596.41015__k141_62975_2	3	Plug	1	33.33	HEAT	1
UHM616.41022__k141_51544_2	4	Pro_CA	2	50.00	Glyco_hydro_95_C	1
UHM636.41030__k141_336060_52	3	none	0	0.00		0
UHM610.41019__k141_113148_16	4	Amidohydro_1	2	50.00	DUF4262	1
UHM628.41026__k141_5291_67	5	Epimerase	1	20.00	DUF968	1
UHM581.41005__k141_136923_1	4	Glycolytic	2	50.00	GSDH	2
UHM649.41032__k141_63426_9	3	Glyco_trans_1_4	3	100.00	PNGase_F-II_N	1
UHM102.35766__k141_162803_11	3	D5_N	2	66.67	HNH	1
UHM624.41024__k141_470275_899	3	VF530	2	66.67	Metallophos	2
UHM20.35743__k141_59865_1	4	ABC_trans_aux	3	75.00	NDH2_C	3
UHM22.35747__k141_56437_3	3	Phage_capsid	2	66.67	Phage_connect_1	2
UHM20.35744__k141_15829_1	4	none	0	0.00		0
UHM40.35755__k141_39470_275	3	NfrA_C	3	100.00	DUF2334	3
UHM45.35759__k141_10621_2	4	Retrotran_gag_2	1	25.00		0
UHM632.41027__k141_336208_2	3	Aldo_ket_red	3	100.00	CTP_transf_like	2
UHM18.35742__k141_76235_10	4	AAA_5	3	75.00	FliE	2
UHM632.41027__k141_152095_9	4	PALP	4	100.00	ABC_transp_aux	3
UHM45.35759__k141_98239_405	5	RadC	1	20.00	ArdA	1
UHM45.35758__k141_159694_1	3	DDE_Tnp_1	1	33.33		0
UHM648.41909__k141_9325_1	6	none	0	0.00		0
UHM648.41909__k141_399187_43	3	Citrate_synt	3	100.00	Amino_oxidase	2
UHM573.40999__k141_134021_43	3	HTH_DeoR	2	66.67	KpnI_C	1
UHM563.40994__k141_31797_2	3	Arginase	1	33.33		0
UHM585.41009__k141_63719_97	8	HTH_1	7	87.50	HTH_6	5
UHM634.41029__k141_76429_3	5	DUF3915	1	20.00		0
UHM125.35769__k141_207993_28	3	GAF	1	33.33	AC_1	1
UHM36.35750__k141_81165_1	9	RT_RNaseH	1	11.11	RVT_1	1
UHM36.35751__k141_20565_2	3	Bac_globin	2	66.67	AAA_21	1
UHM20.10828__k141_130913_38	4	SBP_bac_5	2	50.00	AstE_AspA_cat	2
UHM40.35754__k141_102515_55	6	GH16_XgeA	1	16.67	Beta-lactamase	1
UHM564.40995__k141_57462_11	7	Hexapep	2	28.57	AbiJ_NTD3	1
UHM125.35769__k141_259803_2	3	S4	1	33.33	Flavodoxin_2	1
UHM56.35760__k141_18099_29	3	none	0	0.00		0
UHM598.41016__k141_94313_6	3	none	0	0.00		0
UHM624.41024__k141_258080_1	3	Y_phosphatase3	1	33.33	4HB_MCP_1	1
UHM31.10830__k141_85575_20	3	MT3502_N	2	66.67	HTH_1	1
UHM563.40994__k141_44637_2	5	TetR_C_39	2	40.00	BMFP	1
UHM633.41028__k141_499997_2	6	Ribosomal_L12	2	33.33		0
UHM644.41031__k141_229589_2	3	FCD	1	33.33	Mannitol_dh	1
UHM610.41019__k141_109362_2	3	TniQ	1	33.33		0
UHM583.41007__k141_54691_1	5	PEPCK_GTP	2	40.00	QueC	1
UHM598.41016__k141_146058_1	3	none	0	0.00		0
UHM648.41909__k141_51247_6	3	UCH	1	33.33	zf-C2H2	1
UHM607.41017__k141_22098_1	3	none	0	0.00		0
UHM72.35762__k141_51998_1	3	SBP_bac_5	2	66.67	tRNA_edit	2
UHM626.41025__k141_260462_186	4	DUF4124	4	100.00	DUF3885	2
UHM564.40995__k141_127569_116	6	CtaG_Cox11	6	100.00	COX1	5
UHM20.35743__k141_14207_81	3	2-oxoacid_dh	2	66.67	Asn_synthase	1
UHM634.41029__k141_206223_2	3	none	0	0.00		0
UHM573.40999__k141_65772_73	8	Acetyltransf_1	3	37.50	YmgB	2
UHM38.35752__k141_197680_3	4	DNA_binding_1	1	25.00	PALP	1
UHM18.35742__k141_13097_1	4	none	0	0.00		0
UHM102.10840__k141_56625_17	3	Gly_kinase	2	66.67		0
UHM125.35770__k141_86051_1	7	PI31_Prot_N	1	14.29	PRE_C2HC	1
UHM648.41909__k141_324146_2	5	HTH_1	1	20.00		0
UHM607.41017__k141_72245_13	3	AA_kinase	1	33.33		0
UHM596.41015__k141_210514_1	3	none	0	0.00		0
UHM648.41909__k141_146221_1	3	none	0	0.00		0
UHM656.41033__k141_62113_4	4	Peptidase_S41	1	25.00		0
UHM554.40991__k141_87116_1	3	none	0	0.00		0
UHM649.41032__k141_225330_5	3	FAS1_DH_region	3	100.00	TerC	2
UHM615.41021__k141_55964_4	3	Beta-lactamase2	3	100.00	DHFR_1	3
UHM102.35767__k141_81543_1	3	none	0	0.00		0
UHM125.35769__k141_235859_1	3	gag_pre-integrs	1	33.33		0
UHM22.35745__k141_70355_2	3	Polysacc_deac_1	3	100.00	Peptidase_M15	2
UHM634.41029__k141_4389_2	10	Peptidase_M24	5	50.00	Arginosuc_synth	4
UHM22.35745__k141_36698_3	4	NinG	3	75.00	Terminase_2	1
UHM610.41019__k141_83474_2	3	DNA_pol_viral_C	1	33.33		0
UHM577.41002__k141_226253_7	3	YbbD_head	3	100.00	RcnB	1
UHM31.35748__k141_90145_9	3	LRR_4	2	66.67	HTH_19	1
UHM634.41029__k141_202112_257	3	dUTPase_2	3	100.00	VTT_dom	3
UHM570.40997__k141_100542_1	5	none	0	0.00		0
UHM102.10840__k141_104917_1	4	Phage_tail_C_2	2	50.00	Na_Ca_ex	1
UHM41.35757__k141_44525_4	5	AAA_31	4	80.00	TatA_B_E	3
UHM41.35756__k141_22291_5	4	PemK_toxin	3	75.00	Acetyltransf_1	1
UHM610.41019__k141_38318_1	4	Head-tail_con	3	75.00		0
UHM17.10826__k141_174663_2	4	PfkB	4	100.00	RNA_pol_Rpb1_1	2
UHM563.40994__k141_59692_11	4	CorA	4	100.00	GerE	3
UHM38.35752__k141_102342_4	3	none	0	0.00		0
UHM572.40998__k141_161014_1	4	none	0	0.00		0
UHM41.35757__k141_19434_7	4	Amidase	2	50.00	HTH_3	2
UHM558.40992__k141_52581_13	4	CarbopepD_reg_2	4	100.00		0
UHM598.41016__k141_45748_1	3	none	0	0.00		0
UHM22.35747__k141_90989_2	7	Inositol_P	5	71.43	AAA_21	3
UHM102.35766__k141_40740_2	4	HTH_3	2	50.00		0
UHM644.41031__k141_214402_1	3	none	0	0.00		0
UHM632.41027__k141_10612_171	3	GFO_IDH_MocA	3	100.00	cNMP_binding	2
UHM22.35745__k141_69818_18	3	Phage_lysozyme	2	66.67	LRAT	1
UHM570.40997__k141_49341_148	3	Phage_sheath_1	3	100.00		0
UHM594.41014__k141_136101_1	4	MoaE	2	50.00	Mob_synth_C	1
UHM562.40993__k141_48108_9	3	Acetyltransf_1	1	33.33	Peptidase_M24	1
UHM20.35744__k141_147319_4	4	NPCBM_assoc	1	25.00		0
UHM22.35745__k141_93755_5	3	ATP_bind_1	3	100.00	PNP_UDP_1	3
UHM666.41034__k141_405983_4	3	DUF2867	3	100.00		0
UHM72.35762__k141_1336_26	3	Acyl_transf_3	3	100.00	CCG	2
UHM564.40995__k141_74187_2	3	GATase	3	100.00	Chorismate_bind	2
UHM596.41015__k141_519_3	3	MutS5_N	3	100.00	Guanylate_cyc	3
UHM594.41014__k141_118577_3	10	SPH	1	10.00	Pkinase	1
UHM608.41018__k141_57105_1	4	WGR	2	50.00	DDE_3	1
UHM626.41025__k141_191736_6	6	Beta-lactamase	1	16.67	Acetyltransf_1	1
UHM581.41005__k141_133078_1	3	none	0	0.00		0
UHM632.41027__k141_54669_4	4	PepSY_TM	3	75.00	Abhydrolase_9	1
UHM584.41008__k141_131460_589	3	2-thiour_desulf	1	33.33	AraC_binding	1
UHM36.35751__k141_43228_3	3	ECH_1	3	100.00	Sulfatase	2
UHM125.35769__k141_248923_1	7	RVT_1	1	14.29		0
UHM656.41033__k141_58555_1	6	AstE_AspA_cat	2	33.33	RF-1	1
UHM554.40991__k141_142828_31	5	Phage_phiTE_015	1	20.00		0
UHM594.41014__k141_131331_2	3	P22_Gp10_C	3	100.00		0
UHM582.41006__k141_59335_10	3	ATP-grasp	3	100.00	DUF3656	2
UHM72.35762__k141_54091_7	3	FAA_hydrolase	3	100.00		0
UHM125.35769__k141_196724_2	5	DUF218	5	100.00	Anticodon_1	3
UHM633.41028__k141_211191_4	3	Hexapep	1	33.33	bMG10	1
UHM102.35767__k141_19093_1	4	none	0	0.00		0
UHM633.41028__k141_242714_5	5	none	0	0.00		0
UHM649.41032__k141_269248_16	3	Peptidase_M1	3	100.00	Acetyltransf_1	3
UHM628.41026__k141_85666_9	3	HTH_19	3	100.00		0
UHM18.35742__k141_209392_1	5	Abhydrolase_1	3	60.00	Homoserine_dh	2
UHM648.41909__k141_129389_1	5	none	0	0.00		0
UHM591.41013__k141_275383_2	3	ACCA	1	33.33	DMT_6	1
UHM582.41006__k141_80305_78	4	SBP_bac_8	1	25.00	DUF218	1
UHM575.41001__k141_36053_2	3	Gp5_trimer_C	2	66.67	ADP_ribosyl_GH	1
UHM17.35739__k141_91806_1	6	none	0	0.00		0
UHM580.41004__k141_178691_2	3	LacI	1	33.33	Mannitol_dh	1
UHM633.41028__k141_161495_1	4	none	0	0.00		0
UHM632.41027__k141_108572_1	3	none	0	0.00		0
UHM22.35747__k141_65451_98	3	DUF2200	1	33.33	TPR_1	1
UHM102.35766__k141_90806_5	3	Anticodon_2	1	33.33		0
UHM617.41023__k141_25864_75	3	DAGK_cat	1	33.33	PNPOx_N	1
UHM20.10828__k141_142298_1	4	Relaxase	1	25.00		0
UHM20.35744__k141_186885_1	31	none	0	0.00		0
UHM582.41006__k141_91565_2	3	HD	2	66.67	adh_short	2
UHM145.35773__k141_144825_1	3	none	0	0.00		0
UHM656.41033__k141_87365_12	4	SnoaL_2	3	75.00	ParE_toxin	1
UHM666.41034__k141_22081_50	3	FlgH	3	100.00	FlgI	3
UHM632.41027__k141_173142_426	4	GYF_2	2	50.00	PPK2	1
UHM598.41016__k141_249229_1	3	none	0	0.00		0
UHM633.41028__k141_396241_3	3	none	0	0.00		0
UHM573.40999__k141_18632_1	3	Glyoxalase	1	33.33	Acetyltransf_1	1
UHM72.35762__k141_16503_1	6	DUF4926	1	16.67	Tox-REase-7	1
UHM38.35752__k141_37261_1	3	none	0	0.00		0
UHM656.41033__k141_36883_3	3	YegS_C	1	33.33	DAGK_acc	1
UHM624.41024__k141_18633_1	3	TetR_N	1	33.33	MR_MLE_C	1
UHM41.35757__k141_67394_1	3	none	0	0.00		0
UHM40.10834__k141_25878_8	6	Glyoxalase	6	100.00	DUF4096	1
UHM31.35749__k141_150932_257	4	MFS_1	4	100.00	Formyl_trans_N	3
UHM626.41025__k141_285343_232	3	FtsX	3	100.00	HTH_5	1
UHM56.35760__k141_56806_1	3	none	0	0.00		0
UHM636.41030__k141_246271_31	3	none	0	0.00		0
UHM72.35764__k141_14776_1	3	none	0	0.00		0
UHM145.35771__k141_104681_1	4	Acetyltransf_1	2	50.00	PspC	1
UHM632.41027__k141_126636_14	4	Glyoxalase	2	50.00		0
UHM666.41034__k141_87750_1	14	none	0	0.00		0
UHM634.41029__k141_88079_35	5	none	0	0.00		0
UHM632.41027__k141_14377_2	8	PTS-HPr	1	12.50	Rhodanese	1
UHM644.41031__k141_18744_2	4	DUF1775	4	100.00	Rubrerythrin	2
UHM666.41034__k141_108383_21	3	HTH_1	3	100.00	SQS_PSY	2
UHM22.35746__k141_55424_14	3	Abhydrolase_1	1	33.33	Beta-lactamase	1
UHM41.35756__k141_18943_5	3	Anticodon_1	3	100.00	AAA	2
UHM18.35741__k141_75005_1	9	none	0	0.00		0
UHM17.10826__k141_255683_2	3	Vut_1	2	66.67	DUF2145	1
UHM45.35758__k141_161735_2	3	none	0	0.00		0
UHM125.35769__k141_237706_1	3	none	0	0.00		0
UHM22.35746__k141_107667_2	3	none	0	0.00		0
UHM633.41028__k141_412769_1	3	none	0	0.00		0
UHM666.41034__k141_286531_6	7	PRE_C2HC	1	14.29		0
UHM45.10838__k141_53177_1	6	AMNp_N	5	83.33		0
UHM591.41013__k141_264916_2	3	Aldedh	1	33.33		0
UHM628.41026__k141_47933_1	6	none	0	0.00		0
UHM125.35769__k141_186796_1	3	none	0	0.00		0
UHM649.41032__k141_377051_74	3	AhpC-TSA	3	100.00	HTH_18	1
UHM648.41909__k141_260501_4	5	none	0	0.00		0
UHM22.35746__k141_144488_1	7	Integrase_H2C2	1	14.29		0
UHM38.35752__k141_112542_1	4	DUF8775	1	25.00		0
UHM125.35769__k141_51668_1	4	none	0	0.00		0
UHM145.35772__k141_67645_1	11	RVT_1	1	9.09		0
UHM125.35769__k141_32243_2	3	3HCDH_N	2	66.67	2-Hacid_dh_C	1
UHM145.35773__k141_144366_1	3	none	0	0.00		0
UHM36.10832__k141_146954_72	5	Patatin	1	20.00	Peptidase_M3	1
UHM598.41016__k141_103884_1	3	Glyco_hydro_31_2nd	2	66.67		0
UHM626.41025__k141_308858_2	3	none	0	0.00		0
UHM598.41016__k141_108774_9	3	none	0	0.00		0
UHM624.41024__k141_270673_1	3	none	0	0.00		0
UHM31.10830__k141_73234_69	4	GerE	3	75.00	HAD_2	1
UHM20.35744__k141_146342_54	3	PBP_like_2	3	100.00		0
UHM633.41028__k141_107020_5	3	GLTT	1	33.33		0
UHM38.35752__k141_150666_8	3	HypF_C_2	2	66.67	DUF8688	1
UHM633.41028__k141_270662_2	11	none	0	0.00		0
UHM562.40993__k141_9604_50	5	ACR_tran	3	60.00	MS_channel_2nd	2
UHM563.40994__k141_10039_1	3	AsnC_trans_reg	1	33.33	TPMT	1
UHM648.41909__k141_104620_140	3	Uma2	2	66.67	adh_short	1
UHM573.40999__k141_110667_1	3	none	0	0.00		0
UHM125.35770__k141_17724_2	4	ArsC	4	100.00		0
UHM598.41016__k141_82982_1	4	none	0	0.00		0
UHM145.35771__k141_48979_1	7	SRAP	2	28.57		0
UHM626.41025__k141_321533_1	4	none	0	0.00		0
UHM626.41025__k141_260586_2	3	DKNYY	2	66.67		0
UHM594.41014__k141_64828_10	4	Gly_rich_2	2	50.00		0
UHM102.35766__k141_4751_85	4	DUF535	1	25.00	HTH_1	1
UHM626.41025__k141_24409_1	5	Na_H_antiport_1	1	20.00		0
UHM573.40999__k141_100404_463	4	MamF_MmsF	2	50.00	TPM_phosphatase	2
UHM125.35769__k141_202060_2	3	EAL	2	66.67	Thiolase_C	1
UHM575.41001__k141_69402_2	3	SIR2_2	2	66.67		0
UHM36.35750__k141_13489_157	3	Hist_deacetyl	3	100.00	DAO	2
UHM596.41015__k141_117334_1	3	none	0	0.00		0
UHM17.10826__k141_104528_1	7	X-Tfes_XVIPCD	3	42.86	AAA_33	2
UHM633.41028__k141_229749_2	4	TetR_C_13_2	1	25.00	TetR_C_13	1
UHM632.41027__k141_84929_4	3	none	0	0.00		0
UHM594.41014__k141_142207_1	3	none	0	0.00		0
UHM18.35742__k141_132497_3	3	DUF4134	3	100.00	DUF3408	2
UHM633.41028__k141_26319_4	9	PDZ	1	11.11		0
UHM633.41028__k141_179863_2	7	CRAL_TRIO	1	14.29		0
UHM648.41909__k141_10243_1	6	none	0	0.00		0
UHM18.10827__k141_142162_1	4	none	0	0.00		0
UHM17.10826__k141_94238_2	5	Phage_lysozyme	3	60.00	Phage_gp49_66	1
UHM38.35753__k141_157418_1	11	DUF982	3	27.27	cNMP_binding	1
UHM18.10827__k141_95361_1	3	MethyltransfD12	1	33.33		0
UHM636.41030__k141_151879_3	3	none	0	0.00		0
UHM41.35757__k141_37142_66	4	DUF2515	1	25.00	Na_Pi_cotrans	1
UHM36.35751__k141_5418_1	3	ACR_tran	1	33.33		0
UHM648.41909__k141_233805_1	7	HTH_23	2	28.57	His_biosynth	1
UHM56.35760__k141_71258_1	4	RVT_1	1	25.00		0
UHM554.40991__k141_68764_5	3	DUF218	3	100.00	HATPase_c	3
UHM632.41027__k141_80676_1	3	YlxR	2	66.67		0
UHM17.10826__k141_53782_1	10	none	0	0.00		0
UHM102.35767__k141_146106_1	3	none	0	0.00		0
UHM644.41031__k141_78827_1	4	Helicase_C	4	100.00	HTH_1	1
UHM617.41023__k141_57478_10	3	CitMHS	1	33.33	Semialdhyde_dh	1
UHM125.35770__k141_184615_3	5	DinB_2	5	100.00	Sel1	4
UHM636.41030__k141_280595_3	3	HTH_1	3	100.00		0
UHM558.40992__k141_47839_85	3	LacI	1	33.33		0
UHM628.41026__k141_33992_2	4	Ribosomal_S2	4	100.00	CDP-OH_P_transf	4
UHM31.35749__k141_133114_1	4	RT_RNaseH	1	25.00		0
UHM615.41021__k141_86895_3	3	none	0	0.00		0
UHM575.41001__k141_114383_2	3	Rdx	1	33.33	AAA_21	1
UHM626.41025__k141_287322_1	6	Proton_antipo_M	2	33.33		0
UHM633.41028__k141_302397_1	4	Sigma70_r2	2	50.00		0
UHM31.35749__k141_30156_1	5	FumaraseC_C	4	80.00	Cpn60_TCP1	1
UHM617.41023__k141_268358_1	3	none	0	0.00		0
UHM628.41026__k141_172433_87	4	Ferritin	3	75.00	MFS_1	1
UHM633.41028__k141_136961_4	3	none	0	0.00		0
UHM572.40998__k141_129579_41	4	HNH_3	3	75.00		0
UHM18.35742__k141_79118_1	134	none	0	0.00		0
UHM41.35757__k141_145671_1	3	none	0	0.00		0
UHM634.41029__k141_229776_2	5	MFS_1	4	80.00	DUF423	1
UHM633.41028__k141_396664_1	8	none	0	0.00		0
UHM45.35758__k141_93294_1	8	none	0	0.00		0
UHM610.41019__k141_273994_19	3	SpoU_methylase	3	100.00	Peptidase_M16	3
UHM22.35746__k141_149576_4	3	DSPc	3	100.00	YiaAB	2
UHM570.40997__k141_79429_199	3	DUF1376	1	33.33		0
UHM648.41909__k141_155692_3	6	F-box	2	33.33	Glyco_hydro_47	1
UHM562.40993__k141_1214_105	4	DUF2061	1	25.00	Lcl_C	1
UHM648.41909__k141_325328_8	3	MATH_2	2	66.67	BTB	1
UHM648.41909__k141_19740_66	3	Gate	2	66.67	Por_Secre_tail	1
UHM634.41029__k141_289343_53	4	AMP-binding	2	50.00	Metallophos	2
UHM56.35761__k141_194333_1	138	none	0	0.00		0
UHM31.35749__k141_50057_3	3	none	0	0.00		0
UHM145.35773__k141_25436_1	4	RVT_1	1	25.00		0
UHM583.41007__k141_164744_25	3	Cons_hypoth95	2	66.67	LysE	1
UHM36.35750__k141_48348_45	4	STAS	3	75.00	AC_1	2
UHM626.41025__k141_292926_6	4	2-oxoacid_dh	4	100.00	MAPEG	1
UHM56.35760__k141_47169_1	3	none	0	0.00		0
UHM626.41025__k141_276700_4	5	none	0	0.00		0
UHM591.41013__k141_150065_14	4	DUF5712	4	100.00		0
UHM22.35746__k141_152677_1	4	DUF4890	4	100.00	AAA	3
UHM31.35748__k141_84604_2	3	ABC2_membrane	3	100.00	COX15-CtaA	3
UHM40.35755__k141_14800_1	3	none	0	0.00		0
UHM18.35742__k141_118322_2	3	none	0	0.00		0
UHM580.41004__k141_156692_1	3	PRC	1	33.33	HTH_1	1
UHM598.41016__k141_6706_3	3	none	0	0.00		0
UHM590.41012__k141_81781_2	10	HTH_1	5	50.00	HNH_2	1
UHM626.41025__k141_247534_1	3	none	0	0.00		0
UHM632.41027__k141_146214_45	3	DUF6526	3	100.00	GEVED	3
UHM611.41020__k141_69387_1	3	PDDEXK_3	1	33.33	Glyoxalase	1
UHM632.41027__k141_118237_2	3	none	0	0.00		0
UHM590.41012__k141_295472_4	4	DMRL_synthase	2	50.00	CoxE_N	1
UHM125.35768__k141_123131_1	4	Glyco_hydro_130	2	50.00	HNH_2	1
UHM591.41013__k141_28869_1	3	none	0	0.00		0
UHM632.41027__k141_109186_21	4	CysS_C	3	75.00	2-Hacid_dh	3
UHM628.41026__k141_175092_27	5	Asparaginase_2	4	80.00	DUF3340	3
UHM626.41025__k141_38177_5	4	M60-like_N	1	25.00	DDE_3	1
UHM585.41009__k141_16566_1	3	AAA_26	2	66.67	Acyl-CoA_dh_1	1
UHM56.35761__k141_200645_1	3	none	0	0.00		0
UHM594.41014__k141_76367_8	3	COesterase	3	100.00	Abhydrolase_3	1
UHM617.41023__k141_132697_7	3	HxlR	1	33.33	Hexapep	1
UHM636.41030__k141_13709_88	5	RNA_pol_Rpb1_1	3	60.00	Ribosom_S12_S23	2
UHM656.41033__k141_129331_6	3	DUF3592	1	33.33		0
UHM578.41003__k141_17289_11	3	Peptidase_C15	2	66.67	PA0049_C	2
UHM45.35759__k141_82894_1	3	none	0	0.00		0
UHM573.40999__k141_83483_1	14	none	0	0.00		0
UHM22.35747__k141_31398_135	4	DUF6288	1	25.00		0
UHM617.41023__k141_84620_2	6	YbjQ_1	4	66.67	EamA	1
UHM22.35747__k141_13010_1	3	IMS	1	33.33	DUF5110	1
UHM581.41005__k141_77684_117	6	S1_2	4	66.67	CsbD	2
UHM22.35746__k141_132647_1	3	Gag_N	1	33.33		0
UHM656.41033__k141_36174_2	3	Methyltransf_11	1	33.33	MFS_1	1
UHM617.41023__k141_3592_2	3	Xan_ur_permease	1	33.33	Acetyltransf_1	1
UHM610.41019__k141_7592_1	3	STAS	2	66.67	YtxH	1
UHM632.41027__k141_53250_2	7	DDE_Tnp_1	1	14.29	Transposase_mut	1
UHM598.41016__k141_253926_64	8	LpxC	7	87.50	RcnB	2
UHM41.35757__k141_63226_2	6	Exo_endo_phos_2	1	16.67		0
UHM20.35744__k141_16131_15	4	Trypsin	1	25.00	HARP	1
UHM145.35773__k141_65233_1	3	none	0	0.00		0
UHM72.35764__k141_64128_204	8	Rieske	8	100.00	OMP_b-brl_3	8
UHM125.35770__k141_244909_1	3	none	0	0.00		0
UHM608.41018__k141_53446_5	3	DUF1376	1	33.33		0
UHM578.41003__k141_132515_2	4	Lactamase_B	3	75.00	YkuD	1
UHM594.41014__k141_24861_12	3	none	0	0.00		0
UHM591.41013__k141_312798_1	3	none	0	0.00		0
UHM648.41909__k141_373857_1	7	none	0	0.00		0
UHM610.41019__k141_304902_5	7	DUF1275	1	14.29	ADH_N	1
UHM628.41026__k141_138232_1	3	none	0	0.00		0
UHM633.41028__k141_150630_2	4	none	0	0.00		0
UHM572.40998__k141_132305_2	4	DUF488	3	75.00	AAA_19	2
UHM636.41030__k141_339106_27	3	TPR_1	2	66.67	BON	2
UHM40.35754__k141_11070_2	3	Voltage_CLC	2	66.67	HAD_2	2
UHM624.41024__k141_414397_61	3	none	0	0.00		0
UHM145.35771__k141_34737_1	3	EPSP_synthase	3	100.00	SNase	2
UHM648.41909__k141_328560_9	4	none	0	0.00		0
UHM633.41028__k141_205199_2	4	none	0	0.00		0
UHM611.41020__k141_10157_151	3	Phage_P22_NinX	1	33.33	Methyltransf_11	1
UHM38.10833__k141_55660_1	5	LPD7	4	80.00	AbiEii	1
UHM145.35773__k141_102399_1	3	none	0	0.00		0
UHM41.10835__k141_77601_3	7	TerB	3	42.86	DnaJ	3
UHM17.10826__k141_167671_3	6	Peptidase_S24	4	66.67		0
UHM554.40991__k141_63804_1070	4	Beta-prop_ACSF4	2	50.00		0
UHM145.35773__k141_183033_1	4	RT_RNaseH	1	25.00		0
UHM585.41009__k141_59617_1	3	DUF6670	1	33.33	AAA	1
UHM41.35756__k141_2013_53	4	none	0	0.00		0
UHM666.41034__k141_114346_3	4	DUF3309	3	75.00	DUF883	1
UHM72.35763__k141_4211_5	3	HxlR	2	66.67	SnoaL_2	2
UHM102.35767__k141_152332_1	3	none	0	0.00		0
UHM145.35771__k141_76289_919	5	none	0	0.00		0
UHM41.35756__k141_104070_2	3	Endonuclease_1	3	100.00	CsrA	2
UHM587.41011__k141_173586_1	4	none	0	0.00		0
UHM598.41016__k141_48924_8	4	F-box	1	25.00		0
UHM18.35742__k141_4451_1	5	Exo_endo_phos	1	20.00		0
UHM41.35756__k141_14429_1	3	DinB	2	66.67	Glyoxalase	1
UHM634.41029__k141_288077_1	3	none	0	0.00		0
UHM628.41026__k141_210847_1	3	none	0	0.00		0
UHM56.35760__k141_119553_1	4	none	0	0.00		0
UHM125.35770__k141_60661_1	3	none	0	0.00		0
UHM666.41034__k141_190435_1	3	none	0	0.00		0
UHM610.41019__k141_22351_36	3	Acetyltransf_1	2	66.67	LytTR	1
UHM558.40992__k141_127201_14	3	AAA_19	3	100.00	Ribosomal_S16	2
UHM649.41032__k141_326465_2	5	YkuD	5	100.00	YgjP-like	4
UHM573.40999__k141_134814_151	3	Plug	3	100.00	Rieske	3
UHM18.10827__k141_53940_4	3	HTH_17	1	33.33		0
UHM617.41023__k141_249980_1	3	none	0	0.00		0
UHM586.41010__k141_79883_32	3	Aldo_ket_red	3	100.00	HTH_1	2
UHM102.35767__k141_18613_3	3	none	0	0.00		0
UHM575.41001__k141_127167_2	7	none	0	0.00		0
UHM41.35756__k141_96682_18	4	DJ-1_PfpI	3	75.00	Phage_integrase	1
UHM45.35759__k141_49197_10	5	MFS_1	2	40.00	FAD_binding_9	2
UHM598.41016__k141_257508_3	3	none	0	0.00		0
UHM22.35745__k141_72735_1	4	Phage_holin_2_4	4	100.00		0
UHM125.35769__k141_254413_1	4	none	0	0.00		0
UHM22.35745__k141_78462_323	4	DNA_methylase	4	100.00	Lum_binding	4
UHM636.41030__k141_336907_2	4	EAL	3	75.00	Inositol_P	3
UHM644.41031__k141_320555_2	4	2Fe-2S_thioredx	4	100.00		0
UHM598.41016__k141_265889_1	3	none	0	0.00		0
UHM610.41019__k141_73510_2	4	AA_permease	4	100.00	Sigma70_r2	1
UHM628.41026__k141_179850_1	3	none	0	0.00		0
UHM102.10840__k141_26887_1	4	adh_short	2	50.00		0
UHM598.41016__k141_264404_2	3	DUF1003	2	66.67	PfkB	2
UHM102.10840__k141_33942_2	4	HGTP_anticodon	3	75.00	DUF4184	2
UHM624.41024__k141_499493_16	5	none	0	0.00		0
UHM633.41028__k141_179095_2	3	none	0	0.00		0
UHM617.41023__k141_34534_23	4	none	0	0.00		0
UHM626.41025__k141_145775_2	5	none	0	0.00		0
UHM572.40998__k141_28111_1	3	MTHFR	1	33.33		0
UHM563.40994__k141_108978_3	4	Aminotran_1_2	2	50.00	Rhodanese	1
UHM610.41019__k141_115485_2	6	Inositol_P	5	83.33	ECH_1	2
UHM617.41023__k141_106864_3	4	RBFA	3	75.00	2-Hacid_dh	3
UHM634.41029__k141_84468_10	3	DUF6882	1	33.33		0
UHM18.35741__k141_96576_31	3	PEP-utilizers	1	33.33	Response_reg	1
UHM22.35746__k141_149765_4	4	CarboxypepD_reg	2	50.00		0
UHM596.41015__k141_33523_1	3	none	0	0.00		0
UHM41.35757__k141_186035_5	4	none	0	0.00		0
